Workbook

Sheet راهنما
A1: قالب ساده جمع‌آوری اطلاعات مدرسه
A2: این فایل فقط برای کلاس‌بندی، ثبت دانش‌آموزان و چهار شاخص اصلی ارزیابی استفاده می‌شود.
A4: ۱ | B4: کلاس‌بندی | C4: کد مدرسه، سال تحصیلی، کد و نام کلاس، پایه و ظرفیت را وارد کنید.
A5: ۲ | B5: دانش‌آموزان | C5: کد محلی، کد ملی، شماره دانش‌آموزی، نام، نام خانوادگی، جنسیت، تاریخ تولد و کد کلاس را وارد کنید.
A6: ۳ | B6: ثبت اطلاعات | C6: برای هر دانش‌آموز و ماه، چهار امتیاز نمرات درسی، انجام تکالیف، مشارکت در کلاس و حضور و غیاب را وارد کنید.
A7: ۴ | B7: مقیاس امتیاز | C7: تمام امتیازها باید عدد صحیح بین ۰ تا ۵ باشند؛ ۰ ضعیف‌ترین و ۵ بهترین وضعیت است.
A8: ۵ | B8: تاریخ تولد | C8: تاریخ تولد را میلادی و با قالب YYYY-MM-DD وارد کنید؛ نمونه: 2012-09-05
A9: ۶ | B9: سلول‌های زرد | C9: فقط سلول‌های زرد برای ورود اطلاعات هستند؛ سلول‌های آبی به‌صورت خودکار محاسبه می‌شوند.
A10: ۷ | B10: اطلاعات ناقص | C10: اگر هر چهار شاخص تکمیل نشده باشد، نتیجه «موقت - اطلاعات ناقص» نمایش داده می‌شود.
A11: ۸ | B11: عدم تغییر ساختار | C11: نام شیت‌ها، عنوان ستون‌ها، ترتیب ستون‌ها و فرمول‌ها را تغییر ندهید.

Sheet کلاس‌بندی
A1: کلاس‌بندی مدرسه
A2: هر کلاس را فقط یک‌بار وارد کنید. ظرفیت ثبت‌شده و تعداد دانش‌آموزان تخصیص‌یافته به‌صورت خودکار مقایسه می‌شوند.
A4: ردیف | B4: کد مدرسه | C4: سال تحصیلی | D4: کد کلاس | E4: نام کلاس | F4: پایه تحصیلی | G4: ظرفیت | H4: تعداد ثبت‌شده | I4: وضعیت
A5: 1 | H5: =IF(D5="","",COUNTIF('دانش‌آموزان'!$I$5:$I$104,D5)) | I5: =IF(D5="","",IF(COUNTIF($D$5:$D$34,D5)>1,"کد تکراری",IF(H5>G5,"بیش از ظرفیت","معتبر")))
A6: 2 | H6: =IF(D6="","",COUNTIF('دانش‌آموزان'!$I$5:$I$104,D6)) | I6: =IF(D6="","",IF(COUNTIF($D$5:$D$34,D6)>1,"کد تکراری",IF(H6>G6,"بیش از ظرفیت","معتبر")))
A7: 3 | H7: =IF(D7="","",COUNTIF('دانش‌آموزان'!$I$5:$I$104,D7)) | I7: =IF(D7="","",IF(COUNTIF($D$5:$D$34,D7)>1,"کد تکراری",IF(H7>G7,"بیش از ظرفیت","معتبر")))
A8: 4 | H8: =IF(D8="","",COUNTIF('دانش‌آموزان'!$I$5:$I$104,D8)) | I8: =IF(D8="","",IF(COUNTIF($D$5:$D$34,D8)>1,"کد تکراری",IF(H8>G8,"بیش از ظرفیت","معتبر")))
A9: 5 | H9: =IF(D9="","",COUNTIF('دانش‌آموزان'!$I$5:$I$104,D9)) | I9: =IF(D9="","",IF(COUNTIF($D$5:$D$34,D9)>1,"کد تکراری",IF(H9>G9,"بیش از ظرفیت","معتبر")))
A10: 6 | H10: =IF(D10="","",COUNTIF('دانش‌آموزان'!$I$5:$I$104,D10)) | I10: =IF(D10="","",IF(COUNTIF($D$5:$D$34,D10)>1,"کد تکراری",IF(H10>G10,"بیش از ظرفیت","معتبر")))
A11: 7 | H11: =IF(D11="","",COUNTIF('دانش‌آموزان'!$I$5:$I$104,D11)) | I11: =IF(D11="","",IF(COUNTIF($D$5:$D$34,D11)>1,"کد تکراری",IF(H11>G11,"بیش از ظرفیت","معتبر")))
A12: 8 | H12: =IF(D12="","",COUNTIF('دانش‌آموزان'!$I$5:$I$104,D12)) | I12: =IF(D12="","",IF(COUNTIF($D$5:$D$34,D12)>1,"کد تکراری",IF(H12>G12,"بیش از ظرفیت","معتبر")))
A13: 9 | H13: =IF(D13="","",COUNTIF('دانش‌آموزان'!$I$5:$I$104,D13)) | I13: =IF(D13="","",IF(COUNTIF($D$5:$D$34,D13)>1,"کد تکراری",IF(H13>G13,"بیش از ظرفیت","معتبر")))
A14: 10 | H14: =IF(D14="","",COUNTIF('دانش‌آموزان'!$I$5:$I$104,D14)) | I14: =IF(D14="","",IF(COUNTIF($D$5:$D$34,D14)>1,"کد تکراری",IF(H14>G14,"بیش از ظرفیت","معتبر")))
A15: 11 | H15: =IF(D15="","",COUNTIF('دانش‌آموزان'!$I$5:$I$104,D15)) | I15: =IF(D15="","",IF(COUNTIF($D$5:$D$34,D15)>1,"کد تکراری",IF(H15>G15,"بیش از ظرفیت","معتبر")))
A16: 12 | H16: =IF(D16="","",COUNTIF('دانش‌آموزان'!$I$5:$I$104,D16)) | I16: =IF(D16="","",IF(COUNTIF($D$5:$D$34,D16)>1,"کد تکراری",IF(H16>G16,"بیش از ظرفیت","معتبر")))
... A34: 30 | H34: =IF(D34="","",COUNTIF('دانش‌آموزان'!$I$5:$I$104,D34)) | I34: =IF(D34="","",IF(COUNTIF($D$5:$D$34,D34)>1,"کد تکراری",IF(H34>G34,"بیش از ظرفیت","معتبر")))

Sheet دانش‌آموزان
A1: فهرست دانش‌آموزان
A2: برای هر دانش‌آموز یک ردیف تکمیل کنید. کد محلی ۱ تا ۱۰۰ از قبل ساخته شده و مبنای گزارش‌های همین فایل است.
A4: ردیف | B4: کد محلی | C4: کد ملی | D4: شماره دانش‌آموزی | E4: نام | F4: نام خانوادگی | G4: جنسیت | H4: تاریخ تولد | I4: کد کلاس | J4: نام کلاس | K4: پایه | L4: وضعیت اطلاعات
A5: 1 | B5: 1 | J5: =IF(I5="","",IFERROR(INDEX('کلاس‌بندی'!$E$5:$E$34,MATCH(I5,'کلاس‌بندی'!$D$5:$D$34,0)),"کد کلاس نامعتبر")) | K5: =IF(I5="","",IFERROR(INDEX('کلاس‌بندی'!$F$5:$F$34,MATCH(I5,'کلاس‌بندی'!$D$5:$D$34,0)),"")) | L5: =IF(COUNTA(C5:I5)=0,"",IF(AND(LEN(C5)=10,D5<>"",E5<>"",F5<>"",G5<>"",H5<>"",I5<>""),"کامل","ناقص"))
A6: 2 | B6: 2 | J6: =IF(I6="","",IFERROR(INDEX('کلاس‌بندی'!$E$5:$E$34,MATCH(I6,'کلاس‌بندی'!$D$5:$D$34,0)),"کد کلاس نامعتبر")) | K6: =IF(I6="","",IFERROR(INDEX('کلاس‌بندی'!$F$5:$F$34,MATCH(I6,'کلاس‌بندی'!$D$5:$D$34,0)),"")) | L6: =IF(COUNTA(C6:I6)=0,"",IF(AND(LEN(C6)=10,D6<>"",E6<>"",F6<>"",G6<>"",H6<>"",I6<>""),"کامل","ناقص"))
A7: 3 | B7: 3 | J7: =IF(I7="","",IFERROR(INDEX('کلاس‌بندی'!$E$5:$E$34,MATCH(I7,'کلاس‌بندی'!$D$5:$D$34,0)),"کد کلاس نامعتبر")) | K7: =IF(I7="","",IFERROR(INDEX('کلاس‌بندی'!$F$5:$F$34,MATCH(I7,'کلاس‌بندی'!$D$5:$D$34,0)),"")) | L7: =IF(COUNTA(C7:I7)=0,"",IF(AND(LEN(C7)=10,D7<>"",E7<>"",F7<>"",G7<>"",H7<>"",I7<>""),"کامل","ناقص"))
A8: 4 | B8: 4 | J8: =IF(I8="","",IFERROR(INDEX('کلاس‌بندی'!$E$5:$E$34,MATCH(I8,'کلاس‌بندی'!$D$5:$D$34,0)),"کد کلاس نامعتبر")) | K8: =IF(I8="","",IFERROR(INDEX('کلاس‌بندی'!$F$5:$F$34,MATCH(I8,'کلاس‌بندی'!$D$5:$D$34,0)),"")) | L8: =IF(COUNTA(C8:I8)=0,"",IF(AND(LEN(C8)=10,D8<>"",E8<>"",F8<>"",G8<>"",H8<>"",I8<>""),"کامل","ناقص"))
A9: 5 | B9: 5 | J9: =IF(I9="","",IFERROR(INDEX('کلاس‌بندی'!$E$5:$E$34,MATCH(I9,'کلاس‌بندی'!$D$5:$D$34,0)),"کد کلاس نامعتبر")) | K9: =IF(I9="","",IFERROR(INDEX('کلاس‌بندی'!$F$5:$F$34,MATCH(I9,'کلاس‌بندی'!$D$5:$D$34,0)),"")) | L9: =IF(COUNTA(C9:I9)=0,"",IF(AND(LEN(C9)=10,D9<>"",E9<>"",F9<>"",G9<>"",H9<>"",I9<>""),"کامل","ناقص"))
A10: 6 | B10: 6 | J10: =IF(I10="","",IFERROR(INDEX('کلاس‌بندی'!$E$5:$E$34,MATCH(I10,'کلاس‌بندی'!$D$5:$D$34,0)),"کد کلاس نامعتبر")) | K10: =IF(I10="","",IFERROR(INDEX('کلاس‌بندی'!$F$5:$F$34,MATCH(I10,'کلاس‌بندی'!$D$5:$D$34,0)),"")) | L10: =IF(COUNTA(C10:I10)=0,"",IF(AND(LEN(C10)=10,D10<>"",E10<>"",F10<>"",G10<>"",H10<>"",I10<>""),"کامل","ناقص"))
A11: 7 | B11: 7 | J11: =IF(I11="","",IFERROR(INDEX('کلاس‌بندی'!$E$5:$E$34,MATCH(I11,'کلاس‌بندی'!$D$5:$D$34,0)),"کد کلاس نامعتبر")) | K11: =IF(I11="","",IFERROR(INDEX('کلاس‌بندی'!$F$5:$F$34,MATCH(I11,'کلاس‌بندی'!$D$5:$D$34,0)),"")) | L11: =IF(COUNTA(C11:I11)=0,"",IF(AND(LEN(C11)=10,D11<>"",E11<>"",F11<>"",G11<>"",H11<>"",I11<>""),"کامل","ناقص"))
A12: 8 | B12: 8 | J12: =IF(I12="","",IFERROR(INDEX('کلاس‌بندی'!$E$5:$E$34,MATCH(I12,'کلاس‌بندی'!$D$5:$D$34,0)),"کد کلاس نامعتبر")) | K12: =IF(I12="","",IFERROR(INDEX('کلاس‌بندی'!$F$5:$F$34,MATCH(I12,'کلاس‌بندی'!$D$5:$D$34,0)),"")) | L12: =IF(COUNTA(C12:I12)=0,"",IF(AND(LEN(C12)=10,D12<>"",E12<>"",F12<>"",G12<>"",H12<>"",I12<>""),"کامل","ناقص"))
A13: 9 | B13: 9 | J13: =IF(I13="","",IFERROR(INDEX('کلاس‌بندی'!$E$5:$E$34,MATCH(I13,'کلاس‌بندی'!$D$5:$D$34,0)),"کد کلاس نامعتبر")) | K13: =IF(I13="","",IFERROR(INDEX('کلاس‌بندی'!$F$5:$F$34,MATCH(I13,'کلاس‌بندی'!$D$5:$D$34,0)),"")) | L13: =IF(COUNTA(C13:I13)=0,"",IF(AND(LEN(C13)=10,D13<>"",E13<>"",F13<>"",G13<>"",H13<>"",I13<>""),"کامل","ناقص"))
A14: 10 | B14: 10 | J14: =IF(I14="","",IFERROR(INDEX('کلاس‌بندی'!$E$5:$E$34,MATCH(I14,'کلاس‌بندی'!$D$5:$D$34,0)),"کد کلاس نامعتبر")) | K14: =IF(I14="","",IFERROR(INDEX('کلاس‌بندی'!$F$5:$F$34,MATCH(I14,'کلاس‌بندی'!$D$5:$D$34,0)),"")) | L14: =IF(COUNTA(C14:I14)=0,"",IF(AND(LEN(C14)=10,D14<>"",E14<>"",F14<>"",G14<>"",H14<>"",I14<>""),"کامل","ناقص"))
A15: 11 | B15: 11 | J15: =IF(I15="","",IFERROR(INDEX('کلاس‌بندی'!$E$5:$E$34,MATCH(I15,'کلاس‌بندی'!$D$5:$D$34,0)),"کد کلاس نامعتبر")) | K15: =IF(I15="","",IFERROR(INDEX('کلاس‌بندی'!$F$5:$F$34,MATCH(I15,'کلاس‌بندی'!$D$5:$D$34,0)),"")) | L15: =IF(COUNTA(C15:I15)=0,"",IF(AND(LEN(C15)=10,D15<>"",E15<>"",F15<>"",G15<>"",H15<>"",I15<>""),"کامل","ناقص"))
A16: 12 | B16: 12 | J16: =IF(I16="","",IFERROR(INDEX('کلاس‌بندی'!$E$5:$E$34,MATCH(I16,'کلاس‌بندی'!$D$5:$D$34,0)),"کد کلاس نامعتبر")) | K16: =IF(I16="","",IFERROR(INDEX('کلاس‌بندی'!$F$5:$F$34,MATCH(I16,'کلاس‌بندی'!$D$5:$D$34,0)),"")) | L16: =IF(COUNTA(C16:I16)=0,"",IF(AND(LEN(C16)=10,D16<>"",E16<>"",F16<>"",G16<>"",H16<>"",I16<>""),"کامل","ناقص"))
... A104: 100 | B104: 100 | J104: =IF(I104="","",IFERROR(INDEX('کلاس‌بندی'!$E$5:$E$34,MATCH(I104,'کلاس‌بندی'!$D$5:$D$34,0)),"کد کلاس نامعتبر")) | K104: =IF(I104="","",IFERROR(INDEX('کلاس‌بندی'!$F$5:$F$34,MATCH(I104,'کلاس‌بندی'!$D$5:$D$34,0)),"")) | L104: =IF(COUNTA(C104:I104)=0,"",IF(AND(LEN(C104)=10,D104<>"",E104<>"",F104<>"",G104<>"",H104<>"",I104<>""),"کامل","ناقص"))

Sheet ثبت اطلاعات
A1: ثبت اطلاعات ماهانه دانش‌آموزان
A2: فقط چهار ستون زرد امتیاز و ستون توضیحات را تکمیل کنید؛ اطلاعات هویتی و نتیجه به‌صورت خودکار ساخته می‌شوند.
G3: ورودی مدرسه | K3: محاسبه خودکار
A4: ردیف | B4: ماه | C4: کد محلی | D4: کد ملی | E4: نام و نام خانوادگی | F4: کد کلاس | G4: نمرات درسی (۰ تا ۵) | H4: انجام تکالیف (۰ تا ۵) | I4: مشارکت در کلاس (۰ تا ۵) | J4: حضور و غیاب (۰ تا ۵) | K4: امتیاز کلی (۰ تا ۲۰) | L4: سطح عملکرد | M4: شماره ماه | N4: درصد تکمیل | O4: توضیحات
A5: 1 | B5: تیر | C5: =IF('دانش‌آموزان'!E5="","",'دانش‌آموزان'!B5) | D5: =IF('دانش‌آموزان'!C5="","",'دانش‌آموزان'!C5) | E5: =IF('دانش‌آموزان'!E5="","",'دانش‌آموزان'!E5&" "&'دانش‌آموزان'!F5) | F5: =IF('دانش‌آموزان'!I5="","",'دانش‌آموزان'!I5) | K5: =IF(COUNT(G5:J5)=0,"",AVERAGE(G5:J5)*4) | L5: =IF(C5="","",IF(COUNT(G5:J5)=0,"",IF(COUNT(G5:J5)<4,"موقت - اطلاعات ناقص",IF(K5>=17,"عالی",IF(K5>=14,"خوب",IF(K5>=10,"متوسط","ضعیف")))))) | M5: 1 | N5: =IF(C5="","",COUNT(G5:J5)/4)
A6: 2 | B6: مرداد | C6: =IF('دانش‌آموزان'!E5="","",'دانش‌آموزان'!B5) | D6: =IF('دانش‌آموزان'!C5="","",'دانش‌آموزان'!C5) | E6: =IF('دانش‌آموزان'!E5="","",'دانش‌آموزان'!E5&" "&'دانش‌آموزان'!F5) | F6: =IF('دانش‌آموزان'!I5="","",'دانش‌آموزان'!I5) | K6: =IF(COUNT(G6:J6)=0,"",AVERAGE(G6:J6)*4) | L6: =IF(C6="","",IF(COUNT(G6:J6)=0,"",IF(COUNT(G6:J6)<4,"موقت - اطلاعات ناقص",IF(K6>=17,"عالی",IF(K6>=14,"خوب",IF(K6>=10,"متوسط","ضعیف")))))) | M6: 2 | N6: =IF(C6="","",COUNT(G6:J6)/4)
A7: 3 | B7: شهریور | C7: =IF('دانش‌آموزان'!E5="","",'دانش‌آموزان'!B5) | D7: =IF('دانش‌آموزان'!C5="","",'دانش‌آموزان'!C5) | E7: =IF('دانش‌آموزان'!E5="","",'دانش‌آموزان'!E5&" "&'دانش‌آموزان'!F5) | F7: =IF('دانش‌آموزان'!I5="","",'دانش‌آموزان'!I5) | K7: =IF(COUNT(G7:J7)=0,"",AVERAGE(G7:J7)*4) | L7: =IF(C7="","",IF(COUNT(G7:J7)=0,"",IF(COUNT(G7:J7)<4,"موقت - اطلاعات ناقص",IF(K7>=17,"عالی",IF(K7>=14,"خوب",IF(K7>=10,"متوسط","ضعیف")))))) | M7: 3 | N7: =IF(C7="","",COUNT(G7:J7)/4)
A8: 4 | B8: مهر | C8: =IF('دانش‌آموزان'!E5="","",'دانش‌آموزان'!B5) | D8: =IF('دانش‌آموزان'!C5="","",'دانش‌آموزان'!C5) | E8: =IF('دانش‌آموزان'!E5="","",'دانش‌آموزان'!E5&" "&'دانش‌آموزان'!F5) | F8: =IF('دانش‌آموزان'!I5="","",'دانش‌آموزان'!I5) | K8: =IF(COUNT(G8:J8)=0,"",AVERAGE(G8:J8)*4) | L8: =IF(C8="","",IF(COUNT(G8:J8)=0,"",IF(COUNT(G8:J8)<4,"موقت - اطلاعات ناقص",IF(K8>=17,"عالی",IF(K8>=14,"خوب",IF(K8>=10,"متوسط","ضعیف")))))) | M8: 4 | N8: =IF(C8="","",COUNT(G8:J8)/4)
A9: 5 | B9: آبان | C9: =IF('دانش‌آموزان'!E5="","",'دانش‌آموزان'!B5) | D9: =IF('دانش‌آموزان'!C5="","",'دانش‌آموزان'!C5) | E9: =IF('دانش‌آموزان'!E5="","",'دانش‌آموزان'!E5&" "&'دانش‌آموزان'!F5) | F9: =IF('دانش‌آموزان'!I5="","",'دانش‌آموزان'!I5) | K9: =IF(COUNT(G9:J9)=0,"",AVERAGE(G9:J9)*4) | L9: =IF(C9="","",IF(COUNT(G9:J9)=0,"",IF(COUNT(G9:J9)<4,"موقت - اطلاعات ناقص",IF(K9>=17,"عالی",IF(K9>=14,"خوب",IF(K9>=10,"متوسط","ضعیف")))))) | M9: 5 | N9: =IF(C9="","",COUNT(G9:J9)/4)
A10: 6 | B10: آذر | C10: =IF('دانش‌آموزان'!E5="","",'دانش‌آموزان'!B5) | D10: =IF('دانش‌آموزان'!C5="","",'دانش‌آموزان'!C5) | E10: =IF('دانش‌آموزان'!E5="","",'دانش‌آموزان'!E5&" "&'دانش‌آموزان'!F5) | F10: =IF('دانش‌آموزان'!I5="","",'دانش‌آموزان'!I5) | K10: =IF(COUNT(G10:J10)=0,"",AVERAGE(G10:J10)*4) | L10: =IF(C10="","",IF(COUNT(G10:J10)=0,"",IF(COUNT(G10:J10)<4,"موقت - اطلاعات ناقص",IF(K10>=17,"عالی",IF(K10>=14,"خوب",IF(K10>=10,"متوسط","ضعیف")))))) | M10: 6 | N10: =IF(C10="","",COUNT(G10:J10)/4)
A11: 7 | B11: دی | C11: =IF('دانش‌آموزان'!E5="","",'دانش‌آموزان'!B5) | D11: =IF('دانش‌آموزان'!C5="","",'دانش‌آموزان'!C5) | E11: =IF('دانش‌آموزان'!E5="","",'دانش‌آموزان'!E5&" "&'دانش‌آموزان'!F5) | F11: =IF('دانش‌آموزان'!I5="","",'دانش‌آموزان'!I5) | K11: =IF(COUNT(G11:J11)=0,"",AVERAGE(G11:J11)*4) | L11: =IF(C11="","",IF(COUNT(G11:J11)=0,"",IF(COUNT(G11:J11)<4,"موقت - اطلاعات ناقص",IF(K11>=17,"عالی",IF(K11>=14,"خوب",IF(K11>=10,"متوسط","ضعیف")))))) | M11: 7 | N11: =IF(C11="","",COUNT(G11:J11)/4)
A12: 8 | B12: بهمن | C12: =IF('دانش‌آموزان'!E5="","",'دانش‌آموزان'!B5) | D12: =IF('دانش‌آموزان'!C5="","",'دانش‌آموزان'!C5) | E12: =IF('دانش‌آموزان'!E5="","",'دانش‌آموزان'!E5&" "&'دانش‌آموزان'!F5) | F12: =IF('دانش‌آموزان'!I5="","",'دانش‌آموزان'!I5) | K12: =IF(COUNT(G12:J12)=0,"",AVERAGE(G12:J12)*4) | L12: =IF(C12="","",IF(COUNT(G12:J12)=0,"",IF(COUNT(G12:J12)<4,"موقت - اطلاعات ناقص",IF(K12>=17,"عالی",IF(K12>=14,"خوب",IF(K12>=10,"متوسط","ضعیف")))))) | M12: 8 | N12: =IF(C12="","",COUNT(G12:J12)/4)
A13: 9 | B13: اسفند | C13: =IF('دانش‌آموزان'!E5="","",'دانش‌آموزان'!B5) | D13: =IF('دانش‌آموزان'!C5="","",'دانش‌آموزان'!C5) | E13: =IF('دانش‌آموزان'!E5="","",'دانش‌آموزان'!E5&" "&'دانش‌آموزان'!F5) | F13: =IF('دانش‌آموزان'!I5="","",'دانش‌آموزان'!I5) | K13: =IF(COUNT(G13:J13)=0,"",AVERAGE(G13:J13)*4) | L13: =IF(C13="","",IF(COUNT(G13:J13)=0,"",IF(COUNT(G13:J13)<4,"موقت - اطلاعات ناقص",IF(K13>=17,"عالی",IF(K13>=14,"خوب",IF(K13>=10,"متوسط","ضعیف")))))) | M13: 9 | N13: =IF(C13="","",COUNT(G13:J13)/4)
A14: 10 | B14: فروردین | C14: =IF('دانش‌آموزان'!E5="","",'دانش‌آموزان'!B5) | D14: =IF('دانش‌آموزان'!C5="","",'دانش‌آموزان'!C5) | E14: =IF('دانش‌آموزان'!E5="","",'دانش‌آموزان'!E5&" "&'دانش‌آموزان'!F5) | F14: =IF('دانش‌آموزان'!I5="","",'دانش‌آموزان'!I5) | K14: =IF(COUNT(G14:J14)=0,"",AVERAGE(G14:J14)*4) | L14: =IF(C14="","",IF(COUNT(G14:J14)=0,"",IF(COUNT(G14:J14)<4,"موقت - اطلاعات ناقص",IF(K14>=17,"عالی",IF(K14>=14,"خوب",IF(K14>=10,"متوسط","ضعیف")))))) | M14: 10 | N14: =IF(C14="","",COUNT(G14:J14)/4)
A15: 11 | B15: اردیبهشت | C15: =IF('دانش‌آموزان'!E5="","",'دانش‌آموزان'!B5) | D15: =IF('دانش‌آموزان'!C5="","",'دانش‌آموزان'!C5) | E15: =IF('دانش‌آموزان'!E5="","",'دانش‌آموزان'!E5&" "&'دانش‌آموزان'!F5) | F15: =IF('دانش‌آموزان'!I5="","",'دانش‌آموزان'!I5) | K15: =IF(COUNT(G15:J15)=0,"",AVERAGE(G15:J15)*4) | L15: =IF(C15="","",IF(COUNT(G15:J15)=0,"",IF(COUNT(G15:J15)<4,"موقت - اطلاعات ناقص",IF(K15>=17,"عالی",IF(K15>=14,"خوب",IF(K15>=10,"متوسط","ضعیف")))))) | M15: 11 | N15: =IF(C15="","",COUNT(G15:J15)/4)
A16: 12 | B16: خرداد | C16: =IF('دانش‌آموزان'!E5="","",'دانش‌آموزان'!B5) | D16: =IF('دانش‌آموزان'!C5="","",'دانش‌آموزان'!C5) | E16: =IF('دانش‌آموزان'!E5="","",'دانش‌آموزان'!E5&" "&'دانش‌آموزان'!F5) | F16: =IF('دانش‌آموزان'!I5="","",'دانش‌آموزان'!I5) | K16: =IF(COUNT(G16:J16)=0,"",AVERAGE(G16:J16)*4) | L16: =IF(C16="","",IF(COUNT(G16:J16)=0,"",IF(COUNT(G16:J16)<4,"موقت - اطلاعات ناقص",IF(K16>=17,"عالی",IF(K16>=14,"خوب",IF(K16>=10,"متوسط","ضعیف")))))) | M16: 12 | N16: =IF(C16="","",COUNT(G16:J16)/4)
A17: 13 | B17: تیر | C17: =IF('دانش‌آموزان'!E6="","",'دانش‌آموزان'!B6) | D17: =IF('دانش‌آموزان'!C6="","",'دانش‌آموزان'!C6) | E17: =IF('دانش‌آموزان'!E6="","",'دانش‌آموزان'!E6&" "&'دانش‌آموزان'!F6) | F17: =IF('دانش‌آموزان'!I6="","",'دانش‌آموزان'!I6) | K17: =IF(COUNT(G17:J17)=0,"",AVERAGE(G17:J17)*4) | L17: =IF(C17="","",IF(COUNT(G17:J17)=0,"",IF(COUNT(G17:J17)<4,"موقت - اطلاعات ناقص",IF(K17>=17,"عالی",IF(K17>=14,"خوب",IF(K17>=10,"متوسط","ضعیف")))))) | M17: 1 | N17: =IF(C17="","",COUNT(G17:J17)/4)
A18: 14 | B18: مرداد | C18: =IF('دانش‌آموزان'!E6="","",'دانش‌آموزان'!B6) | D18: =IF('دانش‌آموزان'!C6="","",'دانش‌آموزان'!C6) | E18: =IF('دانش‌آموزان'!E6="","",'دانش‌آموزان'!E6&" "&'دانش‌آموزان'!F6) | F18: =IF('دانش‌آموزان'!I6="","",'دانش‌آموزان'!I6) | K18: =IF(COUNT(G18:J18)=0,"",AVERAGE(G18:J18)*4) | L18: =IF(C18="","",IF(COUNT(G18:J18)=0,"",IF(COUNT(G18:J18)<4,"موقت - اطلاعات ناقص",IF(K18>=17,"عالی",IF(K18>=14,"خوب",IF(K18>=10,"متوسط","ضعیف")))))) | M18: 2 | N18: =IF(C18="","",COUNT(G18:J18)/4)
A19: 15 | B19: شهریور | C19: =IF('دانش‌آموزان'!E6="","",'دانش‌آموزان'!B6) | D19: =IF('دانش‌آموزان'!C6="","",'دانش‌آموزان'!C6) | E19: =IF('دانش‌آموزان'!E6="","",'دانش‌آموزان'!E6&" "&'دانش‌آموزان'!F6) | F19: =IF('دانش‌آموزان'!I6="","",'دانش‌آموزان'!I6) | K19: =IF(COUNT(G19:J19)=0,"",AVERAGE(G19:J19)*4) | L19: =IF(C19="","",IF(COUNT(G19:J19)=0,"",IF(COUNT(G19:J19)<4,"موقت - اطلاعات ناقص",IF(K19>=17,"عالی",IF(K19>=14,"خوب",IF(K19>=10,"متوسط","ضعیف")))))) | M19: 3 | N19: =IF(C19="","",COUNT(G19:J19)/4)
A20: 16 | B20: مهر | C20: =IF('دانش‌آموزان'!E6="","",'دانش‌آموزان'!B6) | D20: =IF('دانش‌آموزان'!C6="","",'دانش‌آموزان'!C6) | E20: =IF('دانش‌آموزان'!E6="","",'دانش‌آموزان'!E6&" "&'دانش‌آموزان'!F6) | F20: =IF('دانش‌آموزان'!I6="","",'دانش‌آموزان'!I6) | K20: =IF(COUNT(G20:J20)=0,"",AVERAGE(G20:J20)*4) | L20: =IF(C20="","",IF(COUNT(G20:J20)=0,"",IF(COUNT(G20:J20)<4,"موقت - اطلاعات ناقص",IF(K20>=17,"عالی",IF(K20>=14,"خوب",IF(K20>=10,"متوسط","ضعیف")))))) | M20: 4 | N20: =IF(C20="","",COUNT(G20:J20)/4)
A21: 17 | B21: آبان | C21: =IF('دانش‌آموزان'!E6="","",'دانش‌آموزان'!B6) | D21: =IF('دانش‌آموزان'!C6="","",'دانش‌آموزان'!C6) | E21: =IF('دانش‌آموزان'!E6="","",'دانش‌آموزان'!E6&" "&'دانش‌آموزان'!F6) | F21: =IF('دانش‌آموزان'!I6="","",'دانش‌آموزان'!I6) | K21: =IF(COUNT(G21:J21)=0,"",AVERAGE(G21:J21)*4) | L21: =IF(C21="","",IF(COUNT(G21:J21)=0,"",IF(COUNT(G21:J21)<4,"موقت - اطلاعات ناقص",IF(K21>=17,"عالی",IF(K21>=14,"خوب",IF(K21>=10,"متوسط","ضعیف")))))) | M21: 5 | N21: =IF(C21="","",COUNT(G21:J21)/4)
A22: 18 | B22: آذر | C22: =IF('دانش‌آموزان'!E6="","",'دانش‌آموزان'!B6) | D22: =IF('دانش‌آموزان'!C6="","",'دانش‌آموزان'!C6) | E22: =IF('دانش‌آموزان'!E6="","",'دانش‌آموزان'!E6&" "&'دانش‌آموزان'!F6) | F22: =IF('دانش‌آموزان'!I6="","",'دانش‌آموزان'!I6) | K22: =IF(COUNT(G22:J22)=0,"",AVERAGE(G22:J22)*4) | L22: =IF(C22="","",IF(COUNT(G22:J22)=0,"",IF(COUNT(G22:J22)<4,"موقت - اطلاعات ناقص",IF(K22>=17,"عالی",IF(K22>=14,"خوب",IF(K22>=10,"متوسط","ضعیف")))))) | M22: 6 | N22: =IF(C22="","",COUNT(G22:J22)/4)
A23: 19 | B23: دی | C23: =IF('دانش‌آموزان'!E6="","",'دانش‌آموزان'!B6) | D23: =IF('دانش‌آموزان'!C6="","",'دانش‌آموزان'!C6) | E23: =IF('دانش‌آموزان'!E6="","",'دانش‌آموزان'!E6&" "&'دانش‌آموزان'!F6) | F23: =IF('دانش‌آموزان'!I6="","",'دانش‌آموزان'!I6) | K23: =IF(COUNT(G23:J23)=0,"",AVERAGE(G23:J23)*4) | L23: =IF(C23="","",IF(COUNT(G23:J23)=0,"",IF(COUNT(G23:J23)<4,"موقت - اطلاعات ناقص",IF(K23>=17,"عالی",IF(K23>=14,"خوب",IF(K23>=10,"متوسط","ضعیف")))))) | M23: 7 | N23: =IF(C23="","",COUNT(G23:J23)/4)
A24: 20 | B24: بهمن | C24: =IF('دانش‌آموزان'!E6="","",'دانش‌آموزان'!B6) | D24: =IF('دانش‌آموزان'!C6="","",'دانش‌آموزان'!C6) | E24: =IF('دانش‌آموزان'!E6="","",'دانش‌آموزان'!E6&" "&'دانش‌آموزان'!F6) | F24: =IF('دانش‌آموزان'!I6="","",'دانش‌آموزان'!I6) | K24: =IF(COUNT(G24:J24)=0,"",AVERAGE(G24:J24)*4) | L24: =IF(C24="","",IF(COUNT(G24:J24)=0,"",IF(COUNT(G24:J24)<4,"موقت - اطلاعات ناقص",IF(K24>=17,"عالی",IF(K24>=14,"خوب",IF(K24>=10,"متوسط","ضعیف")))))) | M24: 8 | N24: =IF(C24="","",COUNT(G24:J24)/4)
A25: 21 | B25: اسفند | C25: =IF('دانش‌آموزان'!E6="","",'دانش‌آموزان'!B6) | D25: =IF('دانش‌آموزان'!C6="","",'دانش‌آموزان'!C6) | E25: =IF('دانش‌آموزان'!E6="","",'دانش‌آموزان'!E6&" "&'دانش‌آموزان'!F6) | F25: =IF('دانش‌آموزان'!I6="","",'دانش‌آموزان'!I6) | K25: =IF(COUNT(G25:J25)=0,"",AVERAGE(G25:J25)*4) | L25: =IF(C25="","",IF(COUNT(G25:J25)=0,"",IF(COUNT(G25:J25)<4,"موقت - اطلاعات ناقص",IF(K25>=17,"عالی",IF(K25>=14,"خوب",IF(K25>=10,"متوسط","ضعیف")))))) | M25: 9 | N25: =IF(C25="","",COUNT(G25:J25)/4)
A26: 22 | B26: فروردین | C26: =IF('دانش‌آموزان'!E6="","",'دانش‌آموزان'!B6) | D26: =IF('دانش‌آموزان'!C6="","",'دانش‌آموزان'!C6) | E26: =IF('دانش‌آموزان'!E6="","",'دانش‌آموزان'!E6&" "&'دانش‌آموزان'!F6) | F26: =IF('دانش‌آموزان'!I6="","",'دانش‌آموزان'!I6) | K26: =IF(COUNT(G26:J26)=0,"",AVERAGE(G26:J26)*4) | L26: =IF(C26="","",IF(COUNT(G26:J26)=0,"",IF(COUNT(G26:J26)<4,"موقت - اطلاعات ناقص",IF(K26>=17,"عالی",IF(K26>=14,"خوب",IF(K26>=10,"متوسط","ضعیف")))))) | M26: 10 | N26: =IF(C26="","",COUNT(G26:J26)/4)
A27: 23 | B27: اردیبهشت | C27: =IF('دانش‌آموزان'!E6="","",'دانش‌آموزان'!B6) | D27: =IF('دانش‌آموزان'!C6="","",'دانش‌آموزان'!C6) | E27: =IF('دانش‌آموزان'!E6="","",'دانش‌آموزان'!E6&" "&'دانش‌آموزان'!F6) | F27: =IF('دانش‌آموزان'!I6="","",'دانش‌آموزان'!I6) | K27: =IF(COUNT(G27:J27)=0,"",AVERAGE(G27:J27)*4) | L27: =IF(C27="","",IF(COUNT(G27:J27)=0,"",IF(COUNT(G27:J27)<4,"موقت - اطلاعات ناقص",IF(K27>=17,"عالی",IF(K27>=14,"خوب",IF(K27>=10,"متوسط","ضعیف")))))) | M27: 11 | N27: =IF(C27="","",COUNT(G27:J27)/4)
A28: 24 | B28: خرداد | C28: =IF('دانش‌آموزان'!E6="","",'دانش‌آموزان'!B6) | D28: =IF('دانش‌آموزان'!C6="","",'دانش‌آموزان'!C6) | E28: =IF('دانش‌آموزان'!E6="","",'دانش‌آموزان'!E6&" "&'دانش‌آموزان'!F6) | F28: =IF('دانش‌آموزان'!I6="","",'دانش‌آموزان'!I6) | K28: =IF(COUNT(G28:J28)=0,"",AVERAGE(G28:J28)*4) | L28: =IF(C28="","",IF(COUNT(G28:J28)=0,"",IF(COUNT(G28:J28)<4,"موقت - اطلاعات ناقص",IF(K28>=17,"عالی",IF(K28>=14,"خوب",IF(K28>=10,"متوسط","ضعیف")))))) | M28: 12 | N28: =IF(C28="","",COUNT(G28:J28)/4)
A29: 25 | B29: تیر | C29: =IF('دانش‌آموزان'!E7="","",'دانش‌آموزان'!B7) | D29: =IF('دانش‌آموزان'!C7="","",'دانش‌آموزان'!C7) | E29: =IF('دانش‌آموزان'!E7="","",'دانش‌آموزان'!E7&" "&'دانش‌آموزان'!F7) | F29: =IF('دانش‌آموزان'!I7="","",'دانش‌آموزان'!I7) | K29: =IF(COUNT(G29:J29)=0,"",AVERAGE(G29:J29)*4) | L29: =IF(C29="","",IF(COUNT(G29:J29)=0,"",IF(COUNT(G29:J29)<4,"موقت - اطلاعات ناقص",IF(K29>=17,"عالی",IF(K29>=14,"خوب",IF(K29>=10,"متوسط","ضعیف")))))) | M29: 1 | N29: =IF(C29="","",COUNT(G29:J29)/4)
A30: 26 | B30: مرداد | C30: =IF('دانش‌آموزان'!E7="","",'دانش‌آموزان'!B7) | D30: =IF('دانش‌آموزان'!C7="","",'دانش‌آموزان'!C7) | E30: =IF('دانش‌آموزان'!E7="","",'دانش‌آموزان'!E7&" "&'دانش‌آموزان'!F7) | F30: =IF('دانش‌آموزان'!I7="","",'دانش‌آموزان'!I7) | K30: =IF(COUNT(G30:J30)=0,"",AVERAGE(G30:J30)*4) | L30: =IF(C30="","",IF(COUNT(G30:J30)=0,"",IF(COUNT(G30:J30)<4,"موقت - اطلاعات ناقص",IF(K30>=17,"عالی",IF(K30>=14,"خوب",IF(K30>=10,"متوسط","ضعیف")))))) | M30: 2 | N30: =IF(C30="","",COUNT(G30:J30)/4)
A31: 27 | B31: شهریور | C31: =IF('دانش‌آموزان'!E7="","",'دانش‌آموزان'!B7) | D31: =IF('دانش‌آموزان'!C7="","",'دانش‌آموزان'!C7) | E31: =IF('دانش‌آموزان'!E7="","",'دانش‌آموزان'!E7&" "&'دانش‌آموزان'!F7) | F31: =IF('دانش‌آموزان'!I7="","",'دانش‌آموزان'!I7) | K31: =IF(COUNT(G31:J31)=0,"",AVERAGE(G31:J31)*4) | L31: =IF(C31="","",IF(COUNT(G31:J31)=0,"",IF(COUNT(G31:J31)<4,"موقت - اطلاعات ناقص",IF(K31>=17,"عالی",IF(K31>=14,"خوب",IF(K31>=10,"متوسط","ضعیف")))))) | M31: 3 | N31: =IF(C31="","",COUNT(G31:J31)/4)
A32: 28 | B32: مهر | C32: =IF('دانش‌آموزان'!E7="","",'دانش‌آموزان'!B7) | D32: =IF('دانش‌آموزان'!C7="","",'دانش‌آموزان'!C7) | E32: =IF('دانش‌آموزان'!E7="","",'دانش‌آموزان'!E7&" "&'دانش‌آموزان'!F7) | F32: =IF('دانش‌آموزان'!I7="","",'دانش‌آموزان'!I7) | K32: =IF(COUNT(G32:J32)=0,"",AVERAGE(G32:J32)*4) | L32: =IF(C32="","",IF(COUNT(G32:J32)=0,"",IF(COUNT(G32:J32)<4,"موقت - اطلاعات ناقص",IF(K32>=17,"عالی",IF(K32>=14,"خوب",IF(K32>=10,"متوسط","ضعیف")))))) | M32: 4 | N32: =IF(C32="","",COUNT(G32:J32)/4)
A33: 29 | B33: آبان | C33: =IF('دانش‌آموزان'!E7="","",'دانش‌آموزان'!B7) | D33: =IF('دانش‌آموزان'!C7="","",'دانش‌آموزان'!C7) | E33: =IF('دانش‌آموزان'!E7="","",'دانش‌آموزان'!E7&" "&'دانش‌آموزان'!F7) | F33: =IF('دانش‌آموزان'!I7="","",'دانش‌آموزان'!I7) | K33: =IF(COUNT(G33:J33)=0,"",AVERAGE(G33:J33)*4) | L33: =IF(C33="","",IF(COUNT(G33:J33)=0,"",IF(COUNT(G33:J33)<4,"موقت - اطلاعات ناقص",IF(K33>=17,"عالی",IF(K33>=14,"خوب",IF(K33>=10,"متوسط","ضعیف")))))) | M33: 5 | N33: =IF(C33="","",COUNT(G33:J33)/4)
A34: 30 | B34: آذر | C34: =IF('دانش‌آموزان'!E7="","",'دانش‌آموزان'!B7) | D34: =IF('دانش‌آموزان'!C7="","",'دانش‌آموزان'!C7) | E34: =IF('دانش‌آموزان'!E7="","",'دانش‌آموزان'!E7&" "&'دانش‌آموزان'!F7) | F34: =IF('دانش‌آموزان'!I7="","",'دانش‌آموزان'!I7) | K34: =IF(COUNT(G34:J34)=0,"",AVERAGE(G34:J34)*4) | L34: =IF(C34="","",IF(COUNT(G34:J34)=0,"",IF(COUNT(G34:J34)<4,"موقت - اطلاعات ناقص",IF(K34>=17,"عالی",IF(K34>=14,"خوب",IF(K34>=10,"متوسط","ضعیف")))))) | M34: 6 | N34: =IF(C34="","",COUNT(G34:J34)/4)
A35: 31 | B35: دی | C35: =IF('دانش‌آموزان'!E7="","",'دانش‌آموزان'!B7) | D35: =IF('دانش‌آموزان'!C7="","",'دانش‌آموزان'!C7) | E35: =IF('دانش‌آموزان'!E7="","",'دانش‌آموزان'!E7&" "&'دانش‌آموزان'!F7) | F35: =IF('دانش‌آموزان'!I7="","",'دانش‌آموزان'!I7) | K35: =IF(COUNT(G35:J35)=0,"",AVERAGE(G35:J35)*4) | L35: =IF(C35="","",IF(COUNT(G35:J35)=0,"",IF(COUNT(G35:J35)<4,"موقت - اطلاعات ناقص",IF(K35>=17,"عالی",IF(K35>=14,"خوب",IF(K35>=10,"متوسط","ضعیف")))))) | M35: 7 | N35: =IF(C35="","",COUNT(G35:J35)/4)
A36: 32 | B36: بهمن | C36: =IF('دانش‌آموزان'!E7="","",'دانش‌آموزان'!B7) | D36: =IF('دانش‌آموزان'!C7="","",'دانش‌آموزان'!C7) | E36: =IF('دانش‌آموزان'!E7="","",'دانش‌آموزان'!E7&" "&'دانش‌آموزان'!F7) | F36: =IF('دانش‌آموزان'!I7="","",'دانش‌آموزان'!I7) | K36: =IF(COUNT(G36:J36)=0,"",AVERAGE(G36:J36)*4) | L36: =IF(C36="","",IF(COUNT(G36:J36)=0,"",IF(COUNT(G36:J36)<4,"موقت - اطلاعات ناقص",IF(K36>=17,"عالی",IF(K36>=14,"خوب",IF(K36>=10,"متوسط","ضعیف")))))) | M36: 8 | N36: =IF(C36="","",COUNT(G36:J36)/4)
A37: 33 | B37: اسفند | C37: =IF('دانش‌آموزان'!E7="","",'دانش‌آموزان'!B7) | D37: =IF('دانش‌آموزان'!C7="","",'دانش‌آموزان'!C7) | E37: =IF('دانش‌آموزان'!E7="","",'دانش‌آموزان'!E7&" "&'دانش‌آموزان'!F7) | F37: =IF('دانش‌آموزان'!I7="","",'دانش‌آموزان'!I7) | K37: =IF(COUNT(G37:J37)=0,"",AVERAGE(G37:J37)*4) | L37: =IF(C37="","",IF(COUNT(G37:J37)=0,"",IF(COUNT(G37:J37)<4,"موقت - اطلاعات ناقص",IF(K37>=17,"عالی",IF(K37>=14,"خوب",IF(K37>=10,"متوسط","ضعیف")))))) | M37: 9 | N37: =IF(C37="","",COUNT(G37:J37)/4)
A38: 34 | B38: فروردین | C38: =IF('دانش‌آموزان'!E7="","",'دانش‌آموزان'!B7) | D38: =IF('دانش‌آموزان'!C7="","",'دانش‌آموزان'!C7) | E38: =IF('دانش‌آموزان'!E7="","",'دانش‌آموزان'!E7&" "&'دانش‌آموزان'!F7) | F38: =IF('دانش‌آموزان'!I7="","",'دانش‌آموزان'!I7) | K38: =IF(COUNT(G38:J38)=0,"",AVERAGE(G38:J38)*4) | L38: =IF(C38="","",IF(COUNT(G38:J38)=0,"",IF(COUNT(G38:J38)<4,"موقت - اطلاعات ناقص",IF(K38>=17,"عالی",IF(K38>=14,"خوب",IF(K38>=10,"متوسط","ضعیف")))))) | M38: 10 | N38: =IF(C38="","",COUNT(G38:J38)/4)
A39: 35 | B39: اردیبهشت | C39: =IF('دانش‌آموزان'!E7="","",'دانش‌آموزان'!B7) | D39: =IF('دانش‌آموزان'!C7="","",'دانش‌آموزان'!C7) | E39: =IF('دانش‌آموزان'!E7="","",'دانش‌آموزان'!E7&" "&'دانش‌آموزان'!F7) | F39: =IF('دانش‌آموزان'!I7="","",'دانش‌آموزان'!I7) | K39: =IF(COUNT(G39:J39)=0,"",AVERAGE(G39:J39)*4) | L39: =IF(C39="","",IF(COUNT(G39:J39)=0,"",IF(COUNT(G39:J39)<4,"موقت - اطلاعات ناقص",IF(K39>=17,"عالی",IF(K39>=14,"خوب",IF(K39>=10,"متوسط","ضعیف")))))) | M39: 11 | N39: =IF(C39="","",COUNT(G39:J39)/4)
A40: 36 | B40: خرداد | C40: =IF('دانش‌آموزان'!E7="","",'دانش‌آموزان'!B7) | D40: =IF('دانش‌آموزان'!C7="","",'دانش‌آموزان'!C7) | E40: =IF('دانش‌آموزان'!E7="","",'دانش‌آموزان'!E7&" "&'دانش‌آموزان'!F7) | F40: =IF('دانش‌آموزان'!I7="","",'دانش‌آموزان'!I7) | K40: =IF(COUNT(G40:J40)=0,"",AVERAGE(G40:J40)*4) | L40: =IF(C40="","",IF(COUNT(G40:J40)=0,"",IF(COUNT(G40:J40)<4,"موقت - اطلاعات ناقص",IF(K40>=17,"عالی",IF(K40>=14,"خوب",IF(K40>=10,"متوسط","ضعیف")))))) | M40: 12 | N40: =IF(C40="","",COUNT(G40:J40)/4)
A41: 37 | B41: تیر | C41: =IF('دانش‌آموزان'!E8="","",'دانش‌آموزان'!B8) | D41: =IF('دانش‌آموزان'!C8="","",'دانش‌آموزان'!C8) | E41: =IF('دانش‌آموزان'!E8="","",'دانش‌آموزان'!E8&" "&'دانش‌آموزان'!F8) | F41: =IF('دانش‌آموزان'!I8="","",'دانش‌آموزان'!I8) | K41: =IF(COUNT(G41:J41)=0,"",AVERAGE(G41:J41)*4) | L41: =IF(C41="","",IF(COUNT(G41:J41)=0,"",IF(COUNT(G41:J41)<4,"موقت - اطلاعات ناقص",IF(K41>=17,"عالی",IF(K41>=14,"خوب",IF(K41>=10,"متوسط","ضعیف")))))) | M41: 1 | N41: =IF(C41="","",COUNT(G41:J41)/4)
A42: 38 | B42: مرداد | C42: =IF('دانش‌آموزان'!E8="","",'دانش‌آموزان'!B8) | D42: =IF('دانش‌آموزان'!C8="","",'دانش‌آموزان'!C8) | E42: =IF('دانش‌آموزان'!E8="","",'دانش‌آموزان'!E8&" "&'دانش‌آموزان'!F8) | F42: =IF('دانش‌آموزان'!I8="","",'دانش‌آموزان'!I8) | K42: =IF(COUNT(G42:J42)=0,"",AVERAGE(G42:J42)*4) | L42: =IF(C42="","",IF(COUNT(G42:J42)=0,"",IF(COUNT(G42:J42)<4,"موقت - اطلاعات ناقص",IF(K42>=17,"عالی",IF(K42>=14,"خوب",IF(K42>=10,"متوسط","ضعیف")))))) | M42: 2 | N42: =IF(C42="","",COUNT(G42:J42)/4)
A43: 39 | B43: شهریور | C43: =IF('دانش‌آموزان'!E8="","",'دانش‌آموزان'!B8) | D43: =IF('دانش‌آموزان'!C8="","",'دانش‌آموزان'!C8) | E43: =IF('دانش‌آموزان'!E8="","",'دانش‌آموزان'!E8&" "&'دانش‌آموزان'!F8) | F43: =IF('دانش‌آموزان'!I8="","",'دانش‌آموزان'!I8) | K43: =IF(COUNT(G43:J43)=0,"",AVERAGE(G43:J43)*4) | L43: =IF(C43="","",IF(COUNT(G43:J43)=0,"",IF(COUNT(G43:J43)<4,"موقت - اطلاعات ناقص",IF(K43>=17,"عالی",IF(K43>=14,"خوب",IF(K43>=10,"متوسط","ضعیف")))))) | M43: 3 | N43: =IF(C43="","",COUNT(G43:J43)/4)
A44: 40 | B44: مهر | C44: =IF('دانش‌آموزان'!E8="","",'دانش‌آموزان'!B8) | D44: =IF('دانش‌آموزان'!C8="","",'دانش‌آموزان'!C8) | E44: =IF('دانش‌آموزان'!E8="","",'دانش‌آموزان'!E8&" "&'دانش‌آموزان'!F8) | F44: =IF('دانش‌آموزان'!I8="","",'دانش‌آموزان'!I8) | K44: =IF(COUNT(G44:J44)=0,"",AVERAGE(G44:J44)*4) | L44: =IF(C44="","",IF(COUNT(G44:J44)=0,"",IF(COUNT(G44:J44)<4,"موقت - اطلاعات ناقص",IF(K44>=17,"عالی",IF(K44>=14,"خوب",IF(K44>=10,"متوسط","ضعیف")))))) | M44: 4 | N44: =IF(C44="","",COUNT(G44:J44)/4)
A45: 41 | B45: آبان | C45: =IF('دانش‌آموزان'!E8="","",'دانش‌آموزان'!B8) | D45: =IF('دانش‌آموزان'!C8="","",'دانش‌آموزان'!C8) | E45: =IF('دانش‌آموزان'!E8="","",'دانش‌آموزان'!E8&" "&'دانش‌آموزان'!F8) | F45: =IF('دانش‌آموزان'!I8="","",'دانش‌آموزان'!I8) | K45: =IF(COUNT(G45:J45)=0,"",AVERAGE(G45:J45)*4) | L45: =IF(C45="","",IF(COUNT(G45:J45)=0,"",IF(COUNT(G45:J45)<4,"موقت - اطلاعات ناقص",IF(K45>=17,"عالی",IF(K45>=14,"خوب",IF(K45>=10,"متوسط","ضعیف")))))) | M45: 5 | N45: =IF(C45="","",COUNT(G45:J45)/4)
A46: 42 | B46: آذر | C46: =IF('دانش‌آموزان'!E8="","",'دانش‌آموزان'!B8) | D46: =IF('دانش‌آموزان'!C8="","",'دانش‌آموزان'!C8) | E46: =IF('دانش‌آموزان'!E8="","",'دانش‌آموزان'!E8&" "&'دانش‌آموزان'!F8) | F46: =IF('دانش‌آموزان'!I8="","",'دانش‌آموزان'!I8) | K46: =IF(COUNT(G46:J46)=0,"",AVERAGE(G46:J46)*4) | L46: =IF(C46="","",IF(COUNT(G46:J46)=0,"",IF(COUNT(G46:J46)<4,"موقت - اطلاعات ناقص",IF(K46>=17,"عالی",IF(K46>=14,"خوب",IF(K46>=10,"متوسط","ضعیف")))))) | M46: 6 | N46: =IF(C46="","",COUNT(G46:J46)/4)
A47: 43 | B47: دی | C47: =IF('دانش‌آموزان'!E8="","",'دانش‌آموزان'!B8) | D47: =IF('دانش‌آموزان'!C8="","",'دانش‌آموزان'!C8) | E47: =IF('دانش‌آموزان'!E8="","",'دانش‌آموزان'!E8&" "&'دانش‌آموزان'!F8) | F47: =IF('دانش‌آموزان'!I8="","",'دانش‌آموزان'!I8) | K47: =IF(COUNT(G47:J47)=0,"",AVERAGE(G47:J47)*4) | L47: =IF(C47="","",IF(COUNT(G47:J47)=0,"",IF(COUNT(G47:J47)<4,"موقت - اطلاعات ناقص",IF(K47>=17,"عالی",IF(K47>=14,"خوب",IF(K47>=10,"متوسط","ضعیف")))))) | M47: 7 | N47: =IF(C47="","",COUNT(G47:J47)/4)
A48: 44 | B48: بهمن | C48: =IF('دانش‌آموزان'!E8="","",'دانش‌آموزان'!B8) | D48: =IF('دانش‌آموزان'!C8="","",'دانش‌آموزان'!C8) | E48: =IF('دانش‌آموزان'!E8="","",'دانش‌آموزان'!E8&" "&'دانش‌آموزان'!F8) | F48: =IF('دانش‌آموزان'!I8="","",'دانش‌آموزان'!I8) | K48: =IF(COUNT(G48:J48)=0,"",AVERAGE(G48:J48)*4) | L48: =IF(C48="","",IF(COUNT(G48:J48)=0,"",IF(COUNT(G48:J48)<4,"موقت - اطلاعات ناقص",IF(K48>=17,"عالی",IF(K48>=14,"خوب",IF(K48>=10,"متوسط","ضعیف")))))) | M48: 8 | N48: =IF(C48="","",COUNT(G48:J48)/4)
A49: 45 | B49: اسفند | C49: =IF('دانش‌آموزان'!E8="","",'دانش‌آموزان'!B8) | D49: =IF('دانش‌آموزان'!C8="","",'دانش‌آموزان'!C8) | E49: =IF('دانش‌آموزان'!E8="","",'دانش‌آموزان'!E8&" "&'دانش‌آموزان'!F8) | F49: =IF('دانش‌آموزان'!I8="","",'دانش‌آموزان'!I8) | K49: =IF(COUNT(G49:J49)=0,"",AVERAGE(G49:J49)*4) | L49: =IF(C49="","",IF(COUNT(G49:J49)=0,"",IF(COUNT(G49:J49)<4,"موقت - اطلاعات ناقص",IF(K49>=17,"عالی",IF(K49>=14,"خوب",IF(K49>=10,"متوسط","ضعیف")))))) | M49: 9 | N49: =IF(C49="","",COUNT(G49:J49)/4)
A50: 46 | B50: فروردین | C50: =IF('دانش‌آموزان'!E8="","",'دانش‌آموزان'!B8) | D50: =IF('دانش‌آموزان'!C8="","",'دانش‌آموزان'!C8) | E50: =IF('دانش‌آموزان'!E8="","",'دانش‌آموزان'!E8&" "&'دانش‌آموزان'!F8) | F50: =IF('دانش‌آموزان'!I8="","",'دانش‌آموزان'!I8) | K50: =IF(COUNT(G50:J50)=0,"",AVERAGE(G50:J50)*4) | L50: =IF(C50="","",IF(COUNT(G50:J50)=0,"",IF(COUNT(G50:J50)<4,"موقت - اطلاعات ناقص",IF(K50>=17,"عالی",IF(K50>=14,"خوب",IF(K50>=10,"متوسط","ضعیف")))))) | M50: 10 | N50: =IF(C50="","",COUNT(G50:J50)/4)
A51: 47 | B51: اردیبهشت | C51: =IF('دانش‌آموزان'!E8="","",'دانش‌آموزان'!B8) | D51: =IF('دانش‌آموزان'!C8="","",'دانش‌آموزان'!C8) | E51: =IF('دانش‌آموزان'!E8="","",'دانش‌آموزان'!E8&" "&'دانش‌آموزان'!F8) | F51: =IF('دانش‌آموزان'!I8="","",'دانش‌آموزان'!I8) | K51: =IF(COUNT(G51:J51)=0,"",AVERAGE(G51:J51)*4) | L51: =IF(C51="","",IF(COUNT(G51:J51)=0,"",IF(COUNT(G51:J51)<4,"موقت - اطلاعات ناقص",IF(K51>=17,"عالی",IF(K51>=14,"خوب",IF(K51>=10,"متوسط","ضعیف")))))) | M51: 11 | N51: =IF(C51="","",COUNT(G51:J51)/4)
A52: 48 | B52: خرداد | C52: =IF('دانش‌آموزان'!E8="","",'دانش‌آموزان'!B8) | D52: =IF('دانش‌آموزان'!C8="","",'دانش‌آموزان'!C8) | E52: =IF('دانش‌آموزان'!E8="","",'دانش‌آموزان'!E8&" "&'دانش‌آموزان'!F8) | F52: =IF('دانش‌آموزان'!I8="","",'دانش‌آموزان'!I8) | K52: =IF(COUNT(G52:J52)=0,"",AVERAGE(G52:J52)*4) | L52: =IF(C52="","",IF(COUNT(G52:J52)=0,"",IF(COUNT(G52:J52)<4,"موقت - اطلاعات ناقص",IF(K52>=17,"عالی",IF(K52>=14,"خوب",IF(K52>=10,"متوسط","ضعیف")))))) | M52: 12 | N52: =IF(C52="","",COUNT(G52:J52)/4)
A53: 49 | B53: تیر | C53: =IF('دانش‌آموزان'!E9="","",'دانش‌آموزان'!B9) | D53: =IF('دانش‌آموزان'!C9="","",'دانش‌آموزان'!C9) | E53: =IF('دانش‌آموزان'!E9="","",'دانش‌آموزان'!E9&" "&'دانش‌آموزان'!F9) | F53: =IF('دانش‌آموزان'!I9="","",'دانش‌آموزان'!I9) | K53: =IF(COUNT(G53:J53)=0,"",AVERAGE(G53:J53)*4) | L53: =IF(C53="","",IF(COUNT(G53:J53)=0,"",IF(COUNT(G53:J53)<4,"موقت - اطلاعات ناقص",IF(K53>=17,"عالی",IF(K53>=14,"خوب",IF(K53>=10,"متوسط","ضعیف")))))) | M53: 1 | N53: =IF(C53="","",COUNT(G53:J53)/4)
A54: 50 | B54: مرداد | C54: =IF('دانش‌آموزان'!E9="","",'دانش‌آموزان'!B9) | D54: =IF('دانش‌آموزان'!C9="","",'دانش‌آموزان'!C9) | E54: =IF('دانش‌آموزان'!E9="","",'دانش‌آموزان'!E9&" "&'دانش‌آموزان'!F9) | F54: =IF('دانش‌آموزان'!I9="","",'دانش‌آموزان'!I9) | K54: =IF(COUNT(G54:J54)=0,"",AVERAGE(G54:J54)*4) | L54: =IF(C54="","",IF(COUNT(G54:J54)=0,"",IF(COUNT(G54:J54)<4,"موقت - اطلاعات ناقص",IF(K54>=17,"عالی",IF(K54>=14,"خوب",IF(K54>=10,"متوسط","ضعیف")))))) | M54: 2 | N54: =IF(C54="","",COUNT(G54:J54)/4)
A55: 51 | B55: شهریور | C55: =IF('دانش‌آموزان'!E9="","",'دانش‌آموزان'!B9) | D55: =IF('دانش‌آموزان'!C9="","",'دانش‌آموزان'!C9) | E55: =IF('دانش‌آموزان'!E9="","",'دانش‌آموزان'!E9&" "&'دانش‌آموزان'!F9) | F55: =IF('دانش‌آموزان'!I9="","",'دانش‌آموزان'!I9) | K55: =IF(COUNT(G55:J55)=0,"",AVERAGE(G55:J55)*4) | L55: =IF(C55="","",IF(COUNT(G55:J55)=0,"",IF(COUNT(G55:J55)<4,"موقت - اطلاعات ناقص",IF(K55>=17,"عالی",IF(K55>=14,"خوب",IF(K55>=10,"متوسط","ضعیف")))))) | M55: 3 | N55: =IF(C55="","",COUNT(G55:J55)/4)
A56: 52 | B56: مهر | C56: =IF('دانش‌آموزان'!E9="","",'دانش‌آموزان'!B9) | D56: =IF('دانش‌آموزان'!C9="","",'دانش‌آموزان'!C9) | E56: =IF('دانش‌آموزان'!E9="","",'دانش‌آموزان'!E9&" "&'دانش‌آموزان'!F9) | F56: =IF('دانش‌آموزان'!I9="","",'دانش‌آموزان'!I9) | K56: =IF(COUNT(G56:J56)=0,"",AVERAGE(G56:J56)*4) | L56: =IF(C56="","",IF(COUNT(G56:J56)=0,"",IF(COUNT(G56:J56)<4,"موقت - اطلاعات ناقص",IF(K56>=17,"عالی",IF(K56>=14,"خوب",IF(K56>=10,"متوسط","ضعیف")))))) | M56: 4 | N56: =IF(C56="","",COUNT(G56:J56)/4)
A57: 53 | B57: آبان | C57: =IF('دانش‌آموزان'!E9="","",'دانش‌آموزان'!B9) | D57: =IF('دانش‌آموزان'!C9="","",'دانش‌آموزان'!C9) | E57: =IF('دانش‌آموزان'!E9="","",'دانش‌آموزان'!E9&" "&'دانش‌آموزان'!F9) | F57: =IF('دانش‌آموزان'!I9="","",'دانش‌آموزان'!I9) | K57: =IF(COUNT(G57:J57)=0,"",AVERAGE(G57:J57)*4) | L57: =IF(C57="","",IF(COUNT(G57:J57)=0,"",IF(COUNT(G57:J57)<4,"موقت - اطلاعات ناقص",IF(K57>=17,"عالی",IF(K57>=14,"خوب",IF(K57>=10,"متوسط","ضعیف")))))) | M57: 5 | N57: =IF(C57="","",COUNT(G57:J57)/4)
A58: 54 | B58: آذر | C58: =IF('دانش‌آموزان'!E9="","",'دانش‌آموزان'!B9) | D58: =IF('دانش‌آموزان'!C9="","",'دانش‌آموزان'!C9) | E58: =IF('دانش‌آموزان'!E9="","",'دانش‌آموزان'!E9&" "&'دانش‌آموزان'!F9) | F58: =IF('دانش‌آموزان'!I9="","",'دانش‌آموزان'!I9) | K58: =IF(COUNT(G58:J58)=0,"",AVERAGE(G58:J58)*4) | L58: =IF(C58="","",IF(COUNT(G58:J58)=0,"",IF(COUNT(G58:J58)<4,"موقت - اطلاعات ناقص",IF(K58>=17,"عالی",IF(K58>=14,"خوب",IF(K58>=10,"متوسط","ضعیف")))))) | M58: 6 | N58: =IF(C58="","",COUNT(G58:J58)/4)
A59: 55 | B59: دی | C59: =IF('دانش‌آموزان'!E9="","",'دانش‌آموزان'!B9) | D59: =IF('دانش‌آموزان'!C9="","",'دانش‌آموزان'!C9) | E59: =IF('دانش‌آموزان'!E9="","",'دانش‌آموزان'!E9&" "&'دانش‌آموزان'!F9) | F59: =IF('دانش‌آموزان'!I9="","",'دانش‌آموزان'!I9) | K59: =IF(COUNT(G59:J59)=0,"",AVERAGE(G59:J59)*4) | L59: =IF(C59="","",IF(COUNT(G59:J59)=0,"",IF(COUNT(G59:J59)<4,"موقت - اطلاعات ناقص",IF(K59>=17,"عالی",IF(K59>=14,"خوب",IF(K59>=10,"متوسط","ضعیف")))))) | M59: 7 | N59: =IF(C59="","",COUNT(G59:J59)/4)
A60: 56 | B60: بهمن | C60: =IF('دانش‌آموزان'!E9="","",'دانش‌آموزان'!B9) | D60: =IF('دانش‌آموزان'!C9="","",'دانش‌آموزان'!C9) | E60: =IF('دانش‌آموزان'!E9="","",'دانش‌آموزان'!E9&" "&'دانش‌آموزان'!F9) | F60: =IF('دانش‌آموزان'!I9="","",'دانش‌آموزان'!I9) | K60: =IF(COUNT(G60:J60)=0,"",AVERAGE(G60:J60)*4) | L60: =IF(C60="","",IF(COUNT(G60:J60)=0,"",IF(COUNT(G60:J60)<4,"موقت - اطلاعات ناقص",IF(K60>=17,"عالی",IF(K60>=14,"خوب",IF(K60>=10,"متوسط","ضعیف")))))) | M60: 8 | N60: =IF(C60="","",COUNT(G60:J60)/4)
A61: 57 | B61: اسفند | C61: =IF('دانش‌آموزان'!E9="","",'دانش‌آموزان'!B9) | D61: =IF('دانش‌آموزان'!C9="","",'دانش‌آموزان'!C9) | E61: =IF('دانش‌آموزان'!E9="","",'دانش‌آموزان'!E9&" "&'دانش‌آموزان'!F9) | F61: =IF('دانش‌آموزان'!I9="","",'دانش‌آموزان'!I9) | K61: =IF(COUNT(G61:J61)=0,"",AVERAGE(G61:J61)*4) | L61: =IF(C61="","",IF(COUNT(G61:J61)=0,"",IF(COUNT(G61:J61)<4,"موقت - اطلاعات ناقص",IF(K61>=17,"عالی",IF(K61>=14,"خوب",IF(K61>=10,"متوسط","ضعیف")))))) | M61: 9 | N61: =IF(C61="","",COUNT(G61:J61)/4)
A62: 58 | B62: فروردین | C62: =IF('دانش‌آموزان'!E9="","",'دانش‌آموزان'!B9) | D62: =IF('دانش‌آموزان'!C9="","",'دانش‌آموزان'!C9) | E62: =IF('دانش‌آموزان'!E9="","",'دانش‌آموزان'!E9&" "&'دانش‌آموزان'!F9) | F62: =IF('دانش‌آموزان'!I9="","",'دانش‌آموزان'!I9) | K62: =IF(COUNT(G62:J62)=0,"",AVERAGE(G62:J62)*4) | L62: =IF(C62="","",IF(COUNT(G62:J62)=0,"",IF(COUNT(G62:J62)<4,"موقت - اطلاعات ناقص",IF(K62>=17,"عالی",IF(K62>=14,"خوب",IF(K62>=10,"متوسط","ضعیف")))))) | M62: 10 | N62: =IF(C62="","",COUNT(G62:J62)/4)
A63: 59 | B63: اردیبهشت | C63: =IF('دانش‌آموزان'!E9="","",'دانش‌آموزان'!B9) | D63: =IF('دانش‌آموزان'!C9="","",'دانش‌آموزان'!C9) | E63: =IF('دانش‌آموزان'!E9="","",'دانش‌آموزان'!E9&" "&'دانش‌آموزان'!F9) | F63: =IF('دانش‌آموزان'!I9="","",'دانش‌آموزان'!I9) | K63: =IF(COUNT(G63:J63)=0,"",AVERAGE(G63:J63)*4) | L63: =IF(C63="","",IF(COUNT(G63:J63)=0,"",IF(COUNT(G63:J63)<4,"موقت - اطلاعات ناقص",IF(K63>=17,"عالی",IF(K63>=14,"خوب",IF(K63>=10,"متوسط","ضعیف")))))) | M63: 11 | N63: =IF(C63="","",COUNT(G63:J63)/4)
A64: 60 | B64: خرداد | C64: =IF('دانش‌آموزان'!E9="","",'دانش‌آموزان'!B9) | D64: =IF('دانش‌آموزان'!C9="","",'دانش‌آموزان'!C9) | E64: =IF('دانش‌آموزان'!E9="","",'دانش‌آموزان'!E9&" "&'دانش‌آموزان'!F9) | F64: =IF('دانش‌آموزان'!I9="","",'دانش‌آموزان'!I9) | K64: =IF(COUNT(G64:J64)=0,"",AVERAGE(G64:J64)*4) | L64: =IF(C64="","",IF(COUNT(G64:J64)=0,"",IF(COUNT(G64:J64)<4,"موقت - اطلاعات ناقص",IF(K64>=17,"عالی",IF(K64>=14,"خوب",IF(K64>=10,"متوسط","ضعیف")))))) | M64: 12 | N64: =IF(C64="","",COUNT(G64:J64)/4)
A65: 61 | B65: تیر | C65: =IF('دانش‌آموزان'!E10="","",'دانش‌آموزان'!B10) | D65: =IF('دانش‌آموزان'!C10="","",'دانش‌آموزان'!C10) | E65: =IF('دانش‌آموزان'!E10="","",'دانش‌آموزان'!E10&" "&'دانش‌آموزان'!F10) | F65: =IF('دانش‌آموزان'!I10="","",'دانش‌آموزان'!I10) | K65: =IF(COUNT(G65:J65)=0,"",AVERAGE(G65:J65)*4) | L65: =IF(C65="","",IF(COUNT(G65:J65)=0,"",IF(COUNT(G65:J65)<4,"موقت - اطلاعات ناقص",IF(K65>=17,"عالی",IF(K65>=14,"خوب",IF(K65>=10,"متوسط","ضعیف")))))) | M65: 1 | N65: =IF(C65="","",COUNT(G65:J65)/4)
A66: 62 | B66: مرداد | C66: =IF('دانش‌آموزان'!E10="","",'دانش‌آموزان'!B10) | D66: =IF('دانش‌آموزان'!C10="","",'دانش‌آموزان'!C10) | E66: =IF('دانش‌آموزان'!E10="","",'دانش‌آموزان'!E10&" "&'دانش‌آموزان'!F10) | F66: =IF('دانش‌آموزان'!I10="","",'دانش‌آموزان'!I10) | K66: =IF(COUNT(G66:J66)=0,"",AVERAGE(G66:J66)*4) | L66: =IF(C66="","",IF(COUNT(G66:J66)=0,"",IF(COUNT(G66:J66)<4,"موقت - اطلاعات ناقص",IF(K66>=17,"عالی",IF(K66>=14,"خوب",IF(K66>=10,"متوسط","ضعیف")))))) | M66: 2 | N66: =IF(C66="","",COUNT(G66:J66)/4)
A67: 63 | B67: شهریور | C67: =IF('دانش‌آموزان'!E10="","",'دانش‌آموزان'!B10) | D67: =IF('دانش‌آموزان'!C10="","",'دانش‌آموزان'!C10) | E67: =IF('دانش‌آموزان'!E10="","",'دانش‌آموزان'!E10&" "&'دانش‌آموزان'!F10) | F67: =IF('دانش‌آموزان'!I10="","",'دانش‌آموزان'!I10) | K67: =IF(COUNT(G67:J67)=0,"",AVERAGE(G67:J67)*4) | L67: =IF(C67="","",IF(COUNT(G67:J67)=0,"",IF(COUNT(G67:J67)<4,"موقت - اطلاعات ناقص",IF(K67>=17,"عالی",IF(K67>=14,"خوب",IF(K67>=10,"متوسط","ضعیف")))))) | M67: 3 | N67: =IF(C67="","",COUNT(G67:J67)/4)
A68: 64 | B68: مهر | C68: =IF('دانش‌آموزان'!E10="","",'دانش‌آموزان'!B10) | D68: =IF('دانش‌آموزان'!C10="","",'دانش‌آموزان'!C10) | E68: =IF('دانش‌آموزان'!E10="","",'دانش‌آموزان'!E10&" "&'دانش‌آموزان'!F10) | F68: =IF('دانش‌آموزان'!I10="","",'دانش‌آموزان'!I10) | K68: =IF(COUNT(G68:J68)=0,"",AVERAGE(G68:J68)*4) | L68: =IF(C68="","",IF(COUNT(G68:J68)=0,"",IF(COUNT(G68:J68)<4,"موقت - اطلاعات ناقص",IF(K68>=17,"عالی",IF(K68>=14,"خوب",IF(K68>=10,"متوسط","ضعیف")))))) | M68: 4 | N68: =IF(C68="","",COUNT(G68:J68)/4)
A69: 65 | B69: آبان | C69: =IF('دانش‌آموزان'!E10="","",'دانش‌آموزان'!B10) | D69: =IF('دانش‌آموزان'!C10="","",'دانش‌آموزان'!C10) | E69: =IF('دانش‌آموزان'!E10="","",'دانش‌آموزان'!E10&" "&'دانش‌آموزان'!F10) | F69: =IF('دانش‌آموزان'!I10="","",'دانش‌آموزان'!I10) | K69: =IF(COUNT(G69:J69)=0,"",AVERAGE(G69:J69)*4) | L69: =IF(C69="","",IF(COUNT(G69:J69)=0,"",IF(COUNT(G69:J69)<4,"موقت - اطلاعات ناقص",IF(K69>=17,"عالی",IF(K69>=14,"خوب",IF(K69>=10,"متوسط","ضعیف")))))) | M69: 5 | N69: =IF(C69="","",COUNT(G69:J69)/4)
A70: 66 | B70: آذر | C70: =IF('دانش‌آموزان'!E10="","",'دانش‌آموزان'!B10) | D70: =IF('دانش‌آموزان'!C10="","",'دانش‌آموزان'!C10) | E70: =IF('دانش‌آموزان'!E10="","",'دانش‌آموزان'!E10&" "&'دانش‌آموزان'!F10) | F70: =IF('دانش‌آموزان'!I10="","",'دانش‌آموزان'!I10) | K70: =IF(COUNT(G70:J70)=0,"",AVERAGE(G70:J70)*4) | L70: =IF(C70="","",IF(COUNT(G70:J70)=0,"",IF(COUNT(G70:J70)<4,"موقت - اطلاعات ناقص",IF(K70>=17,"عالی",IF(K70>=14,"خوب",IF(K70>=10,"متوسط","ضعیف")))))) | M70: 6 | N70: =IF(C70="","",COUNT(G70:J70)/4)
A71: 67 | B71: دی | C71: =IF('دانش‌آموزان'!E10="","",'دانش‌آموزان'!B10) | D71: =IF('دانش‌آموزان'!C10="","",'دانش‌آموزان'!C10) | E71: =IF('دانش‌آموزان'!E10="","",'دانش‌آموزان'!E10&" "&'دانش‌آموزان'!F10) | F71: =IF('دانش‌آموزان'!I10="","",'دانش‌آموزان'!I10) | K71: =IF(COUNT(G71:J71)=0,"",AVERAGE(G71:J71)*4) | L71: =IF(C71="","",IF(COUNT(G71:J71)=0,"",IF(COUNT(G71:J71)<4,"موقت - اطلاعات ناقص",IF(K71>=17,"عالی",IF(K71>=14,"خوب",IF(K71>=10,"متوسط","ضعیف")))))) | M71: 7 | N71: =IF(C71="","",COUNT(G71:J71)/4)
A72: 68 | B72: بهمن | C72: =IF('دانش‌آموزان'!E10="","",'دانش‌آموزان'!B10) | D72: =IF('دانش‌آموزان'!C10="","",'دانش‌آموزان'!C10) | E72: =IF('دانش‌آموزان'!E10="","",'دانش‌آموزان'!E10&" "&'دانش‌آموزان'!F10) | F72: =IF('دانش‌آموزان'!I10="","",'دانش‌آموزان'!I10) | K72: =IF(COUNT(G72:J72)=0,"",AVERAGE(G72:J72)*4) | L72: =IF(C72="","",IF(COUNT(G72:J72)=0,"",IF(COUNT(G72:J72)<4,"موقت - اطلاعات ناقص",IF(K72>=17,"عالی",IF(K72>=14,"خوب",IF(K72>=10,"متوسط","ضعیف")))))) | M72: 8 | N72: =IF(C72="","",COUNT(G72:J72)/4)
A73: 69 | B73: اسفند | C73: =IF('دانش‌آموزان'!E10="","",'دانش‌آموزان'!B10) | D73: =IF('دانش‌آموزان'!C10="","",'دانش‌آموزان'!C10) | E73: =IF('دانش‌آموزان'!E10="","",'دانش‌آموزان'!E10&" "&'دانش‌آموزان'!F10) | F73: =IF('دانش‌آموزان'!I10="","",'دانش‌آموزان'!I10) | K73: =IF(COUNT(G73:J73)=0,"",AVERAGE(G73:J73)*4) | L73: =IF(C73="","",IF(COUNT(G73:J73)=0,"",IF(COUNT(G73:J73)<4,"موقت - اطلاعات ناقص",IF(K73>=17,"عالی",IF(K73>=14,"خوب",IF(K73>=10,"متوسط","ضعیف")))))) | M73: 9 | N73: =IF(C73="","",COUNT(G73:J73)/4)
A74: 70 | B74: فروردین | C74: =IF('دانش‌آموزان'!E10="","",'دانش‌آموزان'!B10) | D74: =IF('دانش‌آموزان'!C10="","",'دانش‌آموزان'!C10) | E74: =IF('دانش‌آموزان'!E10="","",'دانش‌آموزان'!E10&" "&'دانش‌آموزان'!F10) | F74: =IF('دانش‌آموزان'!I10="","",'دانش‌آموزان'!I10) | K74: =IF(COUNT(G74:J74)=0,"",AVERAGE(G74:J74)*4) | L74: =IF(C74="","",IF(COUNT(G74:J74)=0,"",IF(COUNT(G74:J74)<4,"موقت - اطلاعات ناقص",IF(K74>=17,"عالی",IF(K74>=14,"خوب",IF(K74>=10,"متوسط","ضعیف")))))) | M74: 10 | N74: =IF(C74="","",COUNT(G74:J74)/4)
A75: 71 | B75: اردیبهشت | C75: =IF('دانش‌آموزان'!E10="","",'دانش‌آموزان'!B10) | D75: =IF('دانش‌آموزان'!C10="","",'دانش‌آموزان'!C10) | E75: =IF('دانش‌آموزان'!E10="","",'دانش‌آموزان'!E10&" "&'دانش‌آموزان'!F10) | F75: =IF('دانش‌آموزان'!I10="","",'دانش‌آموزان'!I10) | K75: =IF(COUNT(G75:J75)=0,"",AVERAGE(G75:J75)*4) | L75: =IF(C75="","",IF(COUNT(G75:J75)=0,"",IF(COUNT(G75:J75)<4,"موقت - اطلاعات ناقص",IF(K75>=17,"عالی",IF(K75>=14,"خوب",IF(K75>=10,"متوسط","ضعیف")))))) | M75: 11 | N75: =IF(C75="","",COUNT(G75:J75)/4)
A76: 72 | B76: خرداد | C76: =IF('دانش‌آموزان'!E10="","",'دانش‌آموزان'!B10) | D76: =IF('دانش‌آموزان'!C10="","",'دانش‌آموزان'!C10) | E76: =IF('دانش‌آموزان'!E10="","",'دانش‌آموزان'!E10&" "&'دانش‌آموزان'!F10) | F76: =IF('دانش‌آموزان'!I10="","",'دانش‌آموزان'!I10) | K76: =IF(COUNT(G76:J76)=0,"",AVERAGE(G76:J76)*4) | L76: =IF(C76="","",IF(COUNT(G76:J76)=0,"",IF(COUNT(G76:J76)<4,"موقت - اطلاعات ناقص",IF(K76>=17,"عالی",IF(K76>=14,"خوب",IF(K76>=10,"متوسط","ضعیف")))))) | M76: 12 | N76: =IF(C76="","",COUNT(G76:J76)/4)
A77: 73 | B77: تیر | C77: =IF('دانش‌آموزان'!E11="","",'دانش‌آموزان'!B11) | D77: =IF('دانش‌آموزان'!C11="","",'دانش‌آموزان'!C11) | E77: =IF('دانش‌آموزان'!E11="","",'دانش‌آموزان'!E11&" "&'دانش‌آموزان'!F11) | F77: =IF('دانش‌آموزان'!I11="","",'دانش‌آموزان'!I11) | K77: =IF(COUNT(G77:J77)=0,"",AVERAGE(G77:J77)*4) | L77: =IF(C77="","",IF(COUNT(G77:J77)=0,"",IF(COUNT(G77:J77)<4,"موقت - اطلاعات ناقص",IF(K77>=17,"عالی",IF(K77>=14,"خوب",IF(K77>=10,"متوسط","ضعیف")))))) | M77: 1 | N77: =IF(C77="","",COUNT(G77:J77)/4)
A78: 74 | B78: مرداد | C78: =IF('دانش‌آموزان'!E11="","",'دانش‌آموزان'!B11) | D78: =IF('دانش‌آموزان'!C11="","",'دانش‌آموزان'!C11) | E78: =IF('دانش‌آموزان'!E11="","",'دانش‌آموزان'!E11&" "&'دانش‌آموزان'!F11) | F78: =IF('دانش‌آموزان'!I11="","",'دانش‌آموزان'!I11) | K78: =IF(COUNT(G78:J78)=0,"",AVERAGE(G78:J78)*4) | L78: =IF(C78="","",IF(COUNT(G78:J78)=0,"",IF(COUNT(G78:J78)<4,"موقت - اطلاعات ناقص",IF(K78>=17,"عالی",IF(K78>=14,"خوب",IF(K78>=10,"متوسط","ضعیف")))))) | M78: 2 | N78: =IF(C78="","",COUNT(G78:J78)/4)
A79: 75 | B79: شهریور | C79: =IF('دانش‌آموزان'!E11="","",'دانش‌آموزان'!B11) | D79: =IF('دانش‌آموزان'!C11="","",'دانش‌آموزان'!C11) | E79: =IF('دانش‌آموزان'!E11="","",'دانش‌آموزان'!E11&" "&'دانش‌آموزان'!F11) | F79: =IF('دانش‌آموزان'!I11="","",'دانش‌آموزان'!I11) | K79: =IF(COUNT(G79:J79)=0,"",AVERAGE(G79:J79)*4) | L79: =IF(C79="","",IF(COUNT(G79:J79)=0,"",IF(COUNT(G79:J79)<4,"موقت - اطلاعات ناقص",IF(K79>=17,"عالی",IF(K79>=14,"خوب",IF(K79>=10,"متوسط","ضعیف")))))) | M79: 3 | N79: =IF(C79="","",COUNT(G79:J79)/4)
A80: 76 | B80: مهر | C80: =IF('دانش‌آموزان'!E11="","",'دانش‌آموزان'!B11) | D80: =IF('دانش‌آموزان'!C11="","",'دانش‌آموزان'!C11) | E80: =IF('دانش‌آموزان'!E11="","",'دانش‌آموزان'!E11&" "&'دانش‌آموزان'!F11) | F80: =IF('دانش‌آموزان'!I11="","",'دانش‌آموزان'!I11) | K80: =IF(COUNT(G80:J80)=0,"",AVERAGE(G80:J80)*4) | L80: =IF(C80="","",IF(COUNT(G80:J80)=0,"",IF(COUNT(G80:J80)<4,"موقت - اطلاعات ناقص",IF(K80>=17,"عالی",IF(K80>=14,"خوب",IF(K80>=10,"متوسط","ضعیف")))))) | M80: 4 | N80: =IF(C80="","",COUNT(G80:J80)/4)
A81: 77 | B81: آبان | C81: =IF('دانش‌آموزان'!E11="","",'دانش‌آموزان'!B11) | D81: =IF('دانش‌آموزان'!C11="","",'دانش‌آموزان'!C11) | E81: =IF('دانش‌آموزان'!E11="","",'دانش‌آموزان'!E11&" "&'دانش‌آموزان'!F11) | F81: =IF('دانش‌آموزان'!I11="","",'دانش‌آموزان'!I11) | K81: =IF(COUNT(G81:J81)=0,"",AVERAGE(G81:J81)*4) | L81: =IF(C81="","",IF(COUNT(G81:J81)=0,"",IF(COUNT(G81:J81)<4,"موقت - اطلاعات ناقص",IF(K81>=17,"عالی",IF(K81>=14,"خوب",IF(K81>=10,"متوسط","ضعیف")))))) | M81: 5 | N81: =IF(C81="","",COUNT(G81:J81)/4)
A82: 78 | B82: آذر | C82: =IF('دانش‌آموزان'!E11="","",'دانش‌آموزان'!B11) | D82: =IF('دانش‌آموزان'!C11="","",'دانش‌آموزان'!C11) | E82: =IF('دانش‌آموزان'!E11="","",'دانش‌آموزان'!E11&" "&'دانش‌آموزان'!F11) | F82: =IF('دانش‌آموزان'!I11="","",'دانش‌آموزان'!I11) | K82: =IF(COUNT(G82:J82)=0,"",AVERAGE(G82:J82)*4) | L82: =IF(C82="","",IF(COUNT(G82:J82)=0,"",IF(COUNT(G82:J82)<4,"موقت - اطلاعات ناقص",IF(K82>=17,"عالی",IF(K82>=14,"خوب",IF(K82>=10,"متوسط","ضعیف")))))) | M82: 6 | N82: =IF(C82="","",COUNT(G82:J82)/4)
A83: 79 | B83: دی | C83: =IF('دانش‌آموزان'!E11="","",'دانش‌آموزان'!B11) | D83: =IF('دانش‌آموزان'!C11="","",'دانش‌آموزان'!C11) | E83: =IF('دانش‌آموزان'!E11="","",'دانش‌آموزان'!E11&" "&'دانش‌آموزان'!F11) | F83: =IF('دانش‌آموزان'!I11="","",'دانش‌آموزان'!I11) | K83: =IF(COUNT(G83:J83)=0,"",AVERAGE(G83:J83)*4) | L83: =IF(C83="","",IF(COUNT(G83:J83)=0,"",IF(COUNT(G83:J83)<4,"موقت - اطلاعات ناقص",IF(K83>=17,"عالی",IF(K83>=14,"خوب",IF(K83>=10,"متوسط","ضعیف")))))) | M83: 7 | N83: =IF(C83="","",COUNT(G83:J83)/4)
A84: 80 | B84: بهمن | C84: =IF('دانش‌آموزان'!E11="","",'دانش‌آموزان'!B11) | D84: =IF('دانش‌آموزان'!C11="","",'دانش‌آموزان'!C11) | E84: =IF('دانش‌آموزان'!E11="","",'دانش‌آموزان'!E11&" "&'دانش‌آموزان'!F11) | F84: =IF('دانش‌آموزان'!I11="","",'دانش‌آموزان'!I11) | K84: =IF(COUNT(G84:J84)=0,"",AVERAGE(G84:J84)*4) | L84: =IF(C84="","",IF(COUNT(G84:J84)=0,"",IF(COUNT(G84:J84)<4,"موقت - اطلاعات ناقص",IF(K84>=17,"عالی",IF(K84>=14,"خوب",IF(K84>=10,"متوسط","ضعیف")))))) | M84: 8 | N84: =IF(C84="","",COUNT(G84:J84)/4)
A85: 81 | B85: اسفند | C85: =IF('دانش‌آموزان'!E11="","",'دانش‌آموزان'!B11) | D85: =IF('دانش‌آموزان'!C11="","",'دانش‌آموزان'!C11) | E85: =IF('دانش‌آموزان'!E11="","",'دانش‌آموزان'!E11&" "&'دانش‌آموزان'!F11) | F85: =IF('دانش‌آموزان'!I11="","",'دانش‌آموزان'!I11) | K85: =IF(COUNT(G85:J85)=0,"",AVERAGE(G85:J85)*4) | L85: =IF(C85="","",IF(COUNT(G85:J85)=0,"",IF(COUNT(G85:J85)<4,"موقت - اطلاعات ناقص",IF(K85>=17,"عالی",IF(K85>=14,"خوب",IF(K85>=10,"متوسط","ضعیف")))))) | M85: 9 | N85: =IF(C85="","",COUNT(G85:J85)/4)
A86: 82 | B86: فروردین | C86: =IF('دانش‌آموزان'!E11="","",'دانش‌آموزان'!B11) | D86: =IF('دانش‌آموزان'!C11="","",'دانش‌آموزان'!C11) | E86: =IF('دانش‌آموزان'!E11="","",'دانش‌آموزان'!E11&" "&'دانش‌آموزان'!F11) | F86: =IF('دانش‌آموزان'!I11="","",'دانش‌آموزان'!I11) | K86: =IF(COUNT(G86:J86)=0,"",AVERAGE(G86:J86)*4) | L86: =IF(C86="","",IF(COUNT(G86:J86)=0,"",IF(COUNT(G86:J86)<4,"موقت - اطلاعات ناقص",IF(K86>=17,"عالی",IF(K86>=14,"خوب",IF(K86>=10,"متوسط","ضعیف")))))) | M86: 10 | N86: =IF(C86="","",COUNT(G86:J86)/4)
A87: 83 | B87: اردیبهشت | C87: =IF('دانش‌آموزان'!E11="","",'دانش‌آموزان'!B11) | D87: =IF('دانش‌آموزان'!C11="","",'دانش‌آموزان'!C11) | E87: =IF('دانش‌آموزان'!E11="","",'دانش‌آموزان'!E11&" "&'دانش‌آموزان'!F11) | F87: =IF('دانش‌آموزان'!I11="","",'دانش‌آموزان'!I11) | K87: =IF(COUNT(G87:J87)=0,"",AVERAGE(G87:J87)*4) | L87: =IF(C87="","",IF(COUNT(G87:J87)=0,"",IF(COUNT(G87:J87)<4,"موقت - اطلاعات ناقص",IF(K87>=17,"عالی",IF(K87>=14,"خوب",IF(K87>=10,"متوسط","ضعیف")))))) | M87: 11 | N87: =IF(C87="","",COUNT(G87:J87)/4)
A88: 84 | B88: خرداد | C88: =IF('دانش‌آموزان'!E11="","",'دانش‌آموزان'!B11) | D88: =IF('دانش‌آموزان'!C11="","",'دانش‌آموزان'!C11) | E88: =IF('دانش‌آموزان'!E11="","",'دانش‌آموزان'!E11&" "&'دانش‌آموزان'!F11) | F88: =IF('دانش‌آموزان'!I11="","",'دانش‌آموزان'!I11) | K88: =IF(COUNT(G88:J88)=0,"",AVERAGE(G88:J88)*4) | L88: =IF(C88="","",IF(COUNT(G88:J88)=0,"",IF(COUNT(G88:J88)<4,"موقت - اطلاعات ناقص",IF(K88>=17,"عالی",IF(K88>=14,"خوب",IF(K88>=10,"متوسط","ضعیف")))))) | M88: 12 | N88: =IF(C88="","",COUNT(G88:J88)/4)
A89: 85 | B89: تیر | C89: =IF('دانش‌آموزان'!E12="","",'دانش‌آموزان'!B12) | D89: =IF('دانش‌آموزان'!C12="","",'دانش‌آموزان'!C12) | E89: =IF('دانش‌آموزان'!E12="","",'دانش‌آموزان'!E12&" "&'دانش‌آموزان'!F12) | F89: =IF('دانش‌آموزان'!I12="","",'دانش‌آموزان'!I12) | K89: =IF(COUNT(G89:J89)=0,"",AVERAGE(G89:J89)*4) | L89: =IF(C89="","",IF(COUNT(G89:J89)=0,"",IF(COUNT(G89:J89)<4,"موقت - اطلاعات ناقص",IF(K89>=17,"عالی",IF(K89>=14,"خوب",IF(K89>=10,"متوسط","ضعیف")))))) | M89: 1 | N89: =IF(C89="","",COUNT(G89:J89)/4)
A90: 86 | B90: مرداد | C90: =IF('دانش‌آموزان'!E12="","",'دانش‌آموزان'!B12) | D90: =IF('دانش‌آموزان'!C12="","",'دانش‌آموزان'!C12) | E90: =IF('دانش‌آموزان'!E12="","",'دانش‌آموزان'!E12&" "&'دانش‌آموزان'!F12) | F90: =IF('دانش‌آموزان'!I12="","",'دانش‌آموزان'!I12) | K90: =IF(COUNT(G90:J90)=0,"",AVERAGE(G90:J90)*4) | L90: =IF(C90="","",IF(COUNT(G90:J90)=0,"",IF(COUNT(G90:J90)<4,"موقت - اطلاعات ناقص",IF(K90>=17,"عالی",IF(K90>=14,"خوب",IF(K90>=10,"متوسط","ضعیف")))))) | M90: 2 | N90: =IF(C90="","",COUNT(G90:J90)/4)
A91: 87 | B91: شهریور | C91: =IF('دانش‌آموزان'!E12="","",'دانش‌آموزان'!B12) | D91: =IF('دانش‌آموزان'!C12="","",'دانش‌آموزان'!C12) | E91: =IF('دانش‌آموزان'!E12="","",'دانش‌آموزان'!E12&" "&'دانش‌آموزان'!F12) | F91: =IF('دانش‌آموزان'!I12="","",'دانش‌آموزان'!I12) | K91: =IF(COUNT(G91:J91)=0,"",AVERAGE(G91:J91)*4) | L91: =IF(C91="","",IF(COUNT(G91:J91)=0,"",IF(COUNT(G91:J91)<4,"موقت - اطلاعات ناقص",IF(K91>=17,"عالی",IF(K91>=14,"خوب",IF(K91>=10,"متوسط","ضعیف")))))) | M91: 3 | N91: =IF(C91="","",COUNT(G91:J91)/4)
A92: 88 | B92: مهر | C92: =IF('دانش‌آموزان'!E12="","",'دانش‌آموزان'!B12) | D92: =IF('دانش‌آموزان'!C12="","",'دانش‌آموزان'!C12) | E92: =IF('دانش‌آموزان'!E12="","",'دانش‌آموزان'!E12&" "&'دانش‌آموزان'!F12) | F92: =IF('دانش‌آموزان'!I12="","",'دانش‌آموزان'!I12) | K92: =IF(COUNT(G92:J92)=0,"",AVERAGE(G92:J92)*4) | L92: =IF(C92="","",IF(COUNT(G92:J92)=0,"",IF(COUNT(G92:J92)<4,"موقت - اطلاعات ناقص",IF(K92>=17,"عالی",IF(K92>=14,"خوب",IF(K92>=10,"متوسط","ضعیف")))))) | M92: 4 | N92: =IF(C92="","",COUNT(G92:J92)/4)
A93: 89 | B93: آبان | C93: =IF('دانش‌آموزان'!E12="","",'دانش‌آموزان'!B12) | D93: =IF('دانش‌آموزان'!C12="","",'دانش‌آموزان'!C12) | E93: =IF('دانش‌آموزان'!E12="","",'دانش‌آموزان'!E12&" "&'دانش‌آموزان'!F12) | F93: =IF('دانش‌آموزان'!I12="","",'دانش‌آموزان'!I12) | K93: =IF(COUNT(G93:J93)=0,"",AVERAGE(G93:J93)*4) | L93: =IF(C93="","",IF(COUNT(G93:J93)=0,"",IF(COUNT(G93:J93)<4,"موقت - اطلاعات ناقص",IF(K93>=17,"عالی",IF(K93>=14,"خوب",IF(K93>=10,"متوسط","ضعیف")))))) | M93: 5 | N93: =IF(C93="","",COUNT(G93:J93)/4)
A94: 90 | B94: آذر | C94: =IF('دانش‌آموزان'!E12="","",'دانش‌آموزان'!B12) | D94: =IF('دانش‌آموزان'!C12="","",'دانش‌آموزان'!C12) | E94: =IF('دانش‌آموزان'!E12="","",'دانش‌آموزان'!E12&" "&'دانش‌آموزان'!F12) | F94: =IF('دانش‌آموزان'!I12="","",'دانش‌آموزان'!I12) | K94: =IF(COUNT(G94:J94)=0,"",AVERAGE(G94:J94)*4) | L94: =IF(C94="","",IF(COUNT(G94:J94)=0,"",IF(COUNT(G94:J94)<4,"موقت - اطلاعات ناقص",IF(K94>=17,"عالی",IF(K94>=14,"خوب",IF(K94>=10,"متوسط","ضعیف")))))) | M94: 6 | N94: =IF(C94="","",COUNT(G94:J94)/4)
A95: 91 | B95: دی | C95: =IF('دانش‌آموزان'!E12="","",'دانش‌آموزان'!B12) | D95: =IF('دانش‌آموزان'!C12="","",'دانش‌آموزان'!C12) | E95: =IF('دانش‌آموزان'!E12="","",'دانش‌آموزان'!E12&" "&'دانش‌آموزان'!F12) | F95: =IF('دانش‌آموزان'!I12="","",'دانش‌آموزان'!I12) | K95: =IF(COUNT(G95:J95)=0,"",AVERAGE(G95:J95)*4) | L95: =IF(C95="","",IF(COUNT(G95:J95)=0,"",IF(COUNT(G95:J95)<4,"موقت - اطلاعات ناقص",IF(K95>=17,"عالی",IF(K95>=14,"خوب",IF(K95>=10,"متوسط","ضعیف")))))) | M95: 7 | N95: =IF(C95="","",COUNT(G95:J95)/4)
A96: 92 | B96: بهمن | C96: =IF('دانش‌آموزان'!E12="","",'دانش‌آموزان'!B12) | D96: =IF('دانش‌آموزان'!C12="","",'دانش‌آموزان'!C12) | E96: =IF('دانش‌آموزان'!E12="","",'دانش‌آموزان'!E12&" "&'دانش‌آموزان'!F12) | F96: =IF('دانش‌آموزان'!I12="","",'دانش‌آموزان'!I12) | K96: =IF(COUNT(G96:J96)=0,"",AVERAGE(G96:J96)*4) | L96: =IF(C96="","",IF(COUNT(G96:J96)=0,"",IF(COUNT(G96:J96)<4,"موقت - اطلاعات ناقص",IF(K96>=17,"عالی",IF(K96>=14,"خوب",IF(K96>=10,"متوسط","ضعیف")))))) | M96: 8 | N96: =IF(C96="","",COUNT(G96:J96)/4)
A97: 93 | B97: اسفند | C97: =IF('دانش‌آموزان'!E12="","",'دانش‌آموزان'!B12) | D97: =IF('دانش‌آموزان'!C12="","",'دانش‌آموزان'!C12) | E97: =IF('دانش‌آموزان'!E12="","",'دانش‌آموزان'!E12&" "&'دانش‌آموزان'!F12) | F97: =IF('دانش‌آموزان'!I12="","",'دانش‌آموزان'!I12) | K97: =IF(COUNT(G97:J97)=0,"",AVERAGE(G97:J97)*4) | L97: =IF(C97="","",IF(COUNT(G97:J97)=0,"",IF(COUNT(G97:J97)<4,"موقت - اطلاعات ناقص",IF(K97>=17,"عالی",IF(K97>=14,"خوب",IF(K97>=10,"متوسط","ضعیف")))))) | M97: 9 | N97: =IF(C97="","",COUNT(G97:J97)/4)
A98: 94 | B98: فروردین | C98: =IF('دانش‌آموزان'!E12="","",'دانش‌آموزان'!B12) | D98: =IF('دانش‌آموزان'!C12="","",'دانش‌آموزان'!C12) | E98: =IF('دانش‌آموزان'!E12="","",'دانش‌آموزان'!E12&" "&'دانش‌آموزان'!F12) | F98: =IF('دانش‌آموزان'!I12="","",'دانش‌آموزان'!I12) | K98: =IF(COUNT(G98:J98)=0,"",AVERAGE(G98:J98)*4) | L98: =IF(C98="","",IF(COUNT(G98:J98)=0,"",IF(COUNT(G98:J98)<4,"موقت - اطلاعات ناقص",IF(K98>=17,"عالی",IF(K98>=14,"خوب",IF(K98>=10,"متوسط","ضعیف")))))) | M98: 10 | N98: =IF(C98="","",COUNT(G98:J98)/4)
A99: 95 | B99: اردیبهشت | C99: =IF('دانش‌آموزان'!E12="","",'دانش‌آموزان'!B12) | D99: =IF('دانش‌آموزان'!C12="","",'دانش‌آموزان'!C12) | E99: =IF('دانش‌آموزان'!E12="","",'دانش‌آموزان'!E12&" "&'دانش‌آموزان'!F12) | F99: =IF('دانش‌آموزان'!I12="","",'دانش‌آموزان'!I12) | K99: =IF(COUNT(G99:J99)=0,"",AVERAGE(G99:J99)*4) | L99: =IF(C99="","",IF(COUNT(G99:J99)=0,"",IF(COUNT(G99:J99)<4,"موقت - اطلاعات ناقص",IF(K99>=17,"عالی",IF(K99>=14,"خوب",IF(K99>=10,"متوسط","ضعیف")))))) | M99: 11 | N99: =IF(C99="","",COUNT(G99:J99)/4)
A100: 96 | B100: خرداد | C100: =IF('دانش‌آموزان'!E12="","",'دانش‌آموزان'!B12) | D100: =IF('دانش‌آموزان'!C12="","",'دانش‌آموزان'!C12) | E100: =IF('دانش‌آموزان'!E12="","",'دانش‌آموزان'!E12&" "&'دانش‌آموزان'!F12) | F100: =IF('دانش‌آموزان'!I12="","",'دانش‌آموزان'!I12) | K100: =IF(COUNT(G100:J100)=0,"",AVERAGE(G100:J100)*4) | L100: =IF(C100="","",IF(COUNT(G100:J100)=0,"",IF(COUNT(G100:J100)<4,"موقت - اطلاعات ناقص",IF(K100>=17,"عالی",IF(K100>=14,"خوب",IF(K100>=10,"متوسط","ضعیف")))))) | M100: 12 | N100: =IF(C100="","",COUNT(G100:J100)/4)
...
