Workbook

Sheet راهنما
A1: قالب جامع جمع‌آوری اطلاعات مدرسه
A2: این فایل برای دریافت یک‌جای کلاس‌بندی، فهرست دانش‌آموزان و ارزیابی ماهانه طراحی شده است. فقط خانه‌های زرد را تکمیل کنید.
A4: مرحله | B4: شیت | C4: کار لازم | D4: فیلدهای کلیدی | E4: کنترل فایل | F4: رنگ ورودی | G4: خروجی | H4: نکته مهم
A5: 1 | B5: کلاس‌بندی | C5: کلاس‌های مدرسه را وارد کنید. | D5: کد مدرسه، سال تحصیلی، کد و نام کلاس، پایه، ظرفیت | E5: کد کلاس تکراری نباشد. | F5: زرد | G5: فهرست کلاس‌ها | H5: کد کلاس باید در تمام شیت‌ها یکسان باشد.
A6: 2 | B6: دانش‌آموزان | C6: مشخصات هر دانش‌آموز و کلاس او را ثبت کنید. | D6: کد ملی، شماره دانش‌آموزی، نام، نام خانوادگی، جنسیت، تاریخ تولد، کد کلاس | E6: وضعیت کامل/ناقص خودکار است. | F6: زرد | G6: فهرست دانش‌آموزان | H6: کد ملی و شماره دانش‌آموزی را به‌صورت متن وارد کنید؛ صفر ابتدایی حذف نشود.
A7: 3 | B7: ثبت اطلاعات | C7: برای هر دانش‌آموز در هر ماه، ۴۶ شاخص را از ۰ تا ۵ نمره دهید. | D7: ماه، ۴۶ نمره، توضیحات | E7: درصد تکمیل و امتیازها خودکار است. | F7: زرد | G7: ارزیابی ماهانه | H7: نتیجه فقط با تکمیل هر ۴۶ شاخص نهایی می‌شود.
A8: 4 | B8: گزارش و داشبورد | C8: پس از ورود اطلاعات، گزارش‌ها را مشاهده کنید. | D8: روند، میانگین، رتبه واقعی، قوی‌ترین و ضعیف‌ترین حوزه | E8: محاسبه خودکار | F8: آبی/سبز | G8: تحلیل قابل ارائه | H8: رتبه فقط میان دانش‌آموزان دارای حداقل یک ارزیابی نهایی محاسبه می‌شود.
A10: مقیاس نمره‌دهی شاخص‌ها: ۰ = مشاهده نشده / بسیار ضعیف، ۱ = ضعیف، ۲ = نیازمند بهبود، ۳ = قابل قبول، ۴ = خوب، ۵ = بسیار خوب
A12: ترتیب ماه‌ها در فایل: تیر تا خرداد. خانه‌های خاکستری و آبی دارای فرمول هستند و نباید ویرایش شوند.

Sheet کلاس‌بندی
A1: کلاس‌بندی مدرسه
A2: هر کلاس را فقط یک‌بار وارد کنید. ظرفیت ثبت‌شده و تعداد دانش‌آموزان تخصیص‌یافته به‌صورت خودکار مقایسه می‌شوند.
A4: ردیف | B4: کد مدرسه | C4: سال تحصیلی | D4: کد کلاس | E4: نام کلاس | F4: پایه تحصیلی | G4: ظرفیت | H4: تعداد ثبت‌شده | I4: وضعیت
A5: 1 | B5: 95114129 | C5: 1405-1406 | D5: 801 | E5: خوارزمی 1 | F5: هشتم | G5: 35 | H5: =IF(D5="","",COUNTIF(دانش‌آموزان!$I$5:$I$104,D5)) -> 35 | I5: =IF(D5="","",IF(COUNTIF($D$5:$D$34,D5)>1,"کد تکراری",IF(H5>G5,"بیش از ظرفیت","معتبر"))) -> معتبر
A6: 2 | H6: =IF(D6="","",COUNTIF(دانش‌آموزان!$I$5:$I$104,D6)) | I6: =IF(D6="","",IF(COUNTIF($D$5:$D$34,D6)>1,"کد تکراری",IF(H6>G6,"بیش از ظرفیت","معتبر")))
A7: 3 | H7: =IF(D7="","",COUNTIF(دانش‌آموزان!$I$5:$I$104,D7)) | I7: =IF(D7="","",IF(COUNTIF($D$5:$D$34,D7)>1,"کد تکراری",IF(H7>G7,"بیش از ظرفیت","معتبر")))
A8: 4 | H8: =IF(D8="","",COUNTIF(دانش‌آموزان!$I$5:$I$104,D8)) | I8: =IF(D8="","",IF(COUNTIF($D$5:$D$34,D8)>1,"کد تکراری",IF(H8>G8,"بیش از ظرفیت","معتبر")))
A9: 5 | H9: =IF(D9="","",COUNTIF(دانش‌آموزان!$I$5:$I$104,D9)) | I9: =IF(D9="","",IF(COUNTIF($D$5:$D$34,D9)>1,"کد تکراری",IF(H9>G9,"بیش از ظرفیت","معتبر")))
A10: 6 | H10: =IF(D10="","",COUNTIF(دانش‌آموزان!$I$5:$I$104,D10)) | I10: =IF(D10="","",IF(COUNTIF($D$5:$D$34,D10)>1,"کد تکراری",IF(H10>G10,"بیش از ظرفیت","معتبر")))
A11: 7 | H11: =IF(D11="","",COUNTIF(دانش‌آموزان!$I$5:$I$104,D11)) | I11: =IF(D11="","",IF(COUNTIF($D$5:$D$34,D11)>1,"کد تکراری",IF(H11>G11,"بیش از ظرفیت","معتبر")))
A12: 8 | H12: =IF(D12="","",COUNTIF(دانش‌آموزان!$I$5:$I$104,D12)) | I12: =IF(D12="","",IF(COUNTIF($D$5:$D$34,D12)>1,"کد تکراری",IF(H12>G12,"بیش از ظرفیت","معتبر")))
A13: 9 | H13: =IF(D13="","",COUNTIF(دانش‌آموزان!$I$5:$I$104,D13)) | I13: =IF(D13="","",IF(COUNTIF($D$5:$D$34,D13)>1,"کد تکراری",IF(H13>G13,"بیش از ظرفیت","معتبر")))
A14: 10 | H14: =IF(D14="","",COUNTIF(دانش‌آموزان!$I$5:$I$104,D14)) | I14: =IF(D14="","",IF(COUNTIF($D$5:$D$34,D14)>1,"کد تکراری",IF(H14>G14,"بیش از ظرفیت","معتبر")))
A15: 11 | H15: =IF(D15="","",COUNTIF(دانش‌آموزان!$I$5:$I$104,D15)) | I15: =IF(D15="","",IF(COUNTIF($D$5:$D$34,D15)>1,"کد تکراری",IF(H15>G15,"بیش از ظرفیت","معتبر")))
A16: 12 | H16: =IF(D16="","",COUNTIF(دانش‌آموزان!$I$5:$I$104,D16)) | I16: =IF(D16="","",IF(COUNTIF($D$5:$D$34,D16)>1,"کد تکراری",IF(H16>G16,"بیش از ظرفیت","معتبر")))
A17: 13 | H17: =IF(D17="","",COUNTIF(دانش‌آموزان!$I$5:$I$104,D17)) | I17: =IF(D17="","",IF(COUNTIF($D$5:$D$34,D17)>1,"کد تکراری",IF(H17>G17,"بیش از ظرفیت","معتبر")))
... A34: 30 | H34: =IF(D34="","",COUNTIF(دانش‌آموزان!$I$5:$I$104,D34)) | I34: =IF(D34="","",IF(COUNTIF($D$5:$D$34,D34)>1,"کد تکراری",IF(H34>G34,"بیش از ظرفیت","معتبر")))

Sheet دانش‌آموزان
A1: فهرست دانش‌آموزان
A2: برای هر دانش‌آموز یک ردیف تکمیل کنید. کد محلی ۱ تا ۱۰۰ از قبل ساخته شده و مبنای گزارش‌های همین فایل است.
A4: ردیف | B4: کد محلی | C4: کد ملی | D4: شماره دانش‌آموزی | E4: نام | F4: نام خانوادگی | G4: جنسیت | H4: تاریخ تولد | I4: کد کلاس | J4: نام کلاس | K4: پایه | L4: وضعیت اطلاعات
A5: 1 | B5: 1 | C5: 0960551832 | D5: 0960551832 | E5: پارسا | F5: ادياني راد | G5: پسر | H5: 1392/01/09 | I5: 801 | J5: =IF(I5="","",IFERROR(INDEX(کلاس‌بندی!$E$5:$E$34,MATCH(I5,کلاس‌بندی!$D$5:$D$34,0)),"کد کلاس نامعتبر")) -> خوارزمی 1 | K5: =IF(I5="","",IFERROR(INDEX(کلاس‌بندی!$F$5:$F$34,MATCH(I5,کلاس‌بندی!$D$5:$D$34,0)),"")) -> هشتم | L5: =IF(COUNTA(C5:I5)=0,"",IF(AND(LEN(C5)=10,D5<>"",E5<>"",F5<>"",G5<>"",H5<>"",I5<>""),"کامل","ناقص")) -> کامل
A6: 2 | B6: 2 | C6: 0960568107 | D6: 0960568107 | E6: علي | F6: اصغرزاده | G6: پسر | H6: 1392/02/12 | I6: 801 | J6: =IF(I6="","",IFERROR(INDEX(کلاس‌بندی!$E$5:$E$34,MATCH(I6,کلاس‌بندی!$D$5:$D$34,0)),"کد کلاس نامعتبر")) -> خوارزمی 1 | K6: =IF(I6="","",IFERROR(INDEX(کلاس‌بندی!$F$5:$F$34,MATCH(I6,کلاس‌بندی!$D$5:$D$34,0)),"")) -> هشتم | L6: =IF(COUNTA(C6:I6)=0,"",IF(AND(LEN(C6)=10,D6<>"",E6<>"",F6<>"",G6<>"",H6<>"",I6<>""),"کامل","ناقص")) -> کامل
A7: 3 | B7: 3 | C7: 94100017036 | D7: 94100017036 | E7: حسين | F7: السعداني | G7: پسر | H7: 1391/10/15 | I7: 801 | J7: =IF(I7="","",IFERROR(INDEX(کلاس‌بندی!$E$5:$E$34,MATCH(I7,کلاس‌بندی!$D$5:$D$34,0)),"کد کلاس نامعتبر")) -> خوارزمی 1 | K7: =IF(I7="","",IFERROR(INDEX(کلاس‌بندی!$F$5:$F$34,MATCH(I7,کلاس‌بندی!$D$5:$D$34,0)),"")) -> هشتم | L7: =IF(COUNTA(C7:I7)=0,"",IF(AND(LEN(C7)=10,D7<>"",E7<>"",F7<>"",G7<>"",H7<>"",I7<>""),"کامل","ناقص")) -> ناقص
A8: 4 | B8: 4 | C8: 0970971788 | D8: 0970971788 | E8: جواد | F8: ثقفي | G8: پسر | H8: 1392/06/28 | I8: 801 | J8: =IF(I8="","",IFERROR(INDEX(کلاس‌بندی!$E$5:$E$34,MATCH(I8,کلاس‌بندی!$D$5:$D$34,0)),"کد کلاس نامعتبر")) -> خوارزمی 1 | K8: =IF(I8="","",IFERROR(INDEX(کلاس‌بندی!$F$5:$F$34,MATCH(I8,کلاس‌بندی!$D$5:$D$34,0)),"")) -> هشتم | L8: =IF(COUNTA(C8:I8)=0,"",IF(AND(LEN(C8)=10,D8<>"",E8<>"",F8<>"",G8<>"",H8<>"",I8<>""),"کامل","ناقص")) -> کامل
A9: 5 | B9: 5 | C9: 0980728177 | D9: 0980728177 | E9: سيدمهديار | F9: جوادي | G9: پسر | H9: 1392/06/29 | I9: 801 | J9: =IF(I9="","",IFERROR(INDEX(کلاس‌بندی!$E$5:$E$34,MATCH(I9,کلاس‌بندی!$D$5:$D$34,0)),"کد کلاس نامعتبر")) -> خوارزمی 1 | K9: =IF(I9="","",IFERROR(INDEX(کلاس‌بندی!$F$5:$F$34,MATCH(I9,کلاس‌بندی!$D$5:$D$34,0)),"")) -> هشتم | L9: =IF(COUNTA(C9:I9)=0,"",IF(AND(LEN(C9)=10,D9<>"",E9<>"",F9<>"",G9<>"",H9<>"",I9<>""),"کامل","ناقص")) -> کامل
A10: 6 | B10: 6 | C10: 0960526307 | D10: 0960526307 | E10: آيدين | F10: چرخكار | G10: پسر | H10: 1391/01/21 | I10: 801 | J10: =IF(I10="","",IFERROR(INDEX(کلاس‌بندی!$E$5:$E$34,MATCH(I10,کلاس‌بندی!$D$5:$D$34,0)),"کد کلاس نامعتبر")) -> خوارزمی 1 | K10: =IF(I10="","",IFERROR(INDEX(کلاس‌بندی!$F$5:$F$34,MATCH(I10,کلاس‌بندی!$D$5:$D$34,0)),"")) -> هشتم | L10: =IF(COUNTA(C10:I10)=0,"",IF(AND(LEN(C10)=10,D10<>"",E10<>"",F10<>"",G10<>"",H10<>"",I10<>""),"کامل","ناقص")) -> کامل
A11: 7 | B11: 7 | C11: 0960565329 | D11: 0960565329 | E11: محمدطاها | F11: حشمتي | G11: پسر | H11: 1392/02/09 | I11: 801 | J11: =IF(I11="","",IFERROR(INDEX(کلاس‌بندی!$E$5:$E$34,MATCH(I11,کلاس‌بندی!$D$5:$D$34,0)),"کد کلاس نامعتبر")) -> خوارزمی 1 | K11: =IF(I11="","",IFERROR(INDEX(کلاس‌بندی!$F$5:$F$34,MATCH(I11,کلاس‌بندی!$D$5:$D$34,0)),"")) -> هشتم | L11: =IF(COUNTA(C11:I11)=0,"",IF(AND(LEN(C11)=10,D11<>"",E11<>"",F11<>"",G11<>"",H11<>"",I11<>""),"کامل","ناقص")) -> کامل
A12: 8 | B12: 8 | C12: 0960592393 | D12: 0960592393 | E12: مهديار | F12: حيدرزاده | G12: پسر | H12: 1392/03/26 | I12: 801 | J12: =IF(I12="","",IFERROR(INDEX(کلاس‌بندی!$E$5:$E$34,MATCH(I12,کلاس‌بندی!$D$5:$D$34,0)),"کد کلاس نامعتبر")) -> خوارزمی 1 | K12: =IF(I12="","",IFERROR(INDEX(کلاس‌بندی!$F$5:$F$34,MATCH(I12,کلاس‌بندی!$D$5:$D$34,0)),"")) -> هشتم | L12: =IF(COUNTA(C12:I12)=0,"",IF(AND(LEN(C12)=10,D12<>"",E12<>"",F12<>"",G12<>"",H12<>"",I12<>""),"کامل","ناقص")) -> کامل
A13: 9 | B13: 9 | C13: 0980638951 | D13: 0980638951 | E13: اميرحسين | F13: دائي صراف | G13: پسر | H13: 1392/02/17 | I13: 801 | J13: =IF(I13="","",IFERROR(INDEX(کلاس‌بندی!$E$5:$E$34,MATCH(I13,کلاس‌بندی!$D$5:$D$34,0)),"کد کلاس نامعتبر")) -> خوارزمی 1 | K13: =IF(I13="","",IFERROR(INDEX(کلاس‌بندی!$F$5:$F$34,MATCH(I13,کلاس‌بندی!$D$5:$D$34,0)),"")) -> هشتم | L13: =IF(COUNTA(C13:I13)=0,"",IF(AND(LEN(C13)=10,D13<>"",E13<>"",F13<>"",G13<>"",H13<>"",I13<>""),"کامل","ناقص")) -> کامل
A14: 10 | B14: 10 | C14: 0960493670 | D14: 0960493670 | E14: حامد | F14: روحي | G14: پسر | H14: 1391/09/20 | I14: 801 | J14: =IF(I14="","",IFERROR(INDEX(کلاس‌بندی!$E$5:$E$34,MATCH(I14,کلاس‌بندی!$D$5:$D$34,0)),"کد کلاس نامعتبر")) -> خوارزمی 1 | K14: =IF(I14="","",IFERROR(INDEX(کلاس‌بندی!$F$5:$F$34,MATCH(I14,کلاس‌بندی!$D$5:$D$34,0)),"")) -> هشتم | L14: =IF(COUNTA(C14:I14)=0,"",IF(AND(LEN(C14)=10,D14<>"",E14<>"",F14<>"",G14<>"",H14<>"",I14<>""),"کامل","ناقص")) -> کامل
A15: 11 | B15: 11 | C15: 0252128788 | D15: 0252128788 | E15: مبين | F15: زمانزاده دربان | G15: پسر | H15: 1392/06/14 | I15: 801 | J15: =IF(I15="","",IFERROR(INDEX(کلاس‌بندی!$E$5:$E$34,MATCH(I15,کلاس‌بندی!$D$5:$D$34,0)),"کد کلاس نامعتبر")) -> خوارزمی 1 | K15: =IF(I15="","",IFERROR(INDEX(کلاس‌بندی!$F$5:$F$34,MATCH(I15,کلاس‌بندی!$D$5:$D$34,0)),"")) -> هشتم | L15: =IF(COUNTA(C15:I15)=0,"",IF(AND(LEN(C15)=10,D15<>"",E15<>"",F15<>"",G15<>"",H15<>"",I15<>""),"کامل","ناقص")) -> کامل
A16: 12 | B16: 12 | C16: 0980597838 | D16: 0980597838 | E16: كوروش | F16: سالاري هدكي | G16: پسر | H16: 1391/11/26 | I16: 801 | J16: =IF(I16="","",IFERROR(INDEX(کلاس‌بندی!$E$5:$E$34,MATCH(I16,کلاس‌بندی!$D$5:$D$34,0)),"کد کلاس نامعتبر")) -> خوارزمی 1 | K16: =IF(I16="","",IFERROR(INDEX(کلاس‌بندی!$F$5:$F$34,MATCH(I16,کلاس‌بندی!$D$5:$D$34,0)),"")) -> هشتم | L16: =IF(COUNTA(C16:I16)=0,"",IF(AND(LEN(C16)=10,D16<>"",E16<>"",F16<>"",G16<>"",H16<>"",I16<>""),"کامل","ناقص")) -> کامل
A17: 13 | B17: 13 | C17: 0960491090 | D17: 0960491090 | E17: پوريا | F17: شوشتري | G17: پسر | H17: 1391/09/16 | I17: 801 | J17: =IF(I17="","",IFERROR(INDEX(کلاس‌بندی!$E$5:$E$34,MATCH(I17,کلاس‌بندی!$D$5:$D$34,0)),"کد کلاس نامعتبر")) -> خوارزمی 1 | K17: =IF(I17="","",IFERROR(INDEX(کلاس‌بندی!$F$5:$F$34,MATCH(I17,کلاس‌بندی!$D$5:$D$34,0)),"")) -> هشتم | L17: =IF(COUNTA(C17:I17)=0,"",IF(AND(LEN(C17)=10,D17<>"",E17<>"",F17<>"",G17<>"",H17<>"",I17<>""),"کامل","ناقص")) -> کامل
A18: 14 | B18: 14 | C18: 0960555821 | D18: 0960555821 | E18: ياسين | F18: صادقي تازه كندي | G18: پسر | H18: 1392/01/21 | I18: 801 | J18: =IF(I18="","",IFERROR(INDEX(کلاس‌بندی!$E$5:$E$34,MATCH(I18,کلاس‌بندی!$D$5:$D$34,0)),"کد کلاس نامعتبر")) -> خوارزمی 1 | K18: =IF(I18="","",IFERROR(INDEX(کلاس‌بندی!$F$5:$F$34,MATCH(I18,کلاس‌بندی!$D$5:$D$34,0)),"")) -> هشتم | L18: =IF(COUNTA(C18:I18)=0,"",IF(AND(LEN(C18)=10,D18<>"",E18<>"",F18<>"",G18<>"",H18<>"",I18<>""),"کامل","ناقص")) -> کامل
A19: 15 | B19: 15 | C19: 0960501711 | D19: 0960501711 | E19: امير حسين | F19: ضيافتي محرابي | G19: پسر | H19: 1391/10/06 | I19: 801 | J19: =IF(I19="","",IFERROR(INDEX(کلاس‌بندی!$E$5:$E$34,MATCH(I19,کلاس‌بندی!$D$5:$D$34,0)),"کد کلاس نامعتبر")) -> خوارزمی 1 | K19: =IF(I19="","",IFERROR(INDEX(کلاس‌بندی!$F$5:$F$34,MATCH(I19,کلاس‌بندی!$D$5:$D$34,0)),"")) -> هشتم | L19: =IF(COUNTA(C19:I19)=0,"",IF(AND(LEN(C19)=10,D19<>"",E19<>"",F19<>"",G19<>"",H19<>"",I19<>""),"کامل","ناقص")) -> کامل
... A39: 35 | B39: 35 | C39: 0970862415 | D39: 0970862415 | E39: اميرعلي | F39: هاشمي | G39: پسر | H39: 1392/04/20 | I39: 801 | J39: =IF(I39="","",IFERROR(INDEX(کلاس‌بندی!$E$5:$E$34,MATCH(I39,کلاس‌بندی!$D$5:$D$34,0)),"کد کلاس نامعتبر")) -> خوارزمی 1 | K39: =IF(I39="","",IFERROR(INDEX(کلاس‌بندی!$F$5:$F$34,MATCH(I39,کلاس‌بندی!$D$5:$D$34,0)),"")) -> هشتم | L39: =IF(COUNTA(C39:I39)=0,"",IF(AND(LEN(C39)=10,D39<>"",E39<>"",F39<>"",G39<>"",H39<>"",I39<>""),"کامل","ناقص")) -> کامل
A40: 36 | B40: 36 | C40: 0960543211 | D40: 0960543211 | E40: كيارش | F40: اتحادي نيا | G40: پسر | H40: 1391/12/24 | I40: 802 | J40: خوارزمی 2 | K40: هشتم | L40: =IF(COUNTA(C40:I40)=0,"",IF(AND(LEN(C40)=10,D40<>"",E40<>"",F40<>"",G40<>"",H40<>"",I40<>""),"کامل","ناقص")) -> کامل
A41: 37 | B41: 37 | C41: 0970552777 | D41: 0970552777 | E41: طاها | F41: اسدي | G41: پسر | H41: 1391/02/30 | I41: 802 | J41: خوارزمی 2 | K41: هشتم | L41: =IF(COUNTA(C41:I41)=0,"",IF(AND(LEN(C41)=10,D41<>"",E41<>"",F41<>"",G41<>"",H41<>"",I41<>""),"کامل","ناقص")) -> کامل
A42: 38 | B42: 38 | C42: 0980430399 | D42: 0980430399 | E42: محمد ماهان | F42: ايرانمنش | G42: پسر | H42: 1391/03/01 | I42: 802 | J42: خوارزمی 2 | K42: هشتم | L42: =IF(COUNTA(C42:I42)=0,"",IF(AND(LEN(C42)=10,D42<>"",E42<>"",F42<>"",G42<>"",H42<>"",I42<>""),"کامل","ناقص")) -> کامل
A43: 39 | B43: 39 | C43: 0960600620 | D43: 0960600620 | E43: فرزاد | F43: آرازش | G43: پسر | H43: 1392/04/09 | I43: 802 | J43: خوارزمی 2 | K43: هشتم | L43: =IF(COUNTA(C43:I43)=0,"",IF(AND(LEN(C43)=10,D43<>"",E43<>"",F43<>"",G43<>"",H43<>"",I43<>""),"کامل","ناقص")) -> کامل
A44: 40 | B44: 40 | C44: 0960472606 | D44: 0960472606 | E44: اميرعلي | F44: بابائي | G44: پسر | H44: 1391/08/07 | I44: 802 | J44: خوارزمی 2 | K44: هشتم | L44: =IF(COUNTA(C44:I44)=0,"",IF(AND(LEN(C44)=10,D44<>"",E44<>"",F44<>"",G44<>"",H44<>"",I44<>""),"کامل","ناقص")) -> کامل
A45: 41 | B45: 41 | C45: 0960516697 | D45: 0960516697 | E45: كسرا | F45: برزگر | G45: پسر | H45: 1391/12/04 | I45: 802 | J45: خوارزمی 2 | K45: هشتم | L45: =IF(COUNTA(C45:I45)=0,"",IF(AND(LEN(C45)=10,D45<>"",E45<>"",F45<>"",G45<>"",H45<>"",I45<>""),"کامل","ناقص")) -> کامل
A46: 42 | B46: 42 | C46: 0960527303 | D46: 0960527303 | E46: باربد | F46: بلندي | G46: پسر | H46: 1391/11/20 | I46: 802 | J46: خوارزمی 2 | K46: هشتم | L46: =IF(COUNTA(C46:I46)=0,"",IF(AND(LEN(C46)=10,D46<>"",E46<>"",F46<>"",G46<>"",H46<>"",I46<>""),"کامل","ناقص")) -> کامل
A47: 43 | B47: 43 | C47: 0960469478 | D47: 0960469478 | E47: محمدسجاد | F47: بوذري | G47: پسر | H47: 1391/08/02 | I47: 802 | J47: خوارزمی 2 | K47: هشتم | L47: =IF(COUNTA(C47:I47)=0,"",IF(AND(LEN(C47)=10,D47<>"",E47<>"",F47<>"",G47<>"",H47<>"",I47<>""),"کامل","ناقص")) -> کامل
A48: 44 | B48: 44 | C48: 0960575340 | D48: 0960575340 | E48: يوسف | F48: جعفري | G48: پسر | H48: 1392/02/25 | I48: 802 | J48: خوارزمی 2 | K48: هشتم | L48: =IF(COUNTA(C48:I48)=0,"",IF(AND(LEN(C48)=10,D48<>"",E48<>"",F48<>"",G48<>"",H48<>"",I48<>""),"کامل","ناقص")) -> کامل
A49: 45 | B49: 45 | C49: 0960550658 | D49: 0960550658 | E49: بنيامين | F49: جعفريان | G49: پسر | H49: 1392/01/03 | I49: 802 | J49: خوارزمی 2 | K49: هشتم | L49: =IF(COUNTA(C49:I49)=0,"",IF(AND(LEN(C49)=10,D49<>"",E49<>"",F49<>"",G49<>"",H49<>"",I49<>""),"کامل","ناقص")) -> کامل
A50: 46 | B50: 46 | C50: 0970836211 | D50: 0970836211 | E50: محمد | F50: چمانه گير | G50: پسر | H50: 1392/03/23 | I50: 802 | J50: خوارزمی 2 | K50: هشتم | L50: =IF(COUNTA(C50:I50)=0,"",IF(AND(LEN(C50)=10,D50<>"",E50<>"",F50<>"",G50<>"",H50<>"",I50<>""),"کامل","ناقص")) -> کامل
A51: 47 | B51: 47 | C51: 93100756484 | D51: 93100756484 | E51: اميرعلي | F51: حسن پور | G51: پسر | H51: 1391/08/25 | I51: 802 | J51: خوارزمی 2 | K51: هشتم | L51: =IF(COUNTA(C51:I51)=0,"",IF(AND(LEN(C51)=10,D51<>"",E51<>"",F51<>"",G51<>"",H51<>"",I51<>""),"کامل","ناقص")) -> ناقص
... A67: 63 | B67: 63 | C67: 0980536839 | D67: 0980536839 | E67: اميرعلي | F67: كامكار سه قلعه | G67: پسر | H67: 1391/08/11 | I67: 802 | J67: خوارزمی 2 | K67: هشتم | L67: =IF(COUNTA(C67:I67)=0,"",IF(AND(LEN(C67)=10,D67<>"",E67<>"",F67<>"",G67<>"",H67<>"",I67<>""),"کامل","ناقص")) -> کامل
A68: 64 | B68: 64 | C68: 0970811012 | D68: 970811012 | E68: علي | F68: محمدي شكرانلويي | G68: پسر | H68: 1392/02/15 | I68: 802 | J68: خوارزمی 2 | K68: هشتم | L68: =IF(COUNTA(C68:I68)=0,"",IF(AND(LEN(C68)=10,D68<>"",E68<>"",F68<>"",G68<>"",H68<>"",I68<>""),"کامل","ناقص")) -> کامل
A69: 65 | B69: 65 | C69: 0980566401 | D69: 0980566401 | E69: ايليا | F69: مشيري | G69: پسر | H69: 1391/10/15 | I69: 802 | J69: خوارزمی 2 | K69: هشتم | L69: =IF(COUNTA(C69:I69)=0,"",IF(AND(LEN(C69)=10,D69<>"",E69<>"",F69<>"",G69<>"",H69<>"",I69<>""),"کامل","ناقص")) -> کامل
A70: 66 | B70: 66 | C70: 0760725179 | D70: 0760725179 | E70: احمدرضا | F70: مصطفي پور | G70: پسر | H70: 1392/01/31 | I70: 802 | J70: خوارزمی 2 | K70: هشتم | L70: =IF(COUNTA(C70:I70)=0,"",IF(AND(LEN(C70)=10,D70<>"",E70<>"",F70<>"",G70<>"",H70<>"",I70<>""),"کامل","ناقص")) -> کامل
A71: 67 | B71: 67 | C71: 0980629063 | D71: 0980629063 | E71: سيد مرتضي | F71: موسوي | G71: پسر | H71: 1392/01/27 | I71: 802 | J71: خوارزمی 2 | K71: هشتم | L71: =IF(COUNTA(C71:I71)=0,"",IF(AND(LEN(C71)=10,D71<>"",E71<>"",F71<>"",G71<>"",H71<>"",I71<>""),"کامل","ناقص")) -> کامل
A72: 68 | B72: 68 | C72: 0960448357 | D72: 0960448357 | E72: اميرعلي | F72: نظري | G72: پسر | H72: 1391/06/21 | I72: 802 | J72: خوارزمی 2 | K72: هشتم | L72: =IF(COUNTA(C72:I72)=0,"",IF(AND(LEN(C72)=10,D72<>"",E72<>"",F72<>"",G72<>"",H72<>"",I72<>""),"کامل","ناقص")) -> کامل
A73: 69 | B73: 69 | C73: 0970831919 | D73: 0970831919 | E73: محمدمحسن | F73: نعيمي | G73: پسر | H73: 1392/03/18 | I73: 802 | J73: خوارزمی 2 | K73: هشتم | L73: =IF(COUNTA(C73:I73)=0,"",IF(AND(LEN(C73)=10,D73<>"",E73<>"",F73<>"",G73<>"",H73<>"",I73<>""),"کامل","ناقص")) -> کامل
A74: 70 | B74: 70 | K74: =IF(I74="","",IFERROR(INDEX(کلاس‌بندی!$F$5:$F$34,MATCH(I74,کلاس‌بندی!$D$5:$D$34,0)),"")) | L74: =IF(COUNTA(C74:I74)=0,"",IF(AND(LEN(C74)=10,D74<>"",E74<>"",F74<>"",G74<>"",H74<>"",I74<>""),"کامل","ناقص"))
A75: 71 | B75: 71 | K75: =IF(I75="","",IFERROR(INDEX(کلاس‌بندی!$F$5:$F$34,MATCH(I75,کلاس‌بندی!$D$5:$D$34,0)),"")) | L75: =IF(COUNTA(C75:I75)=0,"",IF(AND(LEN(C75)=10,D75<>"",E75<>"",F75<>"",G75<>"",H75<>"",I75<>""),"کامل","ناقص"))
A76: 72 | B76: 72 | K76: =IF(I76="","",IFERROR(INDEX(کلاس‌بندی!$F$5:$F$34,MATCH(I76,کلاس‌بندی!$D$5:$D$34,0)),"")) | L76: =IF(COUNTA(C76:I76)=0,"",IF(AND(LEN(C76)=10,D76<>"",E76<>"",F76<>"",G76<>"",H76<>"",I76<>""),"کامل","ناقص"))
A77: 73 | B77: 73 | K77: =IF(I77="","",IFERROR(INDEX(کلاس‌بندی!$F$5:$F$34,MATCH(I77,کلاس‌بندی!$D$5:$D$34,0)),"")) | L77: =IF(COUNTA(C77:I77)=0,"",IF(AND(LEN(C77)=10,D77<>"",E77<>"",F77<>"",G77<>"",H77<>"",I77<>""),"کامل","ناقص"))
A78: 74 | B78: 74 | K78: =IF(I78="","",IFERROR(INDEX(کلاس‌بندی!$F$5:$F$34,MATCH(I78,کلاس‌بندی!$D$5:$D$34,0)),"")) | L78: =IF(COUNTA(C78:I78)=0,"",IF(AND(LEN(C78)=10,D78<>"",E78<>"",F78<>"",G78<>"",H78<>"",I78<>""),"کامل","ناقص"))
A79: 75 | B79: 75 | K79: =IF(I79="","",IFERROR(INDEX(کلاس‌بندی!$F$5:$F$34,MATCH(I79,کلاس‌بندی!$D$5:$D$34,0)),"")) | L79: =IF(COUNTA(C79:I79)=0,"",IF(AND(LEN(C79)=10,D79<>"",E79<>"",F79<>"",G79<>"",H79<>"",I79<>""),"کامل","ناقص"))
A80: 76 | B80: 76 | K80: =IF(I80="","",IFERROR(INDEX(کلاس‌بندی!$F$5:$F$34,MATCH(I80,کلاس‌بندی!$D$5:$D$34,0)),"")) | L80: =IF(COUNTA(C80:I80)=0,"",IF(AND(LEN(C80)=10,D80<>"",E80<>"",F80<>"",G80<>"",H80<>"",I80<>""),"کامل","ناقص"))
A81: 77 | B81: 77 | K81: =IF(I81="","",IFERROR(INDEX(کلاس‌بندی!$F$5:$F$34,MATCH(I81,کلاس‌بندی!$D$5:$D$34,0)),"")) | L81: =IF(COUNTA(C81:I81)=0,"",IF(AND(LEN(C81)=10,D81<>"",E81<>"",F81<>"",G81<>"",H81<>"",I81<>""),"کامل","ناقص"))
A82: 78 | B82: 78 | K82: =IF(I82="","",IFERROR(INDEX(کلاس‌بندی!$F$5:$F$34,MATCH(I82,کلاس‌بندی!$D$5:$D$34,0)),"")) | L82: =IF(COUNTA(C82:I82)=0,"",IF(AND(LEN(C82)=10,D82<>"",E82<>"",F82<>"",G82<>"",H82<>"",I82<>""),"کامل","ناقص"))
A83: 79 | B83: 79 | K83: =IF(I83="","",IFERROR(INDEX(کلاس‌بندی!$F$5:$F$34,MATCH(I83,کلاس‌بندی!$D$5:$D$34,0)),"")) | L83: =IF(COUNTA(C83:I83)=0,"",IF(AND(LEN(C83)=10,D83<>"",E83<>"",F83<>"",G83<>"",H83<>"",I83<>""),"کامل","ناقص"))
A84: 80 | B84: 80 | K84: =IF(I84="","",IFERROR(INDEX(کلاس‌بندی!$F$5:$F$34,MATCH(I84,کلاس‌بندی!$D$5:$D$34,0)),"")) | L84: =IF(COUNTA(C84:I84)=0,"",IF(AND(LEN(C84)=10,D84<>"",E84<>"",F84<>"",G84<>"",H84<>"",I84<>""),"کامل","ناقص"))
A85: 81 | B85: 81 | K85: =IF(I85="","",IFERROR(INDEX(کلاس‌بندی!$F$5:$F$34,MATCH(I85,کلاس‌بندی!$D$5:$D$34,0)),"")) | L85: =IF(COUNTA(C85:I85)=0,"",IF(AND(LEN(C85)=10,D85<>"",E85<>"",F85<>"",G85<>"",H85<>"",I85<>""),"کامل","ناقص"))
... A104: 100 | B104: 100 | K104: =IF(I104="","",IFERROR(INDEX(کلاس‌بندی!$F$5:$F$34,MATCH(I104,کلاس‌بندی!$D$5:$D$34,0)),"")) | L104: =IF(COUNTA(C104:I104)=0,"",IF(AND(LEN(C104)=10,D104<>"",E104<>"",F104<>"",G104<>"",H104<>"",I104<>""),"کامل","ناقص"))

Sheet تنظیمات وزن‌دهی
A1: تنظیمات وزن‌دهی حوزه‌ها
A2: اوزان فعلی مطابق فایل مدرسه و مجموع آن‌ها ۱۰۰ است. برای حفظ سازگاری سامانه، نام و کد حوزه‌ها را تغییر ندهید.
A4: کد حوزه | B4: نام حوزه | C4: وزن درصدی | D4: تعداد شاخص | E4: شروع ستون شاخص | F4: پایان ستون شاخص
A5: EDU | B5: آموزشی | C5: 20 | D5: 8 | E5: G | F5: N
A6: DEV | B6: پرورشی | C6: 15 | D6: 5 | E6: O | F6: S
A7: CHR | B7: تربیتی | C7: 15 | D7: 2 | E7: T | F7: U
A8: DIS | B8: انضباطی | C8: 15 | D8: 5 | E8: V | F8: Z
A9: CUL | B9: فرهنگی | C9: 7 | D9: 3 | E9: AA | F9: AC
A10: RES | B10: پژوهشی | C10: 8 | D10: 6 | E10: AD | F10: AI
A11: SPT | B11: ورزشی | C11: 7 | D11: 7 | E11: AJ | F11: AP
A12: ART | B12: هنری | C12: 6 | D12: 7 | E12: AQ | F12: AW
A13: PER | B13: مهارت‌های فردی | C13: 7 | D13: 3 | E13: AX | F13: AZ
A15: جمع وزن‌ها | C15: =SUM(C5:C13) -> 100

Sheet بانک راهکارها
A1: بانک راهکارهای پیشنهادی
A2: برای دانش‌آموزانی که ارزیابی نهایی دارند، پیشنهاد بر اساس ضعیف‌ترین حوزه انتخاب می‌شود.
A4: ردیف | B4: حوزه | C4: راهکار پیشنهادی | D4: کاربرد
A5: 1 | B5: آموزشی | C5: جلسه فردی، برنامه مطالعه هدفمند و پیگیری هفتگی تکالیف پیشنهاد می‌شود. | D5: پس از بررسی مربی و شرایط دانش‌آموز اجرا شود.
A6: 2 | B6: پرورشی | C6: تقویت مسئولیت‌پذیری با نقش‌های کوچک کلاسی و بازخورد مثبت پیشنهاد می‌شود. | D6: پس از بررسی مربی و شرایط دانش‌آموز اجرا شود.
A7: 3 | B7: تربیتی | C7: تمرین هدف‌گذاری، خودارزیابی و مدیریت هیجان با همراهی مربی پیشنهاد می‌شود. | D7: پس از بررسی مربی و شرایط دانش‌آموز اجرا شود.
A8: 4 | B8: انضباطی | C8: قواعد روشن، قرارداد رفتاری کوتاه‌مدت و ثبت منظم پیشرفت پیشنهاد می‌شود. | D8: پس از بررسی مربی و شرایط دانش‌آموز اجرا شود.
A9: 5 | B9: فرهنگی | C9: مشارکت در برنامه‌های فرهنگی، مطالعه هدایت‌شده و فعالیت گروهی پیشنهاد می‌شود. | D9: پس از بررسی مربی و شرایط دانش‌آموز اجرا شود.
A10: 6 | B10: پژوهشی | C10: یک پروژه کوچک پژوهشی با منابع مشخص و ارائه کوتاه پیشنهاد می‌شود. | D10: پس از بررسی مربی و شرایط دانش‌آموز اجرا شود.
A11: 7 | B11: ورزشی | C11: برنامه فعالیت بدنی منظم و مشارکت در ورزش گروهی پیشنهاد می‌شود. | D11: پس از بررسی مربی و شرایط دانش‌آموز اجرا شود.
A12: 8 | B12: هنری | C12: انتخاب یک فعالیت هنری متناسب با علاقه و ارائه دوره‌ای اثر پیشنهاد می‌شود. | D12: پس از بررسی مربی و شرایط دانش‌آموز اجرا شود.
A13: 9 | B13: مهارت‌های فردی | C13: تمرین برنامه‌ریزی هفتگی، ارتباط مؤثر و کار تیمی پیشنهاد می‌شود. | D13: پس از بررسی مربی و شرایط دانش‌آموز اجرا شود.

Sheet ثبت اطلاعات
A1: ثبت ارزیابی و نمرات ماهانه
A2: هر دانش‌آموز ۱۲ ردیف دارد. ستون‌های زردِ شاخص‌ها را از ۰ تا ۵ تکمیل کنید؛ نتیجه نهایی فقط پس از ثبت هر ۴۶ شاخص نمایش داده می‌شود.
A4: ردیف | B4: ماه | C4: کد محلی | D4: کد ملی | E4: نام و نام خانوادگی | F4: کد کلاس | G4: EDU_01 | نمرات درسی | H4: EDU_02 | پیشرفت نسبت به قبل | I4: EDU_03 | انجام تکالیف | J4: EDU_04 | مشارکت در کلاس | K4: EDU_05 | دقت و تمرکز | L4: EDU_06 | مهارت حل مسئله | M4: EDU_07 | آمادگی برای امتحان | N4: EDU_08 | مطالعه غیر درسی | O4: DEV_01 | احترام به معلم و همکلاسی | P4: DEV_02 | مسئولیت‌پذیری | Q4: DEV_03 | همکاری با دیگران | R4: DEV_04 | ادب و رفتار اجتماعی | S4: DEV_05 | اعتماد به نفس | T4: CHR_01 | هدف‌گذاری | U4: CHR_02 | دوست یابی | V4: DIS_01 | حضور و غیاب | W4: DIS_02 | تأخیر | X4: DIS_03 | رعایت قوانین مدرسه | Y4: DIS_04 | رعایت پوشش | Z4: DIS_05 | احترام به مقررات کلاس | AA4: CUL_01 | مشارکت در برنامه‌های فرهنگی | AB4: CUL_02 | شناخت ارزش‌های اجتماعی | AC4: CUL_03 | رفتار مناسب در مراسم‌ها | AD4: RES_01 | انجام تحقیق | AE4: RES_02 | خلاقیت در پروژه‌ها | AF4: RES_03 | تحلیل اطلاعات | AG4: RES_04 | استفاده از منابع | AH4: RES_05 | نوآوری | AI4: RES_06 | پرسشگری | AJ4: SPT_01 | آمادگی جسمانی | AK4: SPT_02 | مشارکت در فعالیت‌های ورزشی | AL4: SPT_03 | روحیه تیمی | AM4: SPT_04 | رعایت قوانین بازی | AN4: SPT_05 | تلاش و پشتکار | AO4: SPT_06 | پیشرفت بدنی | AP4: SPT_07 | مهارت‌های حرکتی | AQ4: ART_01 | خلاقیت | AR4: ART_02 | مشارکت در فعالیت‌های هنری | AS4: ART_03 | مهارت در نقاشی / موسیقی / ... | AT4: ART_04 | دقت در کار هنری | AU4: ART_05 | نوآوری | AV4: ART_06 | علاقه‌مندی | AW4: ART_07 | ارائه آثار | AX4: PER_01 | مهارت ارتباطی | AY4: PER_02 | مهارت برنامه‌ریزی | AZ4: PER_03 | ارائه مطلب | CC4: امتیاز آموزشی (۰ تا ۲۰) | CD4: امتیاز پرورشی (۰ تا ۲۰) | CE4: امتیاز تربیتی (۰ تا ۲۰) | CF4: امتیاز انضباطی (۰ تا ۲۰) | CG4: امتیاز فرهنگی (۰ تا ۲۰) | CH4: امتیاز پژوهشی (۰ تا ۲۰) | CI4: امتیاز ورزشی (۰ تا ۲۰) | CJ4: امتیاز هنری (۰ تا ۲۰) | CK4: امتیاز مهارت‌های فردی (۰ تا ۲۰) | CL4: میانگین وزنی نهایی | CM4: سطح عملکرد | CN4: شماره ماه | CO4: درصد تکمیل | CP4: توضیحات
A5: 1 | B5: تیر | C5: =IF(دانش‌آموزان!E5="","",دانش‌آموزان!B5) -> 1 | D5: =IF(دانش‌آموزان!C5="","",دانش‌آموزان!C5) -> 0960551832 | E5: =IF(دانش‌آموزان!E5="","",دانش‌آموزان!E5&" "&دانش‌آموزان!F5) -> پارسا ادياني راد | F5: =IF(دانش‌آموزان!I5="","",دانش‌آموزان!I5) -> 801 | CC5: =IF(COUNT(G5:N5)=0,"",AVERAGE(G5:N5)*4) | CD5: =IF(COUNT(O5:S5)=0,"",AVERAGE(O5:S5)*4) | CE5: =IF(COUNT(T5:U5)=0,"",AVERAGE(T5:U5)*4) | CF5: =IF(COUNT(V5:Z5)=0,"",AVERAGE(V5:Z5)*4) | CG5: =IF(COUNT(AA5:AC5)=0,"",AVERAGE(AA5:AC5)*4) | CH5: =IF(COUNT(AD5:AI5)=0,"",AVERAGE(AD5:AI5)*4) | CI5: =IF(COUNT(AJ5:AP5)=0,"",AVERAGE(AJ5:AP5)*4) | CJ5: =IF(COUNT(AQ5:AW5)=0,"",AVERAGE(AQ5:AW5)*4) | CK5: =IF(COUNT(AX5:AZ5)=0,"",AVERAGE(AX5:AZ5)*4) | CL5: =IF(C5="","",IF(COUNT(G5:AZ5)<46,"",SUMPRODUCT(CC5:CK5,'تنظیمات وزن‌دهی'!$C$5:$C$13)/100)) | CM5: =IF(C5="","",IF(COUNT(G5:AZ5)=0,"",IF(COUNT(G5:AZ5)<46,"موقت - اطلاعات ناقص",IF(CL5>=17,"عالی",IF(CL5>=14,"خوب",IF(CL5>=10,"متوسط","ضعیف")))))) | CN5: 1 | CO5: =IF(C5="","",COUNT(G5:AZ5)/46) -> 0
A6: 2 | B6: مرداد | C6: =IF(دانش‌آموزان!E5="","",دانش‌آموزان!B5) -> 1 | D6: =IF(دانش‌آموزان!C5="","",دانش‌آموزان!C5) -> 0960551832 | E6: =IF(دانش‌آموزان!E5="","",دانش‌آموزان!E5&" "&دانش‌آموزان!F5) -> پارسا ادياني راد | F6: =IF(دانش‌آموزان!I5="","",دانش‌آموزان!I5) -> 801 | CC6: =IF(COUNT(G6:N6)=0,"",AVERAGE(G6:N6)*4) | CD6: =IF(COUNT(O6:S6)=0,"",AVERAGE(O6:S6)*4) | CE6: =IF(COUNT(T6:U6)=0,"",AVERAGE(T6:U6)*4) | CF6: =IF(COUNT(V6:Z6)=0,"",AVERAGE(V6:Z6)*4) | CG6: =IF(COUNT(AA6:AC6)=0,"",AVERAGE(AA6:AC6)*4) | CH6: =IF(COUNT(AD6:AI6)=0,"",AVERAGE(AD6:AI6)*4) | CI6: =IF(COUNT(AJ6:AP6)=0,"",AVERAGE(AJ6:AP6)*4) | CJ6: =IF(COUNT(AQ6:AW6)=0,"",AVERAGE(AQ6:AW6)*4) | CK6: =IF(COUNT(AX6:AZ6)=0,"",AVERAGE(AX6:AZ6)*4) | CL6: =IF(C6="","",IF(COUNT(G6:AZ6)<46,"",SUMPRODUCT(CC6:CK6,'تنظیمات وزن‌دهی'!$C$5:$C$13)/100)) | CM6: =IF(C6="","",IF(COUNT(G6:AZ6)=0,"",IF(COUNT(G6:AZ6)<46,"موقت - اطلاعات ناقص",IF(CL6>=17,"عالی",IF(CL6>=14,"خوب",IF(CL6>=10,"متوسط","ضعیف")))))) | CN6: 2 | CO6: =IF(C6="","",COUNT(G6:AZ6)/46) -> 0
A7: 3 | B7: شهریور | C7: =IF(دانش‌آموزان!E5="","",دانش‌آموزان!B5) -> 1 | D7: =IF(دانش‌آموزان!C5="","",دانش‌آموزان!C5) -> 0960551832 | E7: =IF(دانش‌آموزان!E5="","",دانش‌آموزان!E5&" "&دانش‌آموزان!F5) -> پارسا ادياني راد | F7: =IF(دانش‌آموزان!I5="","",دانش‌آموزان!I5) -> 801 | G7: 19.4 | H7: ندارد | I7: 5 | J7: 5 | K7: 5 | L7: 5 | M7: 5 | N7: 5 | O7: 5 | P7: 5 | Q7: 5 | R7: 5 | S7: 5 | T7: 5 | U7: 5 | V7: 5 | W7: 5 | X7: 5 | Y7: 5 | Z7: 5 | AA7: 5 | AB7: 5 | AC7: 5 | AD7: ندارد | AE7: ندارد | AF7: ندارد | AG7: ندارد | AH7: ندارد | AI7: ندارد | AJ7: 5 | AK7: 5 | AL7: 5 | AM7: 5 | AN7: 5 | AO7: 5 | AP7: 5 | AQ7: ندارد | AR7: ندارد | AS7: ندارد | AT7: ندارد | AU7: ندارد | AV7: ندارد | AW7: ندارد | AX7: ندارد | AY7: ندارد | AZ7: ندارد | CC7: =IF(COUNT(G7:N7)=0,"",AVERAGE(G7:N7)*4) -> 28.228571 | CD7: =IF(COUNT(O7:S7)=0,"",AVERAGE(O7:S7)*4) -> 20 | CE7: =IF(COUNT(T7:U7)=0,"",AVERAGE(T7:U7)*4) -> 20 | CF7: =IF(COUNT(V7:Z7)=0,"",AVERAGE(V7:Z7)*4) -> 20 | CG7: =IF(COUNT(AA7:AC7)=0,"",AVERAGE(AA7:AC7)*4) -> 20 | CH7: =IF(COUNT(AD7:AI7)=0,"",AVERAGE(AD7:AI7)*4) | CI7: =IF(COUNT(AJ7:AP7)=0,"",AVERAGE(AJ7:AP7)*4) -> 20 | CJ7: =IF(COUNT(AQ7:AW7)=0,"",AVERAGE(AQ7:AW7)*4) | CK7: =IF(COUNT(AX7:AZ7)=0,"",AVERAGE(AX7:AZ7)*4) | CL7: =IF(C7="","",IF(COUNT(G7:AZ7)<46,"",SUMPRODUCT(CC7:CK7,'تنظیمات وزن‌دهی'!$C$5:$C$13)/100)) | CM7: =IF(C7="","",IF(COUNT(G7:AZ7)=0,"",IF(COUNT(G7:AZ7)<46,"موقت - اطلاعات ناقص",IF(CL7>=17,"عالی",IF(CL7>=14,"خوب",IF(CL7>=10,"متوسط","ضعیف")))))) -> موقت - اطلاعات ناقص | CN7: 3 | CO7: =IF(C7="","",COUNT(G7:AZ7)/46) -> 0.63043478
A8: 4 | B8: مهر | C8: =IF(دانش‌آموزان!E5="","",دانش‌آموزان!B5) -> 1 | D8: =IF(دانش‌آموزان!C5="","",دانش‌آموزان!C5) -> 0960551832 | E8: =IF(دانش‌آموزان!E5="","",دانش‌آموزان!E5&" "&دانش‌آموزان!F5) -> پارسا ادياني راد | F8: =IF(دانش‌آموزان!I5="","",دانش‌آموزان!I5) -> 801 | CC8: =IF(COUNT(G8:N8)=0,"",AVERAGE(G8:N8)*4) | CD8: =IF(COUNT(O8:S8)=0,"",AVERAGE(O8:S8)*4) | CE8: =IF(COUNT(T8:U8)=0,"",AVERAGE(T8:U8)*4) | CF8: =IF(COUNT(V8:Z8)=0,"",AVERAGE(V8:Z8)*4) | CG8: =IF(COUNT(AA8:AC8)=0,"",AVERAGE(AA8:AC8)*4) | CH8: =IF(COUNT(AD8:AI8)=0,"",AVERAGE(AD8:AI8)*4) | CI8: =IF(COUNT(AJ8:AP8)=0,"",AVERAGE(AJ8:AP8)*4) | CJ8: =IF(COUNT(AQ8:AW8)=0,"",AVERAGE(AQ8:AW8)*4) | CK8: =IF(COUNT(AX8:AZ8)=0,"",AVERAGE(AX8:AZ8)*4) | CL8: =IF(C8="","",IF(COUNT(G8:AZ8)<46,"",SUMPRODUCT(CC8:CK8,'تنظیمات وزن‌دهی'!$C$5:$C$13)/100)) | CM8: =IF(C8="","",IF(COUNT(G8:AZ8)=0,"",IF(COUNT(G8:AZ8)<46,"موقت - اطلاعات ناقص",IF(CL8>=17,"عالی",IF(CL8>=14,"خوب",IF(CL8>=10,"متوسط","ضعیف")))))) | CN8: 4 | CO8: =IF(C8="","",COUNT(G8:AZ8)/46) -> 0
A9: 5 | B9: آبان | C9: =IF(دانش‌آموزان!E5="","",دانش‌آموزان!B5) -> 1 | D9: =IF(دانش‌آموزان!C5="","",دانش‌آموزان!C5) -> 0960551832 | E9: =IF(دانش‌آموزان!E5="","",دانش‌آموزان!E5&" "&دانش‌آموزان!F5) -> پارسا ادياني راد | F9: =IF(دانش‌آموزان!I5="","",دانش‌آموزان!I5) -> 801 | CC9: =IF(COUNT(G9:N9)=0,"",AVERAGE(G9:N9)*4) | CD9: =IF(COUNT(O9:S9)=0,"",AVERAGE(O9:S9)*4) | CE9: =IF(COUNT(T9:U9)=0,"",AVERAGE(T9:U9)*4) | CF9: =IF(COUNT(V9:Z9)=0,"",AVERAGE(V9:Z9)*4) | CG9: =IF(COUNT(AA9:AC9)=0,"",AVERAGE(AA9:AC9)*4) | CH9: =IF(COUNT(AD9:AI9)=0,"",AVERAGE(AD9:AI9)*4) | CI9: =IF(COUNT(AJ9:AP9)=0,"",AVERAGE(AJ9:AP9)*4) | CJ9: =IF(COUNT(AQ9:AW9)=0,"",AVERAGE(AQ9:AW9)*4) | CK9: =IF(COUNT(AX9:AZ9)=0,"",AVERAGE(AX9:AZ9)*4) | CL9: =IF(C9="","",IF(COUNT(G9:AZ9)<46,"",SUMPRODUCT(CC9:CK9,'تنظیمات وزن‌دهی'!$C$5:$C$13)/100)) | CM9: =IF(C9="","",IF(COUNT(G9:AZ9)=0,"",IF(COUNT(G9:AZ9)<46,"موقت - اطلاعات ناقص",IF(CL9>=17,"عالی",IF(CL9>=14,"خوب",IF(CL9>=10,"متوسط","ضعیف")))))) | CN9: 5 | CO9: =IF(C9="","",COUNT(G9:AZ9)/46) -> 0
A10: 6 | B10: آذر | C10: =IF(دانش‌آموزان!E5="","",دانش‌آموزان!B5) -> 1 | D10: =IF(دانش‌آموزان!C5="","",دانش‌آموزان!C5) -> 0960551832 | E10: =IF(دانش‌آموزان!E5="","",دانش‌آموزان!E5&" "&دانش‌آموزان!F5) -> پارسا ادياني راد | F10: =IF(دانش‌آموزان!I5="","",دانش‌آموزان!I5) -> 801 | CC10: =IF(COUNT(G10:N10)=0,"",AVERAGE(G10:N10)*4) | CD10: =IF(COUNT(O10:S10)=0,"",AVERAGE(O10:S10)*4) | CE10: =IF(COUNT(T10:U10)=0,"",AVERAGE(T10:U10)*4) | CF10: =IF(COUNT(V10:Z10)=0,"",AVERAGE(V10:Z10)*4) | CG10: =IF(COUNT(AA10:AC10)=0,"",AVERAGE(AA10:AC10)*4) | CH10: =IF(COUNT(AD10:AI10)=0,"",AVERAGE(AD10:AI10)*4) | CI10: =IF(COUNT(AJ10:AP10)=0,"",AVERAGE(AJ10:AP10)*4) | CJ10: =IF(COUNT(AQ10:AW10)=0,"",AVERAGE(AQ10:AW10)*4) | CK10: =IF(COUNT(AX10:AZ10)=0,"",AVERAGE(AX10:AZ10)*4) | CL10: =IF(C10="","",IF(COUNT(G10:AZ10)<46,"",SUMPRODUCT(CC10:CK10,'تنظیمات وزن‌دهی'!$C$5:$C$13)/100)) | CM10: =IF(C10="","",IF(COUNT(G10:AZ10)=0,"",IF(COUNT(G10:AZ10)<46,"موقت - اطلاعات ناقص",IF(CL10>=17,"عالی",IF(CL10>=14,"خوب",IF(CL10>=10,"متوسط","ضعیف")))))) | CN10: 6 | CO10: =IF(C10="","",COUNT(G10:AZ10)/46) -> 0
A11: 7 | B11: دی | C11: =IF(دانش‌آموزان!E5="","",دانش‌آموزان!B5) -> 1 | D11: =IF(دانش‌آموزان!C5="","",دانش‌آموزان!C5) -> 0960551832 | E11: =IF(دانش‌آموزان!E5="","",دانش‌آموزان!E5&" "&دانش‌آموزان!F5) -> پارسا ادياني راد | F11: =IF(دانش‌آموزان!I5="","",دانش‌آموزان!I5) -> 801 | CC11: =IF(COUNT(G11:N11)=0,"",AVERAGE(G11:N11)*4) | CD11: =IF(COUNT(O11:S11)=0,"",AVERAGE(O11:S11)*4) | CE11: =IF(COUNT(T11:U11)=0,"",AVERAGE(T11:U11)*4) | CF11: =IF(COUNT(V11:Z11)=0,"",AVERAGE(V11:Z11)*4) | CG11: =IF(COUNT(AA11:AC11)=0,"",AVERAGE(AA11:AC11)*4) | CH11: =IF(COUNT(AD11:AI11)=0,"",AVERAGE(AD11:AI11)*4) | CI11: =IF(COUNT(AJ11:AP11)=0,"",AVERAGE(AJ11:AP11)*4) | CJ11: =IF(COUNT(AQ11:AW11)=0,"",AVERAGE(AQ11:AW11)*4) | CK11: =IF(COUNT(AX11:AZ11)=0,"",AVERAGE(AX11:AZ11)*4) | CL11: =IF(C11="","",IF(COUNT(G11:AZ11)<46,"",SUMPRODUCT(CC11:CK11,'تنظیمات وزن‌دهی'!$C$5:$C$13)/100)) | CM11: =IF(C11="","",IF(COUNT(G11:AZ11)=0,"",IF(COUNT(G11:AZ11)<46,"موقت - اطلاعات ناقص",IF(CL11>=17,"عالی",IF(CL11>=14,"خوب",IF(CL11>=10,"متوسط","ضعیف")))))) | CN11: 7 | CO11: =IF(C11="","",COUNT(G11:AZ11)/46) -> 0
A12: 8 | B12: بهمن | C12: =IF(دانش‌آموزان!E5="","",دانش‌آموزان!B5) -> 1 | D12: =IF(دانش‌آموزان!C5="","",دانش‌آموزان!C5) -> 0960551832 | E12: =IF(دانش‌آموزان!E5="","",دانش‌آموزان!E5&" "&دانش‌آموزان!F5) -> پارسا ادياني راد | F12: =IF(دانش‌آموزان!I5="","",دانش‌آموزان!I5) -> 801 | CC12: =IF(COUNT(G12:N12)=0,"",AVERAGE(G12:N12)*4) | CD12: =IF(COUNT(O12:S12)=0,"",AVERAGE(O12:S12)*4) | CE12: =IF(COUNT(T12:U12)=0,"",AVERAGE(T12:U12)*4) | CF12: =IF(COUNT(V12:Z12)=0,"",AVERAGE(V12:Z12)*4) | CG12: =IF(COUNT(AA12:AC12)=0,"",AVERAGE(AA12:AC12)*4) | CH12: =IF(COUNT(AD12:AI12)=0,"",AVERAGE(AD12:AI12)*4) | CI12: =IF(COUNT(AJ12:AP12)=0,"",AVERAGE(AJ12:AP12)*4) | CJ12: =IF(COUNT(AQ12:AW12)=0,"",AVERAGE(AQ12:AW12)*4) | CK12: =IF(COUNT(AX12:AZ12)=0,"",AVERAGE(AX12:AZ12)*4) | CL12: =IF(C12="","",IF(COUNT(G12:AZ12)<46,"",SUMPRODUCT(CC12:CK12,'تنظیمات وزن‌دهی'!$C$5:$C$13)/100)) | CM12: =IF(C12="","",IF(COUNT(G12:AZ12)=0,"",IF(COUNT(G12:AZ12)<46,"موقت - اطلاعات ناقص",IF(CL12>=17,"عالی",IF(CL12>=14,"خوب",IF(CL12>=10,"متوسط","ضعیف")))))) | CN12: 8 | CO12: =IF(C12="","",COUNT(G12:AZ12)/46) -> 0
A13: 9 | B13: اسفند | C13: =IF(دانش‌آموزان!E5="","",دانش‌آموزان!B5) -> 1 | D13: =IF(دانش‌آموزان!C5="","",دانش‌آموزان!C5) -> 0960551832 | E13: =IF(دانش‌آموزان!E5="","",دانش‌آموزان!E5&" "&دانش‌آموزان!F5) -> پارسا ادياني راد | F13: =IF(دانش‌آموزان!I5="","",دانش‌آموزان!I5) -> 801 | CC13: =IF(COUNT(G13:N13)=0,"",AVERAGE(G13:N13)*4) | CD13: =IF(COUNT(O13:S13)=0,"",AVERAGE(O13:S13)*4) | CE13: =IF(COUNT(T13:U13)=0,"",AVERAGE(T13:U13)*4) | CF13: =IF(COUNT(V13:Z13)=0,"",AVERAGE(V13:Z13)*4) | CG13: =IF(COUNT(AA13:AC13)=0,"",AVERAGE(AA13:AC13)*4) | CH13: =IF(COUNT(AD13:AI13)=0,"",AVERAGE(AD13:AI13)*4) | CI13: =IF(COUNT(AJ13:AP13)=0,"",AVERAGE(AJ13:AP13)*4) | CJ13: =IF(COUNT(AQ13:AW13)=0,"",AVERAGE(AQ13:AW13)*4) | CK13: =IF(COUNT(AX13:AZ13)=0,"",AVERAGE(AX13:AZ13)*4) | CL13: =IF(C13="","",IF(COUNT(G13:AZ13)<46,"",SUMPRODUCT(CC13:CK13,'تنظیمات وزن‌دهی'!$C$5:$C$13)/100)) | CM13: =IF(C13="","",IF(COUNT(G13:AZ13)=0,"",IF(COUNT(G13:AZ13)<46,"موقت - اطلاعات ناقص",IF(CL13>=17,"عالی",IF(CL13>=14,"خوب",IF(CL13>=10,"متوسط","ضعیف")))))) | CN13: 9 | CO13: =IF(C13="","",COUNT(G13:AZ13)/46) -> 0
A14: 10 | B14: فروردین | C14: =IF(دانش‌آموزان!E5="","",دانش‌آموزان!B5) -> 1 | D14: =IF(دانش‌آموزان!C5="","",دانش‌آموزان!C5) -> 0960551832 | E14: =IF(دانش‌آموزان!E5="","",دانش‌آموزان!E5&" "&دانش‌آموزان!F5) -> پارسا ادياني راد | F14: =IF(دانش‌آموزان!I5="","",دانش‌آموزان!I5) -> 801 | CC14: =IF(COUNT(G14:N14)=0,"",AVERAGE(G14:N14)*4) | CD14: =IF(COUNT(O14:S14)=0,"",AVERAGE(O14:S14)*4) | CE14: =IF(COUNT(T14:U14)=0,"",AVERAGE(T14:U14)*4) | CF14: =IF(COUNT(V14:Z14)=0,"",AVERAGE(V14:Z14)*4) | CG14: =IF(COUNT(AA14:AC14)=0,"",AVERAGE(AA14:AC14)*4) | CH14: =IF(COUNT(AD14:AI14)=0,"",AVERAGE(AD14:AI14)*4) | CI14: =IF(COUNT(AJ14:AP14)=0,"",AVERAGE(AJ14:AP14)*4) | CJ14: =IF(COUNT(AQ14:AW14)=0,"",AVERAGE(AQ14:AW14)*4) | CK14: =IF(COUNT(AX14:AZ14)=0,"",AVERAGE(AX14:AZ14)*4) | CL14: =IF(C14="","",IF(COUNT(G14:AZ14)<46,"",SUMPRODUCT(CC14:CK14,'تنظیمات وزن‌دهی'!$C$5:$C$13)/100)) | CM14: =IF(C14="","",IF(COUNT(G14:AZ14)=0,"",IF(COUNT(G14:AZ14)<46,"موقت - اطلاعات ناقص",IF(CL14>=17,"عالی",IF(CL14>=14,"خوب",IF(CL14>=10,"متوسط","ضعیف")))))) | CN14: 10 | CO14: =IF(C14="","",COUNT(G14:AZ14)/46) -> 0
A15: 11 | B15: اردیبهشت | C15: =IF(دانش‌آموزان!E5="","",دانش‌آموزان!B5) -> 1 | D15: =IF(دانش‌آموزان!C5="","",دانش‌آموزان!C5) -> 0960551832 | E15: =IF(دانش‌آموزان!E5="","",دانش‌آموزان!E5&" "&دانش‌آموزان!F5) -> پارسا ادياني راد | F15: =IF(دانش‌آموزان!I5="","",دانش‌آموزان!I5) -> 801 | CC15: =IF(COUNT(G15:N15)=0,"",AVERAGE(G15:N15)*4) | CD15: =IF(COUNT(O15:S15)=0,"",AVERAGE(O15:S15)*4) | CE15: =IF(COUNT(T15:U15)=0,"",AVERAGE(T15:U15)*4) | CF15: =IF(COUNT(V15:Z15)=0,"",AVERAGE(V15:Z15)*4) | CG15: =IF(COUNT(AA15:AC15)=0,"",AVERAGE(AA15:AC15)*4) | CH15: =IF(COUNT(AD15:AI15)=0,"",AVERAGE(AD15:AI15)*4) | CI15: =IF(COUNT(AJ15:AP15)=0,"",AVERAGE(AJ15:AP15)*4) | CJ15: =IF(COUNT(AQ15:AW15)=0,"",AVERAGE(AQ15:AW15)*4) | CK15: =IF(COUNT(AX15:AZ15)=0,"",AVERAGE(AX15:AZ15)*4) | CL15: =IF(C15="","",IF(COUNT(G15:AZ15)<46,"",SUMPRODUCT(CC15:CK15,'تنظیمات وزن‌دهی'!$C$5:$C$13)/100)) | CM15: =IF(C15="","",IF(COUNT(G15:AZ15)=0,"",IF(COUNT(G15:AZ15)<46,"موقت - اطلاعات ناقص",IF(CL15>=17,"عالی",IF(CL15>=14,"خوب",IF(CL15>=10,"متوسط","ضعیف")))))) | CN15: 11 | CO15: =IF(C15="","",COUNT(G15:AZ15)/46) -> 0
A16: 12 | B16: خرداد | C16: =IF(دانش‌آموزان!E5="","",دانش‌آموزان!B5) -> 1 | D16: =IF(دانش‌آموزان!C5="","",دانش‌آموزان!C5) -> 0960551832 | E16: =IF(دانش‌آموزان!E5="","",دانش‌آموزان!E5&" "&دانش‌آموزان!F5) -> پارسا ادياني راد | F16: =IF(دانش‌آموزان!I5="","",دانش‌آموزان!I5) -> 801 | CC16: =IF(COUNT(G16:N16)=0,"",AVERAGE(G16:N16)*4) | CD16: =IF(COUNT(O16:S16)=0,"",AVERAGE(O16:S16)*4) | CE16: =IF(COUNT(T16:U16)=0,"",AVERAGE(T16:U16)*4) | CF16: =IF(COUNT(V16:Z16)=0,"",AVERAGE(V16:Z16)*4) | CG16: =IF(COUNT(AA16:AC16)=0,"",AVERAGE(AA16:AC16)*4) | CH16: =IF(COUNT(AD16:AI16)=0,"",AVERAGE(AD16:AI16)*4) | CI16: =IF(COUNT(AJ16:AP16)=0,"",AVERAGE(AJ16:AP16)*4) | CJ16: =IF(COUNT(AQ16:AW16)=0,"",AVERAGE(AQ16:AW16)*4) | CK16: =IF(COUNT(AX16:AZ16)=0,"",AVERAGE(AX16:AZ16)*4) | CL16: =IF(C16="","",IF(COUNT(G16:AZ16)<46,"",SUMPRODUCT(CC16:CK16,'تنظیمات وزن‌دهی'!$C$5:$C$13)/100)) | CM16: =IF(C16="","",IF(COUNT(G16:AZ16)=0,"",IF(COUNT(G16:AZ16)<46,"موقت - اطلاعات ناقص",IF(CL16>=17,"عالی",IF(CL16>=14,"خوب",IF(CL16>=10,"متوسط","ضعیف")))))) | CN16: 12 | CO16: =IF(C16="","",COUNT(G16:AZ16)/46) -> 0
A17: 13 | B17: تیر | C17: =IF(دانش‌آموزان!E6="","",دانش‌آموزان!B6) -> 2 | D17: =IF(دانش‌آموزان!C6="","",دانش‌آموزان!C6) -> 0960568107 | E17: =IF(دانش‌آموزان!E6="","",دانش‌آموزان!E6&" "&دانش‌آموزان!F6) -> علي اصغرزاده | F17: =IF(دانش‌آموزان!I6="","",دانش‌آموزان!I6) -> 801 | CC17: =IF(COUNT(G17:N17)=0,"",AVERAGE(G17:N17)*4) | CD17: =IF(COUNT(O17:S17)=0,"",AVERAGE(O17:S17)*4) | CE17: =IF(COUNT(T17:U17)=0,"",AVERAGE(T17:U17)*4) | CF17: =IF(COUNT(V17:Z17)=0,"",AVERAGE(V17:Z17)*4) | CG17: =IF(COUNT(AA17:AC17)=0,"",AVERAGE(AA17:AC17)*4) | CH17: =IF(COUNT(AD17:AI17)=0,"",AVERAGE(AD17:AI17)*4) | CI17: =IF(COUNT(AJ17:AP17)=0,"",AVERAGE(AJ17:AP17)*4) | CJ17: =IF(COUNT(AQ17:AW17)=0,"",AVERAGE(AQ17:AW17)*4) | CK17: =IF(COUNT(AX17:AZ17)=0,"",AVERAGE(AX17:AZ17)*4) | CL17: =IF(C17="","",IF(COUNT(G17:AZ17)<46,"",SUMPRODUCT(CC17:CK17,'تنظیمات وزن‌دهی'!$C$5:$C$13)/100)) | CM17: =IF(C17="","",IF(COUNT(G17:AZ17)=0,"",IF(COUNT(G17:AZ17)<46,"موقت - اطلاعات ناقص",IF(CL17>=17,"عالی",IF(CL17>=14,"خوب",IF(CL17>=10,"متوسط","ضعیف")))))) | CN17: 1 | CO17: =IF(C17="","",COUNT(G17:AZ17)/46) -> 0
A18: 14 | B18: مرداد | C18: =IF(دانش‌آموزان!E6="","",دانش‌آموزان!B6) -> 2 | D18: =IF(دانش‌آموزان!C6="","",دانش‌آموزان!C6) -> 0960568107 | E18: =IF(دانش‌آموزان!E6="","",دانش‌آموزان!E6&" "&دانش‌آموزان!F6) -> علي اصغرزاده | F18: =IF(دانش‌آموزان!I6="","",دانش‌آموزان!I6) -> 801 | CC18: =IF(COUNT(G18:N18)=0,"",AVERAGE(G18:N18)*4) | CD18: =IF(COUNT(O18:S18)=0,"",AVERAGE(O18:S18)*4) | CE18: =IF(COUNT(T18:U18)=0,"",AVERAGE(T18:U18)*4) | CF18: =IF(COUNT(V18:Z18)=0,"",AVERAGE(V18:Z18)*4) | CG18: =IF(COUNT(AA18:AC18)=0,"",AVERAGE(AA18:AC18)*4) | CH18: =IF(COUNT(AD18:AI18)=0,"",AVERAGE(AD18:AI18)*4) | CI18: =IF(COUNT(AJ18:AP18)=0,"",AVERAGE(AJ18:AP18)*4) | CJ18: =IF(COUNT(AQ18:AW18)=0,"",AVERAGE(AQ18:AW18)*4) | CK18: =IF(COUNT(AX18:AZ18)=0,"",AVERAGE(AX18:AZ18)*4) | CL18: =IF(C18="","",IF(COUNT(G18:AZ18)<46,"",SUMPRODUCT(CC18:CK18,'تنظیمات وزن‌دهی'!$C$5:$C$13)/100)) | CM18: =IF(C18="","",IF(COUNT(G18:AZ18)=0,"",IF(COUNT(G18:AZ18)<46,"موقت - اطلاعات ناقص",IF(CL18>=17,"عالی",IF(CL18>=14,"خوب",IF(CL18>=10,"متوسط","ضعیف")))))) | CN18: 2 | CO18: =IF(C18="","",COUNT(G18:AZ18)/46) -> 0
A19: 15 | B19: شهریور | C19: =IF(دانش‌آموزان!E6="","",دانش‌آموزان!B6) -> 2 | D19: =IF(دانش‌آموزان!C6="","",دانش‌آموزان!C6) -> 0960568107 | E19: =IF(دانش‌آموزان!E6="","",دانش‌آموزان!E6&" "&دانش‌آموزان!F6) -> علي اصغرزاده | F19: =IF(دانش‌آموزان!I6="","",دانش‌آموزان!I6) -> 801 | G19: 18.33 | H19: -10.33 | I19: 4 | J19: 5 | K19: 5 | L19: 5 | M19: 5 | N19: 5 | O19: 5 | P19: 5 | Q19: 5 | R19: 5 | S19: 5 | T19: 5 | U19: 5 | V19: 5 | W19: 5 | X19: 5 | Y19: 5 | Z19: 5 | AA19: 5 | AB19: 5 | AC19: 5 | AD19: ندارد | AE19: ندارد | AF19: ندارد | AG19: ندارد | AH19: ندارد | AI19: ندارد | AJ19: 5 | AK19: 5 | AL19: 5 | AM19: 5 | AN19: 5 | AO19: 5 | AP19: 5 | AQ19: ندارد | AR19: ندارد | AS19: ندارد | AT19: ندارد | AU19: ندارد | AV19: ندارد | AW19: ندارد | AX19: ندارد | AY19: ندارد | AZ19: ندارد | CC19: =IF(COUNT(G19:N19)=0,"",AVERAGE(G19:N19)*4) -> 18.5 | CD19: =IF(COUNT(O19:S19)=0,"",AVERAGE(O19:S19)*4) -> 20 | CE19: =IF(COUNT(T19:U19)=0,"",AVERAGE(T19:U19)*4) -> 20 | CF19: =IF(COUNT(V19:Z19)=0,"",AVERAGE(V19:Z19)*4) -> 20 | CG19: =IF(COUNT(AA19:AC19)=0,"",AVERAGE(AA19:AC19)*4) -> 20 | CH19: =IF(COUNT(AD19:AI19)=0,"",AVERAGE(AD19:AI19)*4) | CI19: =IF(COUNT(AJ19:AP19)=0,"",AVERAGE(AJ19:AP19)*4) -> 20 | CJ19: =IF(COUNT(AQ19:AW19)=0,"",AVERAGE(AQ19:AW19)*4) | CK19: =IF(COUNT(AX19:AZ19)=0,"",AVERAGE(AX19:AZ19)*4) | CL19: =IF(C19="","",IF(COUNT(G19:AZ19)<46,"",SUMPRODUCT(CC19:CK19,'تنظیمات وزن‌دهی'!$C$5:$C$13)/100)) | CM19: =IF(C19="","",IF(COUNT(G19:AZ19)=0,"",IF(COUNT(G19:AZ19)<46,"موقت - اطلاعات ناقص",IF(CL19>=17,"عالی",IF(CL19>=14,"خوب",IF(CL19>=10,"متوسط","ضعیف")))))) -> موقت - اطلاعات ناقص | CN19: 3 | CO19: =IF(C19="","",COUNT(G19:AZ19)/46) -> 0.65217391
A20: 16 | B20: مهر | C20: =IF(دانش‌آموزان!E6="","",دانش‌آموزان!B6) -> 2 | D20: =IF(دانش‌آموزان!C6="","",دانش‌آموزان!C6) -> 0960568107 | E20: =IF(دانش‌آموزان!E6="","",دانش‌آموزان!E6&" "&دانش‌آموزان!F6) -> علي اصغرزاده | F20: =IF(دانش‌آموزان!I6="","",دانش‌آموزان!I6) -> 801 | CC20: =IF(COUNT(G20:N20)=0,"",AVERAGE(G20:N20)*4) | CD20: =IF(COUNT(O20:S20)=0,"",AVERAGE(O20:S20)*4) | CE20: =IF(COUNT(T20:U20)=0,"",AVERAGE(T20:U20)*4) | CF20: =IF(COUNT(V20:Z20)=0,"",AVERAGE(V20:Z20)*4) | CG20: =IF(COUNT(AA20:AC20)=0,"",AVERAGE(AA20:AC20)*4) | CH20: =IF(COUNT(AD20:AI20)=0,"",AVERAGE(AD20:AI20)*4) | CI20: =IF(COUNT(AJ20:AP20)=0,"",AVERAGE(AJ20:AP20)*4) | CJ20: =IF(COUNT(AQ20:AW20)=0,"",AVERAGE(AQ20:AW20)*4) | CK20: =IF(COUNT(AX20:AZ20)=0,"",AVERAGE(AX20:AZ20)*4) | CL20: =IF(C20="","",IF(COUNT(G20:AZ20)<46,"",SUMPRODUCT(CC20:CK20,'تنظیمات وزن‌دهی'!$C$5:$C$13)/100)) | CM20: =IF(C20="","",IF(COUNT(G20:AZ20)=0,"",IF(COUNT(G20:AZ20)<46,"موقت - اطلاعات ناقص",IF(CL20>=17,"عالی",IF(CL20>=14,"خوب",IF(CL20>=10,"متوسط","ضعیف")))))) | CN20: 4 | CO20: =IF(C20="","",COUNT(G20:AZ20)/46) -> 0
A21: 17 | B21: آبان | C21: =IF(دانش‌آموزان!E6="","",دانش‌آموزان!B6) -> 2 | D21: =IF(دانش‌آموزان!C6="","",دانش‌آموزان!C6) -> 0960568107 | E21: =IF(دانش‌آموزان!E6="","",دانش‌آموزان!E6&" "&دانش‌آموزان!F6) -> علي اصغرزاده | F21: =IF(دانش‌آموزان!I6="","",دانش‌آموزان!I6) -> 801 | CC21: =IF(COUNT(G21:N21)=0,"",AVERAGE(G21:N21)*4) | CD21: =IF(COUNT(O21:S21)=0,"",AVERAGE(O21:S21)*4) | CE21: =IF(COUNT(T21:U21)=0,"",AVERAGE(T21:U21)*4) | CF21: =IF(COUNT(V21:Z21)=0,"",AVERAGE(V21:Z21)*4) | CG21: =IF(COUNT(AA21:AC21)=0,"",AVERAGE(AA21:AC21)*4) | CH21: =IF(COUNT(AD21:AI21)=0,"",AVERAGE(AD21:AI21)*4) | CI21: =IF(COUNT(AJ21:AP21)=0,"",AVERAGE(AJ21:AP21)*4) | CJ21: =IF(COUNT(AQ21:AW21)=0,"",AVERAGE(AQ21:AW21)*4) | CK21: =IF(COUNT(AX21:AZ21)=0,"",AVERAGE(AX21:AZ21)*4) | CL21: =IF(C21="","",IF(COUNT(G21:AZ21)<46,"",SUMPRODUCT(CC21:CK21,'تنظیمات وزن‌دهی'!$C$5:$C$13)/100)) | CM21: =IF(C21="","",IF(COUNT(G21:AZ21)=0,"",IF(COUNT(G21:AZ21)<46,"موقت - اطلاعات ناقص",IF(CL21>=17,"عالی",IF(CL21>=14,"خوب",IF(CL21>=10,"متوسط","ضعیف")))))) | CN21: 5 | CO21: =IF(C21="","",COUNT(G21:AZ21)/46) -> 0
A22: 18 | B22: آذر | C22: =IF(دانش‌آموزان!E6="","",دانش‌آموزان!B6) -> 2 | D22: =IF(دانش‌آموزان!C6="","",دانش‌آموزان!C6) -> 0960568107 | E22: =IF(دانش‌آموزان!E6="","",دانش‌آموزان!E6&" "&دانش‌آموزان!F6) -> علي اصغرزاده | F22: =IF(دانش‌آموزان!I6="","",دانش‌آموزان!I6) -> 801 | CC22: =IF(COUNT(G22:N22)=0,"",AVERAGE(G22:N22)*4) | CD22: =IF(COUNT(O22:S22)=0,"",AVERAGE(O22:S22)*4) | CE22: =IF(COUNT(T22:U22)=0,"",AVERAGE(T22:U22)*4) | CF22: =IF(COUNT(V22:Z22)=0,"",AVERAGE(V22:Z22)*4) | CG22: =IF(COUNT(AA22:AC22)=0,"",AVERAGE(AA22:AC22)*4) | CH22: =IF(COUNT(AD22:AI22)=0,"",AVERAGE(AD22:AI22)*4) | CI22: =IF(COUNT(AJ22:AP22)=0,"",AVERAGE(AJ22:AP22)*4) | CJ22: =IF(COUNT(AQ22:AW22)=0,"",AVERAGE(AQ22:AW22)*4) | CK22: =IF(COUNT(AX22:AZ22)=0,"",AVERAGE(AX22:AZ22)*4) | CL22: =IF(C22="","",IF(COUNT(G22:AZ22)<46,"",SUMPRODUCT(CC22:CK22,'تنظیمات وزن‌دهی'!$C$5:$C$13)/100)) | CM22: =IF(C22="","",IF(COUNT(G22:AZ22)=0,"",IF(COUNT(G22:AZ22)<46,"موقت - اطلاعات ناقص",IF(CL22>=17,"عالی",IF(CL22>=14,"خوب",IF(CL22>=10,"متوسط","ضعیف")))))) | CN22: 6 | CO22: =IF(C22="","",COUNT(G22:AZ22)/46) -> 0
A23: 19 | B23: دی | C23: =IF(دانش‌آموزان!E6="","",دانش‌آموزان!B6) -> 2 | D23: =IF(دانش‌آموزان!C6="","",دانش‌آموزان!C6) -> 0960568107 | E23: =IF(دانش‌آموزان!E6="","",دانش‌آموزان!E6&" "&دانش‌آموزان!F6) -> علي اصغرزاده | F23: =IF(دانش‌آموزان!I6="","",دانش‌آموزان!I6) -> 801 | CC23: =IF(COUNT(G23:N23)=0,"",AVERAGE(G23:N23)*4) | CD23: =IF(COUNT(O23:S23)=0,"",AVERAGE(O23:S23)*4) | CE23: =IF(COUNT(T23:U23)=0,"",AVERAGE(T23:U23)*4) | CF23: =IF(COUNT(V23:Z23)=0,"",AVERAGE(V23:Z23)*4) | CG23: =IF(COUNT(AA23:AC23)=0,"",AVERAGE(AA23:AC23)*4) | CH23: =IF(COUNT(AD23:AI23)=0,"",AVERAGE(AD23:AI23)*4) | CI23: =IF(COUNT(AJ23:AP23)=0,"",AVERAGE(AJ23:AP23)*4) | CJ23: =IF(COUNT(AQ23:AW23)=0,"",AVERAGE(AQ23:AW23)*4) | CK23: =IF(COUNT(AX23:AZ23)=0,"",AVERAGE(AX23:AZ23)*4) | CL23: =IF(C23="","",IF(COUNT(G23:AZ23)<46,"",SUMPRODUCT(CC23:CK23,'تنظیمات وزن‌دهی'!$C$5:$C$13)/100)) | CM23: =IF(C23="","",IF(COUNT(G23:AZ23)=0,"",IF(COUNT(G23:AZ23)<46,"موقت - اطلاعات ناقص",IF(CL23>=17,"عالی",IF(CL23>=14,"خوب",IF(CL23>=10,"متوسط","ضعیف")))))) | CN23: 7 | CO23: =IF(C23="","",COUNT(G23:AZ23)/46) -> 0
A24: 20 | B24: بهمن | C24: =IF(دانش‌آموزان!E6="","",دانش‌آموزان!B6) -> 2 | D24: =IF(دانش‌آموزان!C6="","",دانش‌آموزان!C6) -> 0960568107 | E24: =IF(دانش‌آموزان!E6="","",دانش‌آموزان!E6&" "&دانش‌آموزان!F6) -> علي اصغرزاده | F24: =IF(دانش‌آموزان!I6="","",دانش‌آموزان!I6) -> 801 | CC24: =IF(COUNT(G24:N24)=0,"",AVERAGE(G24:N24)*4) | CD24: =IF(COUNT(O24:S24)=0,"",AVERAGE(O24:S24)*4) | CE24: =IF(COUNT(T24:U24)=0,"",AVERAGE(T24:U24)*4) | CF24: =IF(COUNT(V24:Z24)=0,"",AVERAGE(V24:Z24)*4) | CG24: =IF(COUNT(AA24:AC24)=0,"",AVERAGE(AA24:AC24)*4) | CH24: =IF(COUNT(AD24:AI24)=0,"",AVERAGE(AD24:AI24)*4) | CI24: =IF(COUNT(AJ24:AP24)=0,"",AVERAGE(AJ24:AP24)*4) | CJ24: =IF(COUNT(AQ24:AW24)=0,"",AVERAGE(AQ24:AW24)*4) | CK24: =IF(COUNT(AX24:AZ24)=0,"",AVERAGE(AX24:AZ24)*4) | CL24: =IF(C24="","",IF(COUNT(G24:AZ24)<46,"",SUMPRODUCT(CC24:CK24,'تنظیمات وزن‌دهی'!$C$5:$C$13)/100)) | CM24: =IF(C24="","",IF(COUNT(G24:AZ24)=0,"",IF(COUNT(G24:AZ24)<46,"موقت - اطلاعات ناقص",IF(CL24>=17,"عالی",IF(CL24>=14,"خوب",IF(CL24>=10,"متوسط","ضعیف")))))) | CN24: 8 | CO24: =IF(C24="","",COUNT(G24:AZ24)/46) -> 0
A25: 21 | B25: اسفند | C25: =IF(دانش‌آموزان!E6="","",دانش‌آموزان!B6) -> 2 | D25: =IF(دانش‌آموزان!C6="","",دانش‌آموزان!C6) -> 0960568107 | E25: =IF(دانش‌آموزان!E6="","",دانش‌آموزان!E6&" "&دانش‌آموزان!F6) -> علي اصغرزاده | F25: =IF(دانش‌آموزان!I6="","",دانش‌آموزان!I6) -> 801 | CC25: =IF(COUNT(G25:N25)=0,"",AVERAGE(G25:N25)*4) | CD25: =IF(COUNT(O25:S25)=0,"",AVERAGE(O25:S25)*4) | CE25: =IF(COUNT(T25:U25)=0,"",AVERAGE(T25:U25)*4) | CF25: =IF(COUNT(V25:Z25)=0,"",AVERAGE(V25:Z25)*4) | CG25: =IF(COUNT(AA25:AC25)=0,"",AVERAGE(AA25:AC25)*4) | CH25: =IF(COUNT(AD25:AI25)=0,"",AVERAGE(AD25:AI25)*4) | CI25: =IF(COUNT(AJ25:AP25)=0,"",AVERAGE(AJ25:AP25)*4) | CJ25: =IF(COUNT(AQ25:AW25)=0,"",AVERAGE(AQ25:AW25)*4) | CK25: =IF(COUNT(AX25:AZ25)=0,"",AVERAGE(AX25:AZ25)*4) | CL25: =IF(C25="","",IF(COUNT(G25:AZ25)<46,"",SUMPRODUCT(CC25:CK25,'تنظیمات وزن‌دهی'!$C$5:$C$13)/100)) | CM25: =IF(C25="","",IF(COUNT(G25:AZ25)=0,"",IF(COUNT(G25:AZ25)<46,"موقت - اطلاعات ناقص",IF(CL25>=17,"عالی",IF(CL25>=14,"خوب",IF(CL25>=10,"متوسط","ضعیف")))))) | CN25: 9 | CO25: =IF(C25="","",COUNT(G25:AZ25)/46) -> 0
A26: 22 | B26: فروردین | C26: =IF(دانش‌آموزان!E6="","",دانش‌آموزان!B6) -> 2 | D26: =IF(دانش‌آموزان!C6="","",دانش‌آموزان!C6) -> 0960568107 | E26: =IF(دانش‌آموزان!E6="","",دانش‌آموزان!E6&" "&دانش‌آموزان!F6) -> علي اصغرزاده | F26: =IF(دانش‌آموزان!I6="","",دانش‌آموزان!I6) -> 801 | CC26: =IF(COUNT(G26:N26)=0,"",AVERAGE(G26:N26)*4) | CD26: =IF(COUNT(O26:S26)=0,"",AVERAGE(O26:S26)*4) | CE26: =IF(COUNT(T26:U26)=0,"",AVERAGE(T26:U26)*4) | CF26: =IF(COUNT(V26:Z26)=0,"",AVERAGE(V26:Z26)*4) | CG26: =IF(COUNT(AA26:AC26)=0,"",AVERAGE(AA26:AC26)*4) | CH26: =IF(COUNT(AD26:AI26)=0,"",AVERAGE(AD26:AI26)*4) | CI26: =IF(COUNT(AJ26:AP26)=0,"",AVERAGE(AJ26:AP26)*4) | CJ26: =IF(COUNT(AQ26:AW26)=0,"",AVERAGE(AQ26:AW26)*4) | CK26: =IF(COUNT(AX26:AZ26)=0,"",AVERAGE(AX26:AZ26)*4) | CL26: =IF(C26="","",IF(COUNT(G26:AZ26)<46,"",SUMPRODUCT(CC26:CK26,'تنظیمات وزن‌دهی'!$C$5:$C$13)/100)) | CM26: =IF(C26="","",IF(COUNT(G26:AZ26)=0,"",IF(COUNT(G26:AZ26)<46,"موقت - اطلاعات ناقص",IF(CL26>=17,"عالی",IF(CL26>=14,"خوب",IF(CL26>=10,"متوسط","ضعیف")))))) | CN26: 10 | CO26: =IF(C26="","",COUNT(G26:AZ26)/46) -> 0
A27: 23 | B27: اردیبهشت | C27: =IF(دانش‌آموزان!E6="","",دانش‌آموزان!B6) -> 2 | D27: =IF(دانش‌آموزان!C6="","",دانش‌آموزان!C6) -> 0960568107 | E27: =IF(دانش‌آموزان!E6="","",دانش‌آموزان!E6&" "&دانش‌آموزان!F6) -> علي اصغرزاده | F27: =IF(دانش‌آموزان!I6="","",دانش‌آموزان!I6) -> 801 | CC27: =IF(COUNT(G27:N27)=0,"",AVERAGE(G27:N27)*4) | CD27: =IF(COUNT(O27:S27)=0,"",AVERAGE(O27:S27)*4) | CE27: =IF(COUNT(T27:U27)=0,"",AVERAGE(T27:U27)*4) | CF27: =IF(COUNT(V27:Z27)=0,"",AVERAGE(V27:Z27)*4) | CG27: =IF(COUNT(AA27:AC27)=0,"",AVERAGE(AA27:AC27)*4) | CH27: =IF(COUNT(AD27:AI27)=0,"",AVERAGE(AD27:AI27)*4) | CI27: =IF(COUNT(AJ27:AP27)=0,"",AVERAGE(AJ27:AP27)*4) | CJ27: =IF(COUNT(AQ27:AW27)=0,"",AVERAGE(AQ27:AW27)*4) | CK27: =IF(COUNT(AX27:AZ27)=0,"",AVERAGE(AX27:AZ27)*4) | CL27: =IF(C27="","",IF(COUNT(G27:AZ27)<46,"",SUMPRODUCT(CC27:CK27,'تنظیمات وزن‌دهی'!$C$5:$C$13)/100)) | CM27: =IF(C27="","",IF(COUNT(G27:AZ27)=0,"",IF(COUNT(G27:AZ27)<46,"موقت - اطلاعات ناقص",IF(CL27>=17,"عالی",IF(CL27>=14,"خوب",IF(CL27>=10,"متوسط","ضعیف")))))) | CN27: 11 | CO27: =IF(C27="","",COUNT(G27:AZ27)/46) -> 0
A28: 24 | B28: خرداد | C28: =IF(دانش‌آموزان!E6="","",دانش‌آموزان!B6) -> 2 | D28: =IF(دانش‌آموزان!C6="","",دانش‌آموزان!C6) -> 0960568107 | E28: =IF(دانش‌آموزان!E6="","",دانش‌آموزان!E6&" "&دانش‌آموزان!F6) -> علي اصغرزاده | F28: =IF(دانش‌آموزان!I6="","",دانش‌آموزان!I6) -> 801 | CC28: =IF(COUNT(G28:N28)=0,"",AVERAGE(G28:N28)*4) | CD28: =IF(COUNT(O28:S28)=0,"",AVERAGE(O28:S28)*4) | CE28: =IF(COUNT(T28:U28)=0,"",AVERAGE(T28:U28)*4) | CF28: =IF(COUNT(V28:Z28)=0,"",AVERAGE(V28:Z28)*4) | CG28: =IF(COUNT(AA28:AC28)=0,"",AVERAGE(AA28:AC28)*4) | CH28: =IF(COUNT(AD28:AI28)=0,"",AVERAGE(AD28:AI28)*4) | CI28: =IF(COUNT(AJ28:AP28)=0,"",AVERAGE(AJ28:AP28)*4) | CJ28: =IF(COUNT(AQ28:AW28)=0,"",AVERAGE(AQ28:AW28)*4) | CK28: =IF(COUNT(AX28:AZ28)=0,"",AVERAGE(AX28:AZ28)*4) | CL28: =IF(C28="","",IF(COUNT(G28:AZ28)<46,"",SUMPRODUCT(CC28:CK28,'تنظیمات وزن‌دهی'!$C$5:$C$13)/100)) | CM28: =IF(C28="","",IF(COUNT(G28:AZ28)=0,"",IF(COUNT(G28:AZ28)<46,"موقت - اطلاعات ناقص",IF(CL28>=17,"عالی",IF(CL28>=14,"خوب",IF(CL28>=10,"متوسط","ضعیف")))))) | CN28: 12 | CO28: =IF(C28="","",COUNT(G28:AZ28)/46) -> 0
A29: 25 | B29: تیر | C29: =IF(دانش‌آموزان!E7="","",دانش‌آموزان!B7) -> 3 | D29: =IF(دانش‌آموزان!C7="","",دانش‌آموزان!C7) -> 94100017036 | E29: =IF(دانش‌آموزان!E7="","",دانش‌آموزان!E7&" "&دانش‌آموزان!F7) -> حسين السعداني | F29: =IF(دانش‌آموزان!I7="","",دانش‌آموزان!I7) -> 801 | CC29: =IF(COUNT(G29:N29)=0,"",AVERAGE(G29:N29)*4) | CD29: =IF(COUNT(O29:S29)=0,"",AVERAGE(O29:S29)*4) | CE29: =IF(COUNT(T29:U29)=0,"",AVERAGE(T29:U29)*4) | CF29: =IF(COUNT(V29:Z29)=0,"",AVERAGE(V29:Z29)*4) | CG29: =IF(COUNT(AA29:AC29)=0,"",AVERAGE(AA29:AC29)*4) | CH29: =IF(COUNT(AD29:AI29)=0,"",AVERAGE(AD29:AI29)*4) | CI29: =IF(COUNT(AJ29:AP29)=0,"",AVERAGE(AJ29:AP29)*4) | CJ29: =IF(COUNT(AQ29:AW29)=0,"",AVERAGE(AQ29:AW29)*4) | CK29: =IF(COUNT(AX29:AZ29)=0,"",AVERAGE(AX29:AZ29)*4) | CL29: =IF(C29="","",IF(COUNT(G29:AZ29)<46,"",SUMPRODUCT(CC29:CK29,'تنظیمات وزن‌دهی'!$C$5:$C$13)/100)) | CM29: =IF(C29="","",IF(COUNT(G29:AZ29)=0,"",IF(COUNT(G29:AZ29)<46,"موقت - اطلاعات ناقص",IF(CL29>=17,"عالی",IF(CL29>=14,"خوب",IF(CL29>=10,"متوسط","ضعیف")))))) | CN29: 1 | CO29: =IF(C29="","",COUNT(G29:AZ29)/46) -> 0
A30: 26 | B30: مرداد | C30: =IF(دانش‌آموزان!E7="","",دانش‌آموزان!B7) -> 3 | D30: =IF(دانش‌آموزان!C7="","",دانش‌آموزان!C7) -> 94100017036 | E30: =IF(دانش‌آموزان!E7="","",دانش‌آموزان!E7&" "&دانش‌آموزان!F7) -> حسين السعداني | F30: =IF(دانش‌آموزان!I7="","",دانش‌آموزان!I7) -> 801 | CC30: =IF(COUNT(G30:N30)=0,"",AVERAGE(G30:N30)*4) | CD30: =IF(COUNT(O30:S30)=0,"",AVERAGE(O30:S30)*4) | CE30: =IF(COUNT(T30:U30)=0,"",AVERAGE(T30:U30)*4) | CF30: =IF(COUNT(V30:Z30)=0,"",AVERAGE(V30:Z30)*4) | CG30: =IF(COUNT(AA30:AC30)=0,"",AVERAGE(AA30:AC30)*4) | CH30: =IF(COUNT(AD30:AI30)=0,"",AVERAGE(AD30:AI30)*4) | CI30: =IF(COUNT(AJ30:AP30)=0,"",AVERAGE(AJ30:AP30)*4) | CJ30: =IF(COUNT(AQ30:AW30)=0,"",AVERAGE(AQ30:AW30)*4) | CK30: =IF(COUNT(AX30:AZ30)=0,"",AVERAGE(AX30:AZ30)*4) | CL30: =IF(C30="","",IF(COUNT(G30:AZ30)<46,"",SUMPRODUCT(CC30:CK30,'تنظیمات وزن‌دهی'!$C$5:$C$13)/100)) | CM30: =IF(C30="","",IF(COUNT(G30:AZ30)=0,"",IF(COUNT(G30:AZ30)<46,"موقت - اطلاعات ناقص",IF(CL30>=17,"عالی",IF(CL30>=14,"خوب",IF(CL30>=10,"متوسط","ضعیف")))))) | CN30: 2 | CO30: =IF(C30="","",COUNT(G30:AZ30)/46) -> 0
A31: 27 | B31: شهریور | C31: =IF(دانش‌آموزان!E7="","",دانش‌آموزان!B7) -> 3 | D31: =IF(دانش‌آموزان!C7="","",دانش‌آموزان!C7) -> 94100017036 | E31: =IF(دانش‌آموزان!E7="","",دانش‌آموزان!E7&" "&دانش‌آموزان!F7) -> حسين السعداني | F31: =IF(دانش‌آموزان!I7="","",دانش‌آموزان!I7) -> 801 | G31: 19.83 | H31: -7.83 | I31: 5 | J31: 5 | K31: 5 | L31: 5 | M31: 5 | N31: 5 | O31: 5 | P31: 5 | Q31: 5 | R31: 5 | S31: 5 | T31: 5 | U31: 5 | V31: 5 | W31: 5 | X31: 5 | Y31: 5 | Z31: 5 | AA31: 5 | AB31: 5 | AC31: 5 | AD31: ندارد | AE31: ندارد | AF31: ندارد | AG31: ندارد | AH31: ندارد | AI31: ندارد | AJ31: 5 | AK31: 5 | AL31: 5 | AM31: 5 | AN31: 5 | AO31: 5 | AP31: 5 | AQ31: ندارد | AR31: ندارد | AS31: ندارد | AT31: ندارد | AU31: ندارد | AV31: ندارد | AW31: ندارد | AX31: ندارد | AY31: ندارد | AZ31: ندارد | CC31: =IF(COUNT(G31:N31)=0,"",AVERAGE(G31:N31)*4) -> 21 | CD31: =IF(COUNT(O31:S31)=0,"",AVERAGE(O31:S31)*4) -> 20 | CE31: =IF(COUNT(T31:U31)=0,"",AVERAGE(T31:U31)*4) -> 20 | CF31: =IF(COUNT(V31:Z31)=0,"",AVERAGE(V31:Z31)*4) -> 20 | CG31: =IF(COUNT(AA31:AC31)=0,"",AVERAGE(AA31:AC31)*4) -> 20 | CH31: =IF(COUNT(AD31:AI31)=0,"",AVERAGE(AD31:AI31)*4) | CI31: =IF(COUNT(AJ31:AP31)=0,"",AVERAGE(AJ31:AP31)*4) -> 20 | CJ31: =IF(COUNT(AQ31:AW31)=0,"",AVERAGE(AQ31:AW31)*4) | CK31: =IF(COUNT(AX31:AZ31)=0,"",AVERAGE(AX31:AZ31)*4) | CL31: =IF(C31="","",IF(COUNT(G31:AZ31)<46,"",SUMPRODUCT(CC31:CK31,'تنظیمات وزن‌دهی'!$C$5:$C$13)/100)) | CM31: =IF(C31="","",IF(COUNT(G31:AZ31)=0,"",IF(COUNT(G31:AZ31)<46,"موقت - اطلاعات ناقص",IF(CL31>=17,"عالی",IF(CL31>=14,"خوب",IF(CL31>=10,"متوسط","ضعیف")))))) -> موقت - اطلاعات ناقص | CN31: 3 | CO31: =IF(C31="","",COUNT(G31:AZ31)/46) -> 0.65217391
A32: 28 | B32: مهر | C32: =IF(دانش‌آموزان!E7="","",دانش‌آموزان!B7) -> 3 | D32: =IF(دانش‌آموزان!C7="","",دانش‌آموزان!C7) -> 94100017036 | E32: =IF(دانش‌آموزان!E7="","",دانش‌آموزان!E7&" "&دانش‌آموزان!F7) -> حسين السعداني | F32: =IF(دانش‌آموزان!I7="","",دانش‌آموزان!I7) -> 801 | CC32: =IF(COUNT(G32:N32)=0,"",AVERAGE(G32:N32)*4) | CD32: =IF(COUNT(O32:S32)=0,"",AVERAGE(O32:S32)*4) | CE32: =IF(COUNT(T32:U32)=0,"",AVERAGE(T32:U32)*4) | CF32: =IF(COUNT(V32:Z32)=0,"",AVERAGE(V32:Z32)*4) | CG32: =IF(COUNT(AA32:AC32)=0,"",AVERAGE(AA32:AC32)*4) | CH32: =IF(COUNT(AD32:AI32)=0,"",AVERAGE(AD32:AI32)*4) | CI32: =IF(COUNT(AJ32:AP32)=0,"",AVERAGE(AJ32:AP32)*4) | CJ32: =IF(COUNT(AQ32:AW32)=0,"",AVERAGE(AQ32:AW32)*4) | CK32: =IF(COUNT(AX32:AZ32)=0,"",AVERAGE(AX32:AZ32)*4) | CL32: =IF(C32="","",IF(COUNT(G32:AZ32)<46,"",SUMPRODUCT(CC32:CK32,'تنظیمات وزن‌دهی'!$C$5:$C$13)/100)) | CM32: =IF(C32="","",IF(COUNT(G32:AZ32)=0,"",IF(COUNT(G32:AZ32)<46,"موقت - اطلاعات ناقص",IF(CL32>=17,"عالی",IF(CL32>=14,"خوب",IF(CL32>=10,"متوسط","ضعیف")))))) | CN32: 4 | CO32: =IF(C32="","",COUNT(G32:AZ32)/46) -> 0
A33: 29 | B33: آبان | C33: =IF(دانش‌آموزان!E7="","",دانش‌آموزان!B7) -> 3 | D33: =IF(دانش‌آموزان!C7="","",دانش‌آموزان!C7) -> 94100017036 | E33: =IF(دانش‌آموزان!E7="","",دانش‌آموزان!E7&" "&دانش‌آموزان!F7) -> حسين السعداني | F33: =IF(دانش‌آموزان!I7="","",دانش‌آموزان!I7) -> 801 | CC33: =IF(COUNT(G33:N33)=0,"",AVERAGE(G33:N33)*4) | CD33: =IF(COUNT(O33:S33)=0,"",AVERAGE(O33:S33)*4) | CE33: =IF(COUNT(T33:U33)=0,"",AVERAGE(T33:U33)*4) | CF33: =IF(COUNT(V33:Z33)=0,"",AVERAGE(V33:Z33)*4) | CG33: =IF(COUNT(AA33:AC33)=0,"",AVERAGE(AA33:AC33)*4) | CH33: =IF(COUNT(AD33:AI33)=0,"",AVERAGE(AD33:AI33)*4) | CI33: =IF(COUNT(AJ33:AP33)=0,"",AVERAGE(AJ33:AP33)*4) | CJ33: =IF(COUNT(AQ33:AW33)=0,"",AVERAGE(AQ33:AW33)*4) | CK33: =IF(COUNT(AX33:AZ33)=0,"",AVERAGE(AX33:AZ33)*4) | CL33: =IF(C33="","",IF(COUNT(G33:AZ33)<46,"",SUMPRODUCT(CC33:CK33,'تنظیمات وزن‌دهی'!$C$5:$C$13)/100)) | CM33: =IF(C33="","",IF(COUNT(G33:AZ33)=0,"",IF(COUNT(G33:AZ33)<46,"موقت - اطلاعات ناقص",IF(CL33>=17,"عالی",IF(CL33>=14,"خوب",IF(CL33>=10,"متوسط","ضعیف")))))) | CN33: 5 | CO33: =IF(C33="","",COUNT(G33:AZ33)/46) -> 0
A34: 30 | B34: آذر | C34: =IF(دانش‌آموزان!E7="","",دانش‌آموزان!B7) -> 3 | D34: =IF(دانش‌آموزان!C7="","",دانش‌آموزان!C7) -> 94100017036 | E34: =IF(دانش‌آموزان!E7="","",دانش‌آموزان!E7&" "&دانش‌آموزان!F7) -> حسين السعداني | F34: =IF(دانش‌آموزان!I7="","",دانش‌آموزان!I7) -> 801 | CC34: =IF(COUNT(G34:N34)=0,"",AVERAGE(G34:N34)*4) | CD34: =IF(COUNT(O34:S34)=0,"",AVERAGE(O34:S34)*4) | CE34: =IF(COUNT(T34:U34)=0,"",AVERAGE(T34:U34)*4) | CF34: =IF(COUNT(V34:Z34)=0,"",AVERAGE(V34:Z34)*4) | CG34: =IF(COUNT(AA34:AC34)=0,"",AVERAGE(AA34:AC34)*4) | CH34: =IF(COUNT(AD34:AI34)=0,"",AVERAGE(AD34:AI34)*4) | CI34: =IF(COUNT(AJ34:AP34)=0,"",AVERAGE(AJ34:AP34)*4) | CJ34: =IF(COUNT(AQ34:AW34)=0,"",AVERAGE(AQ34:AW34)*4) | CK34: =IF(COUNT(AX34:AZ34)=0,"",AVERAGE(AX34:AZ34)*4) | CL34: =IF(C34="","",IF(COUNT(G34:AZ34)<46,"",SUMPRODUCT(CC34:CK34,'تنظیمات وزن‌دهی'!$C$5:$C$13)/100)) | CM34: =IF(C34="","",IF(COUNT(G34:AZ34)=0,"",IF(COUNT(G34:AZ34)<46,"موقت - اطلاعات ناقص",IF(CL34>=17,"عالی",IF(CL34>=14,"خوب",IF(CL34>=10,"متوسط","ضعیف")))))) | CN34: 6 | CO34: =IF(C34="","",COUNT(G34:AZ34)/46) -> 0
A35: 31 | B35: دی | C35: =IF(دانش‌آموزان!E7="","",دانش‌آموزان!B7) -> 3 | D35: =IF(دانش‌آموزان!C7="","",دانش‌آموزان!C7) -> 94100017036 | E35: =IF(دانش‌آموزان!E7="","",دانش‌آموزان!E7&" "&دانش‌آموزان!F7) -> حسين السعداني | F35: =IF(دانش‌آموزان!I7="","",دانش‌آموزان!I7) -> 801 | CC35: =IF(COUNT(G35:N35)=0,"",AVERAGE(G35:N35)*4) | CD35: =IF(COUNT(O35:S35)=0,"",AVERAGE(O35:S35)*4) | CE35: =IF(COUNT(T35:U35)=0,"",AVERAGE(T35:U35)*4) | CF35: =IF(COUNT(V35:Z35)=0,"",AVERAGE(V35:Z35)*4) | CG35: =IF(COUNT(AA35:AC35)=0,"",AVERAGE(AA35:AC35)*4) | CH35: =IF(COUNT(AD35:AI35)=0,"",AVERAGE(AD35:AI35)*4) | CI35: =IF(COUNT(AJ35:AP35)=0,"",AVERAGE(AJ35:AP35)*4) | CJ35: =IF(COUNT(AQ35:AW35)=0,"",AVERAGE(AQ35:AW35)*4) | CK35: =IF(COUNT(AX35:AZ35)=0,"",AVERAGE(AX35:AZ35)*4) | CL35: =IF(C35="","",IF(COUNT(G35:AZ35)<46,"",SUMPRODUCT(CC35:CK35,'تنظیمات وزن‌دهی'!$C$5:$C$13)/100)) | CM35: =IF(C35="","",IF(COUNT(G35:AZ35)=0,"",IF(COUNT(G35:AZ35)<46,"موقت - اطلاعات ناقص",IF(CL35>=17,"عالی",IF(CL35>=14,"خوب",IF(CL35>=10,"متوسط","ضعیف")))))) | CN35: 7 | CO35: =IF(C35="","",COUNT(G35:AZ35)/46) -> 0
A36: 32 | B36: بهمن | C36: =IF(دانش‌آموزان!E7="","",دانش‌آموزان!B7) -> 3 | D36: =IF(دانش‌آموزان!C7="","",دانش‌آموزان!C7) -> 94100017036 | E36: =IF(دانش‌آموزان!E7="","",دانش‌آموزان!E7&" "&دانش‌آموزان!F7) -> حسين السعداني | F36: =IF(دانش‌آموزان!I7="","",دانش‌آموزان!I7) -> 801 | CC36: =IF(COUNT(G36:N36)=0,"",AVERAGE(G36:N36)*4) | CD36: =IF(COUNT(O36:S36)=0,"",AVERAGE(O36:S36)*4) | CE36: =IF(COUNT(T36:U36)=0,"",AVERAGE(T36:U36)*4) | CF36: =IF(COUNT(V36:Z36)=0,"",AVERAGE(V36:Z36)*4) | CG36: =IF(COUNT(AA36:AC36)=0,"",AVERAGE(AA36:AC36)*4) | CH36: =IF(COUNT(AD36:AI36)=0,"",AVERAGE(AD36:AI36)*4) | CI36: =IF(COUNT(AJ36:AP36)=0,"",AVERAGE(AJ36:AP36)*4) | CJ36: =IF(COUNT(AQ36:AW36)=0,"",AVERAGE(AQ36:AW36)*4) | CK36: =IF(COUNT(AX36:AZ36)=0,"",AVERAGE(AX36:AZ36)*4) | CL36: =IF(C36="","",IF(COUNT(G36:AZ36)<46,"",SUMPRODUCT(CC36:CK36,'تنظیمات وزن‌دهی'!$C$5:$C$13)/100)) | CM36: =IF(C36="","",IF(COUNT(G36:AZ36)=0,"",IF(COUNT(G36:AZ36)<46,"موقت - اطلاعات ناقص",IF(CL36>=17,"عالی",IF(CL36>=14,"خوب",IF(CL36>=10,"متوسط","ضعیف")))))) | CN36: 8 | CO36: =IF(C36="","",COUNT(G36:AZ36)/46) -> 0
A37: 33 | B37: اسفند | C37: =IF(دانش‌آموزان!E7="","",دانش‌آموزان!B7) -> 3 | D37: =IF(دانش‌آموزان!C7="","",دانش‌آموزان!C7) -> 94100017036 | E37: =IF(دانش‌آموزان!E7="","",دانش‌آموزان!E7&" "&دانش‌آموزان!F7) -> حسين السعداني | F37: =IF(دانش‌آموزان!I7="","",دانش‌آموزان!I7) -> 801 | CC37: =IF(COUNT(G37:N37)=0,"",AVERAGE(G37:N37)*4) | CD37: =IF(COUNT(O37:S37)=0,"",AVERAGE(O37:S37)*4) | CE37: =IF(COUNT(T37:U37)=0,"",AVERAGE(T37:U37)*4) | CF37: =IF(COUNT(V37:Z37)=0,"",AVERAGE(V37:Z37)*4) | CG37: =IF(COUNT(AA37:AC37)=0,"",AVERAGE(AA37:AC37)*4) | CH37: =IF(COUNT(AD37:AI37)=0,"",AVERAGE(AD37:AI37)*4) | CI37: =IF(COUNT(AJ37:AP37)=0,"",AVERAGE(AJ37:AP37)*4) | CJ37: =IF(COUNT(AQ37:AW37)=0,"",AVERAGE(AQ37:AW37)*4) | CK37: =IF(COUNT(AX37:AZ37)=0,"",AVERAGE(AX37:AZ37)*4) | CL37: =IF(C37="","",IF(COUNT(G37:AZ37)<46,"",SUMPRODUCT(CC37:CK37,'تنظیمات وزن‌دهی'!$C$5:$C$13)/100)) | CM37: =IF(C37="","",IF(COUNT(G37:AZ37)=0,"",IF(COUNT(G37:AZ37)<46,"موقت - اطلاعات ناقص",IF(CL37>=17,"عالی",IF(CL37>=14,"خوب",IF(CL37>=10,"متوسط","ضعیف")))))) | CN37: 9 | CO37: =IF(C37="","",COUNT(G37:AZ37)/46) -> 0
A38: 34 | B38: فروردین | C38: =IF(دانش‌آموزان!E7="","",دانش‌آموزان!B7) -> 3 | D38: =IF(دانش‌آموزان!C7="","",دانش‌آموزان!C7) -> 94100017036 | E38: =IF(دانش‌آموزان!E7="","",دانش‌آموزان!E7&" "&دانش‌آموزان!F7) -> حسين السعداني | F38: =IF(دانش‌آموزان!I7="","",دانش‌آموزان!I7) -> 801 | CC38: =IF(COUNT(G38:N38)=0,"",AVERAGE(G38:N38)*4) | CD38: =IF(COUNT(O38:S38)=0,"",AVERAGE(O38:S38)*4) | CE38: =IF(COUNT(T38:U38)=0,"",AVERAGE(T38:U38)*4) | CF38: =IF(COUNT(V38:Z38)=0,"",AVERAGE(V38:Z38)*4) | CG38: =IF(COUNT(AA38:AC38)=0,"",AVERAGE(AA38:AC38)*4) | CH38: =IF(COUNT(AD38:AI38)=0,"",AVERAGE(AD38:AI38)*4) | CI38: =IF(COUNT(AJ38:AP38)=0,"",AVERAGE(AJ38:AP38)*4) | CJ38: =IF(COUNT(AQ38:AW38)=0,"",AVERAGE(AQ38:AW38)*4) | CK38: =IF(COUNT(AX38:AZ38)=0,"",AVERAGE(AX38:AZ38)*4) | CL38: =IF(C38="","",IF(COUNT(G38:AZ38)<46,"",SUMPRODUCT(CC38:CK38,'تنظیمات وزن‌دهی'!$C$5:$C$13)/100)) | CM38: =IF(C38="","",IF(COUNT(G38:AZ38)=0,"",IF(COUNT(G38:AZ38)<46,"موقت - اطلاعات ناقص",IF(CL38>=17,"عالی",IF(CL38>=14,"خوب",IF(CL38>=10,"متوسط","ضعیف")))))) | CN38: 10 | CO38: =IF(C38="","",COUNT(G38:AZ38)/46) -> 0
A39: 35 | B39: اردیبهشت | C39: =IF(دانش‌آموزان!E7="","",دانش‌آموزان!B7) -> 3 | D39: =IF(دانش‌آموزان!C7="","",دانش‌آموزان!C7) -> 94100017036 | E39: =IF(دانش‌آموزان!E7="","",دانش‌آموزان!E7&" "&دانش‌آموزان!F7) -> حسين السعداني | F39: =IF(دانش‌آموزان!I7="","",دانش‌آموزان!I7) -> 801 | CC39: =IF(COUNT(G39:N39)=0,"",AVERAGE(G39:N39)*4) | CD39: =IF(COUNT(O39:S39)=0,"",AVERAGE(O39:S39)*4) | CE39: =IF(COUNT(T39:U39)=0,"",AVERAGE(T39:U39)*4) | CF39: =IF(COUNT(V39:Z39)=0,"",AVERAGE(V39:Z39)*4) | CG39: =IF(COUNT(AA39:AC39)=0,"",AVERAGE(AA39:AC39)*4) | CH39: =IF(COUNT(AD39:AI39)=0,"",AVERAGE(AD39:AI39)*4) | CI39: =IF(COUNT(AJ39:AP39)=0,"",AVERAGE(AJ39:AP39)*4) | CJ39: =IF(COUNT(AQ39:AW39)=0,"",AVERAGE(AQ39:AW39)*4) | CK39: =IF(COUNT(AX39:AZ39)=0,"",AVERAGE(AX39:AZ39)*4) | CL39: =IF(C39="","",IF(COUNT(G39:AZ39)<46,"",SUMPRODUCT(CC39:CK39,'تنظیمات وزن‌دهی'!$C$5:$C$13)/100)) | CM39: =IF(C39="","",IF(COUNT(G39:AZ39)=0,"",IF(COUNT(G39:AZ39)<46,"موقت - اطلاعات ناقص",IF(CL39>=17,"عالی",IF(CL39>=14,"خوب",IF(CL39>=10,"متوسط","ضعیف")))))) | CN39: 11 | CO39: =IF(C39="","",COUNT(G39:AZ39)/46) -> 0
A40: 36 | B40: خرداد | C40: =IF(دانش‌آموزان!E7="","",دانش‌آموزان!B7) -> 3 | D40: =IF(دانش‌آموزان!C7="","",دانش‌آموزان!C7) -> 94100017036 | E40: =IF(دانش‌آموزان!E7="","",دانش‌آموزان!E7&" "&دانش‌آموزان!F7) -> حسين السعداني | F40: =IF(دانش‌آموزان!I7="","",دانش‌آموزان!I7) -> 801 | CC40: =IF(COUNT(G40:N40)=0,"",AVERAGE(G40:N40)*4) | CD40: =IF(COUNT(O40:S40)=0,"",AVERAGE(O40:S40)*4) | CE40: =IF(COUNT(T40:U40)=0,"",AVERAGE(T40:U40)*4) | CF40: =IF(COUNT(V40:Z40)=0,"",AVERAGE(V40:Z40)*4) | CG40: =IF(COUNT(AA40:AC40)=0,"",AVERAGE(AA40:AC40)*4) | CH40: =IF(COUNT(AD40:AI40)=0,"",AVERAGE(AD40:AI40)*4) | CI40: =IF(COUNT(AJ40:AP40)=0,"",AVERAGE(AJ40:AP40)*4) | CJ40: =IF(COUNT(AQ40:AW40)=0,"",AVERAGE(AQ40:AW40)*4) | CK40: =IF(COUNT(AX40:AZ40)=0,"",AVERAGE(AX40:AZ40)*4) | CL40: =IF(C40="","",IF(COUNT(G40:AZ40)<46,"",SUMPRODUCT(CC40:CK40,'تنظیمات وزن‌دهی'!$C$5:$C$13)/100)) | CM40: =IF(C40="","",IF(COUNT(G40:AZ40)=0,"",IF(COUNT(G40:AZ40)<46,"موقت - اطلاعات ناقص",IF(CL40>=17,"عالی",IF(CL40>=14,"خوب",IF(CL40>=10,"متوسط","ضعیف")))))) | CN40: 12 | CO40: =IF(C40="","",COUNT(G40:AZ40)/46) -> 0
A41: 37 | B41: تیر | C41: =IF(دانش‌آموزان!E8="","",دانش‌آموزان!B8) -> 4 | D41: =IF(دانش‌آموزان!C8="","",دانش‌آموزان!C8) -> 0970971788 | E41: =IF(دانش‌آموزان!E8="","",دانش‌آموزان!E8&" "&دانش‌آموزان!F8) -> جواد ثقفي | F41: =IF(دانش‌آموزان!I8="","",دانش‌آموزان!I8) -> 801 | CC41: =IF(COUNT(G41:N41)=0,"",AVERAGE(G41:N41)*4) | CD41: =IF(COUNT(O41:S41)=0,"",AVERAGE(O41:S41)*4) | CE41: =IF(COUNT(T41:U41)=0,"",AVERAGE(T41:U41)*4) | CF41: =IF(COUNT(V41:Z41)=0,"",AVERAGE(V41:Z41)*4) | CG41: =IF(COUNT(AA41:AC41)=0,"",AVERAGE(AA41:AC41)*4) | CH41: =IF(COUNT(AD41:AI41)=0,"",AVERAGE(AD41:AI41)*4) | CI41: =IF(COUNT(AJ41:AP41)=0,"",AVERAGE(AJ41:AP41)*4) | CJ41: =IF(COUNT(AQ41:AW41)=0,"",AVERAGE(AQ41:AW41)*4) | CK41: =IF(COUNT(AX41:AZ41)=0,"",AVERAGE(AX41:AZ41)*4) | CL41: =IF(C41="","",IF(COUNT(G41:AZ41)<46,"",SUMPRODUCT(CC41:CK41,'تنظیمات وزن‌دهی'!$C$5:$C$13)/100)) | CM41: =IF(C41="","",IF(COUNT(G41:AZ41)=0,"",IF(COUNT(G41:AZ41)<46,"موقت - اطلاعات ناقص",IF(CL41>=17,"عالی",IF(CL41>=14,"خوب",IF(CL41>=10,"متوسط","ضعیف")))))) | CN41: 1 | CO41: =IF(C41="","",COUNT(G41:AZ41)/46) -> 0
A42: 38 | B42: مرداد | C42: =IF(دانش‌آموزان!E8="","",دانش‌آموزان!B8) -> 4 | D42: =IF(دانش‌آموزان!C8="","",دانش‌آموزان!C8) -> 0970971788 | E42: =IF(دانش‌آموزان!E8="","",دانش‌آموزان!E8&" "&دانش‌آموزان!F8) -> جواد ثقفي | F42: =IF(دانش‌آموزان!I8="","",دانش‌آموزان!I8) -> 801 | CC42: =IF(COUNT(G42:N42)=0,"",AVERAGE(G42:N42)*4) | CD42: =IF(COUNT(O42:S42)=0,"",AVERAGE(O42:S42)*4) | CE42: =IF(COUNT(T42:U42)=0,"",AVERAGE(T42:U42)*4) | CF42: =IF(COUNT(V42:Z42)=0,"",AVERAGE(V42:Z42)*4) | CG42: =IF(COUNT(AA42:AC42)=0,"",AVERAGE(AA42:AC42)*4) | CH42: =IF(COUNT(AD42:AI42)=0,"",AVERAGE(AD42:AI42)*4) | CI42: =IF(COUNT(AJ42:AP42)=0,"",AVERAGE(AJ42:AP42)*4) | CJ42: =IF(COUNT(AQ42:AW42)=0,"",AVERAGE(AQ42:AW42)*4) | CK42: =IF(COUNT(AX42:AZ42)=0,"",AVERAGE(AX42:AZ42)*4) | CL42: =IF(C42="","",IF(COUNT(G42:AZ42)<46,"",SUMPRODUCT(CC42:CK42,'تنظیمات وزن‌دهی'!$C$5:$C$13)/100)) | CM42: =IF(C42="","",IF(COUNT(G42:AZ42)=0,"",IF(COUNT(G42:AZ42)<46,"موقت - اطلاعات ناقص",IF(CL42>=17,"عالی",IF(CL42>=14,"خوب",IF(CL42>=10,"متوسط","ضعیف")))))) | CN42: 2 | CO42: =IF(C42="","",COUNT(G42:AZ42)/46) -> 0
A43: 39 | B43: شهریور | C43: =IF(دانش‌آموزان!E8="","",دانش‌آموزان!B8) -> 4 | D43: =IF(دانش‌آموزان!C8="","",دانش‌آموزان!C8) -> 0970971788 | E43: =IF(دانش‌آموزان!E8="","",دانش‌آموزان!E8&" "&دانش‌آموزان!F8) -> جواد ثقفي | F43: =IF(دانش‌آموزان!I8="","",دانش‌آموزان!I8) -> 801 | G43: 19.26 | H43: ندارد | I43: 4 | J43: 5 | K43: 5 | L43: 5 | M43: 5 | N43: 5 | O43: 5 | P43: 5 | Q43: 5 | R43: 5 | S43: 5 | T43: 5 | U43: 5 | V43: 5 | W43: 5 | X43: 5 | Y43: 5 | Z43: 5 | AA43: 5 | AB43: 5 | AC43: 5 | AD43: ندارد | AE43: ندارد | AF43: ندارد | AG43: ندارد | AH43: ندارد | AI43: ندارد | AJ43: 5 | AK43: 5 | AL43: 5 | AM43: 5 | AN43: 5 | AO43: 5 | AP43: 5 | AQ43: ندارد | AR43: ندارد | AS43: ندارد | AT43: ندارد | AU43: ندارد | AV43: ندارد | AW43: ندارد | AX43: ندارد | AY43: ندارد | AZ43: ندارد | CC43: =IF(COUNT(G43:N43)=0,"",AVERAGE(G43:N43)*4) -> 27.577143 | CD43: =IF(COUNT(O43:S43)=0,"",AVERAGE(O43:S43)*4) -> 20 | CE43: =IF(COUNT(T43:U43)=0,"",AVERAGE(T43:U43)*4) -> 20 | CF43: =IF(COUNT(V43:Z43)=0,"",AVERAGE(V43:Z43)*4) -> 20 | CG43: =IF(COUNT(AA43:AC43)=0,"",AVERAGE(AA43:AC43)*4) -> 20 | CH43: =IF(COUNT(AD43:AI43)=0,"",AVERAGE(AD43:AI43)*4) | CI43: =IF(COUNT(AJ43:AP43)=0,"",AVERAGE(AJ43:AP43)*4) -> 20 | CJ43: =IF(COUNT(AQ43:AW43)=0,"",AVERAGE(AQ43:AW43)*4) | CK43: =IF(COUNT(AX43:AZ43)=0,"",AVERAGE(AX43:AZ43)*4) | CL43: =IF(C43="","",IF(COUNT(G43:AZ43)<46,"",SUMPRODUCT(CC43:CK43,'تنظیمات وزن‌دهی'!$C$5:$C$13)/100)) | CM43: =IF(C43="","",IF(COUNT(G43:AZ43)=0,"",IF(COUNT(G43:AZ43)<46,"موقت - اطلاعات ناقص",IF(CL43>=17,"عالی",IF(CL43>=14,"خوب",IF(CL43>=10,"متوسط","ضعیف")))))) -> موقت - اطلاعات ناقص | CN43: 3 | CO43: =IF(C43="","",COUNT(G43:AZ43)/46) -> 0.63043478
A44: 40 | B44: مهر | C44: =IF(دانش‌آموزان!E8="","",دانش‌آموزان!B8) -> 4 | D44: =IF(دانش‌آموزان!C8="","",دانش‌آموزان!C8) -> 0970971788 | E44: =IF(دانش‌آموزان!E8="","",دانش‌آموزان!E8&" "&دانش‌آموزان!F8) -> جواد ثقفي | F44: =IF(دانش‌آموزان!I8="","",دانش‌آموزان!I8) -> 801 | CC44: =IF(COUNT(G44:N44)=0,"",AVERAGE(G44:N44)*4) | CD44: =IF(COUNT(O44:S44)=0,"",AVERAGE(O44:S44)*4) | CE44: =IF(COUNT(T44:U44)=0,"",AVERAGE(T44:U44)*4) | CF44: =IF(COUNT(V44:Z44)=0,"",AVERAGE(V44:Z44)*4) | CG44: =IF(COUNT(AA44:AC44)=0,"",AVERAGE(AA44:AC44)*4) | CH44: =IF(COUNT(AD44:AI44)=0,"",AVERAGE(AD44:AI44)*4) | CI44: =IF(COUNT(AJ44:AP44)=0,"",AVERAGE(AJ44:AP44)*4) | CJ44: =IF(COUNT(AQ44:AW44)=0,"",AVERAGE(AQ44:AW44)*4) | CK44: =IF(COUNT(AX44:AZ44)=0,"",AVERAGE(AX44:AZ44)*4) | CL44: =IF(C44="","",IF(COUNT(G44:AZ44)<46,"",SUMPRODUCT(CC44:CK44,'تنظیمات وزن‌دهی'!$C$5:$C$13)/100)) | CM44: =IF(C44="","",IF(COUNT(G44:AZ44)=0,"",IF(COUNT(G44:AZ44)<46,"موقت - اطلاعات ناقص",IF(CL44>=17,"عالی",IF(CL44>=14,"خوب",IF(CL44>=10,"متوسط","ضعیف")))))) | CN44: 4 | CO44: =IF(C44="","",COUNT(G44:AZ44)/46) -> 0
A45: 41 | B45: آبان | C45: =IF(دانش‌آموزان!E8="","",دانش‌آموزان!B8) -> 4 | D45: =IF(دانش‌آموزان!C8="","",دانش‌آموزان!C8) -> 0970971788 | E45: =IF(دانش‌آموزان!E8="","",دانش‌آموزان!E8&" "&دانش‌آموزان!F8) -> جواد ثقفي | F45: =IF(دانش‌آموزان!I8="","",دانش‌آموزان!I8) -> 801 | CC45: =IF(COUNT(G45:N45)=0,"",AVERAGE(G45:N45)*4) | CD45: =IF(COUNT(O45:S45)=0,"",AVERAGE(O45:S45)*4) | CE45: =IF(COUNT(T45:U45)=0,"",AVERAGE(T45:U45)*4) | CF45: =IF(COUNT(V45:Z45)=0,"",AVERAGE(V45:Z45)*4) | CG45: =IF(COUNT(AA45:AC45)=0,"",AVERAGE(AA45:AC45)*4) | CH45: =IF(COUNT(AD45:AI45)=0,"",AVERAGE(AD45:AI45)*4) | CI45: =IF(COUNT(AJ45:AP45)=0,"",AVERAGE(AJ45:AP45)*4) | CJ45: =IF(COUNT(AQ45:AW45)=0,"",AVERAGE(AQ45:AW45)*4) | CK45: =IF(COUNT(AX45:AZ45)=0,"",AVERAGE(AX45:AZ45)*4) | CL45: =IF(C45="","",IF(COUNT(G45:AZ45)<46,"",SUMPRODUCT(CC45:CK45,'تنظیمات وزن‌دهی'!$C$5:$C$13)/100)) | CM45: =IF(C45="","",IF(COUNT(G45:AZ45)=0,"",IF(COUNT(G45:AZ45)<46,"موقت - اطلاعات ناقص",IF(CL45>=17,"عالی",IF(CL45>=14,"خوب",IF(CL45>=10,"متوسط","ضعیف")))))) | CN45: 5 | CO45: =IF(C45="","",COUNT(G45:AZ45)/46) -> 0
A46: 42 | B46: آذر | C46: =IF(دانش‌آموزان!E8="","",دانش‌آموزان!B8) -> 4 | D46: =IF(دانش‌آموزان!C8="","",دانش‌آموزان!C8) -> 0970971788 | E46: =IF(دانش‌آموزان!E8="","",دانش‌آموزان!E8&" "&دانش‌آموزان!F8) -> جواد ثقفي | F46: =IF(دانش‌آموزان!I8="","",دانش‌آموزان!I8) -> 801 | CC46: =IF(COUNT(G46:N46)=0,"",AVERAGE(G46:N46)*4) | CD46: =IF(COUNT(O46:S46)=0,"",AVERAGE(O46:S46)*4) | CE46: =IF(COUNT(T46:U46)=0,"",AVERAGE(T46:U46)*4) | CF46: =IF(COUNT(V46:Z46)=0,"",AVERAGE(V46:Z46)*4) | CG46: =IF(COUNT(AA46:AC46)=0,"",AVERAGE(AA46:AC46)*4) | CH46: =IF(COUNT(AD46:AI46)=0,"",AVERAGE(AD46:AI46)*4) | CI46: =IF(COUNT(AJ46:AP46)=0,"",AVERAGE(AJ46:AP46)*4) | CJ46: =IF(COUNT(AQ46:AW46)=0,"",AVERAGE(AQ46:AW46)*4) | CK46: =IF(COUNT(AX46:AZ46)=0,"",AVERAGE(AX46:AZ46)*4) | CL46: =IF(C46="","",IF(COUNT(G46:AZ46)<46,"",SUMPRODUCT(CC46:CK46,'تنظیمات وزن‌دهی'!$C$5:$C$13)/100)) | CM46: =IF(C46="","",IF(COUNT(G46:AZ46)=0,"",IF(COUNT(G46:AZ46)<46,"موقت - اطلاعات ناقص",IF(CL46>=17,"عالی",IF(CL46>=14,"خوب",IF(CL46>=10,"متوسط","ضعیف")))))) | CN46: 6 | CO46: =IF(C46="","",COUNT(G46:AZ46)/46) -> 0
A47: 43 | B47: دی | C47: =IF(دانش‌آموزان!E8="","",دانش‌آموزان!B8) -> 4 | D47: =IF(دانش‌آموزان!C8="","",دانش‌آموزان!C8) -> 0970971788 | E47: =IF(دانش‌آموزان!E8="","",دانش‌آموزان!E8&" "&دانش‌آموزان!F8) -> جواد ثقفي | F47: =IF(دانش‌آموزان!I8="","",دانش‌آموزان!I8) -> 801 | CC47: =IF(COUNT(G47:N47)=0,"",AVERAGE(G47:N47)*4) | CD47: =IF(COUNT(O47:S47)=0,"",AVERAGE(O47:S47)*4) | CE47: =IF(COUNT(T47:U47)=0,"",AVERAGE(T47:U47)*4) | CF47: =IF(COUNT(V47:Z47)=0,"",AVERAGE(V47:Z47)*4) | CG47: =IF(COUNT(AA47:AC47)=0,"",AVERAGE(AA47:AC47)*4) | CH47: =IF(COUNT(AD47:AI47)=0,"",AVERAGE(AD47:AI47)*4) | CI47: =IF(COUNT(AJ47:AP47)=0,"",AVERAGE(AJ47:AP47)*4) | CJ47: =IF(COUNT(AQ47:AW47)=0,"",AVERAGE(AQ47:AW47)*4) | CK47: =IF(COUNT(AX47:AZ47)=0,"",AVERAGE(AX47:AZ47)*4) | CL47: =IF(C47="","",IF(COUNT(G47:AZ47)<46,"",SUMPRODUCT(CC47:CK47,'تنظیمات وزن‌دهی'!$C$5:$C$13)/100)) | CM47: =IF(C47="","",IF(COUNT(G47:AZ47)=0,"",IF(COUNT(G47:AZ47)<46,"موقت - اطلاعات ناقص",IF(CL47>=17,"عالی",IF(CL47>=14,"خوب",IF(CL47>=10,"متوسط","ضعیف")))))) | CN47: 7 | CO47: =IF(C47="","",COUNT(G47:AZ47)/46) -> 0
A48: 44 | B48: بهمن | C48: =IF(دانش‌آموزان!E8="","",دانش‌آموزان!B8) -> 4 | D48: =IF(دانش‌آموزان!C8="","",دانش‌آموزان!C8) -> 0970971788 | E48: =IF(دانش‌آموزان!E8="","",دانش‌آموزان!E8&" "&دانش‌آموزان!F8) -> جواد ثقفي | F48: =IF(دانش‌آموزان!I8="","",دانش‌آموزان!I8) -> 801 | CC48: =IF(COUNT(G48:N48)=0,"",AVERAGE(G48:N48)*4) | CD48: =IF(COUNT(O48:S48)=0,"",AVERAGE(O48:S48)*4) | CE48: =IF(COUNT(T48:U48)=0,"",AVERAGE(T48:U48)*4) | CF48: =IF(COUNT(V48:Z48)=0,"",AVERAGE(V48:Z48)*4) | CG48: =IF(COUNT(AA48:AC48)=0,"",AVERAGE(AA48:AC48)*4) | CH48: =IF(COUNT(AD48:AI48)=0,"",AVERAGE(AD48:AI48)*4) | CI48: =IF(COUNT(AJ48:AP48)=0,"",AVERAGE(AJ48:AP48)*4) | CJ48: =IF(COUNT(AQ48:AW48)=0,"",AVERAGE(AQ48:AW48)*4) | CK48: =IF(COUNT(AX48:AZ48)=0,"",AVERAGE(AX48:AZ48)*4) | CL48: =IF(C48="","",IF(COUNT(G48:AZ48)<46,"",SUMPRODUCT(CC48:CK48,'تنظیمات وزن‌دهی'!$C$5:$C$13)/100)) | CM48: =IF(C48="","",IF(COUNT(G48:AZ48)=0,"",IF(COUNT(G48:AZ48)<46,"موقت - اطلاعات ناقص",IF(CL48>=17,"عالی",IF(CL48>=14,"خوب",IF(CL48>=10,"متوسط","ضعیف")))))) | CN48: 8 | CO48: =IF(C48="","",COUNT(G48:AZ48)/46) -> 0
A49: 45 | B49: اسفند | C49: =IF(دانش‌آموزان!E8="","",دانش‌آموزان!B8) -> 4 | D49: =IF(دانش‌آموزان!C8="","",دانش‌آموزان!C8) -> 0970971788 | E49: =IF(دانش‌آموزان!E8="","",دانش‌آموزان!E8&" "&دانش‌آموزان!F8) -> جواد ثقفي | F49: =IF(دانش‌آموزان!I8="","",دانش‌آموزان!I8) -> 801 | CC49: =IF(COUNT(G49:N49)=0,"",AVERAGE(G49:N49)*4) | CD49: =IF(COUNT(O49:S49)=0,"",AVERAGE(O49:S49)*4) | CE49: =IF(COUNT(T49:U49)=0,"",AVERAGE(T49:U49)*4) | CF49: =IF(COUNT(V49:Z49)=0,"",AVERAGE(V49:Z49)*4) | CG49: =IF(COUNT(AA49:AC49)=0,"",AVERAGE(AA49:AC49)*4) | CH49: =IF(COUNT(AD49:AI49)=0,"",AVERAGE(AD49:AI49)*4) | CI49: =IF(COUNT(AJ49:AP49)=0,"",AVERAGE(AJ49:AP49)*4) | CJ49: =IF(COUNT(AQ49:AW49)=0,"",AVERAGE(AQ49:AW49)*4) | CK49: =IF(COUNT(AX49:AZ49)=0,"",AVERAGE(AX49:AZ49)*4) | CL49: =IF(C49="","",IF(COUNT(G49:AZ49)<46,"",SUMPRODUCT(CC49:CK49,'تنظیمات وزن‌دهی'!$C$5:$C$13)/100)) | CM49: =IF(C49="","",IF(COUNT(G49:AZ49)=0,"",IF(COUNT(G49:AZ49)<46,"موقت - اطلاعات ناقص",IF(CL49>=17,"عالی",IF(CL49>=14,"خوب",IF(CL49>=10,"متوسط","ضعیف")))))) | CN49: 9 | CO49: =IF(C49="","",COUNT(G49:AZ49)/46) -> 0
A50: 46 | B50: فروردین | C50: =IF(دانش‌آموزان!E8="","",دانش‌آموزان!B8) -> 4 | D50: =IF(دانش‌آموزان!C8="","",دانش‌آموزان!C8) -> 0970971788 | E50: =IF(دانش‌آموزان!E8="","",دانش‌آموزان!E8&" "&دانش‌آموزان!F8) -> جواد ثقفي | F50: =IF(دانش‌آموزان!I8="","",دانش‌آموزان!I8) -> 801 | CC50: =IF(COUNT(G50:N50)=0,"",AVERAGE(G50:N50)*4) | CD50: =IF(COUNT(O50:S50)=0,"",AVERAGE(O50:S50)*4) | CE50: =IF(COUNT(T50:U50)=0,"",AVERAGE(T50:U50)*4) | CF50: =IF(COUNT(V50:Z50)=0,"",AVERAGE(V50:Z50)*4) | CG50: =IF(COUNT(AA50:AC50)=0,"",AVERAGE(AA50:AC50)*4) | CH50: =IF(COUNT(AD50:AI50)=0,"",AVERAGE(AD50:AI50)*4) | CI50: =IF(COUNT(AJ50:AP50)=0,"",AVERAGE(AJ50:AP50)*4) | CJ50: =IF(COUNT(AQ50:AW50)=0,"",AVERAGE(AQ50:AW50)*4) | CK50: =IF(COUNT(AX50:AZ50)=0,"",AVERAGE(AX50:AZ50)*4) | CL50: =IF(C50="","",IF(COUNT(G50:AZ50)<46,"",SUMPRODUCT(CC50:CK50,'تنظیمات وزن‌دهی'!$C$5:$C$13)/100)) | CM50: =IF(C50="","",IF(COUNT(G50:AZ50)=0,"",IF(COUNT(G50:AZ50)<46,"موقت - اطلاعات ناقص",IF(CL50>=17,"عالی",IF(CL50>=14,"خوب",IF(CL50>=10,"متوسط","ضعیف")))))) | CN50: 10 | CO50: =IF(C50="","",COUNT(G50:AZ50)/46) -> 0
A51: 47 | B51: اردیبهشت | C51: =IF(دانش‌آموزان!E8="","",دانش‌آموزان!B8) -> 4 | D51: =IF(دانش‌آموزان!C8="","",دانش‌آموزان!C8) -> 0970971788 | E51: =IF(دانش‌آموزان!E8="","",دانش‌آموزان!E8&" "&دانش‌آموزان!F8) -> جواد ثقفي | F51: =IF(دانش‌آموزان!I8="","",دانش‌آموزان!I8) -> 801 | CC51: =IF(COUNT(G51:N51)=0,"",AVERAGE(G51:N51)*4) | CD51: =IF(COUNT(O51:S51)=0,"",AVERAGE(O51:S51)*4) | CE51: =IF(COUNT(T51:U51)=0,"",AVERAGE(T51:U51)*4) | CF51: =IF(COUNT(V51:Z51)=0,"",AVERAGE(V51:Z51)*4) | CG51: =IF(COUNT(AA51:AC51)=0,"",AVERAGE(AA51:AC51)*4) | CH51: =IF(COUNT(AD51:AI51)=0,"",AVERAGE(AD51:AI51)*4) | CI51: =IF(COUNT(AJ51:AP51)=0,"",AVERAGE(AJ51:AP51)*4) | CJ51: =IF(COUNT(AQ51:AW51)=0,"",AVERAGE(AQ51:AW51)*4) | CK51: =IF(COUNT(AX51:AZ51)=0,"",AVERAGE(AX51:AZ51)*4) | CL51: =IF(C51="","",IF(COUNT(G51:AZ51)<46,"",SUMPRODUCT(CC51:CK51,'تنظیمات وزن‌دهی'!$C$5:$C$13)/100)) | CM51: =IF(C51="","",IF(COUNT(G51:AZ51)=0,"",IF(COUNT(G51:AZ51)<46,"موقت - اطلاعات ناقص",IF(CL51>=17,"عالی",IF(CL51>=14,"خوب",IF(CL51>=10,"متوسط","ضعیف")))))) | CN51: 11 | CO51: =IF(C51="","",COUNT(G51:AZ51)/46) -> 0
A52: 48 | B52: خرداد | C52: =IF(دانش‌آموزان!E8="","",دانش‌آموزان!B8) -> 4 | D52: =IF(دانش‌آموزان!C8="","",دانش‌آموزان!C8) -> 0970971788 | E52: =IF(دانش‌آموزان!E8="","",دانش‌آموزان!E8&" "&دانش‌آموزان!F8) -> جواد ثقفي | F52: =IF(دانش‌آموزان!I8="","",دانش‌آموزان!I8) -> 801 | CC52: =IF(COUNT(G52:N52)=0,"",AVERAGE(G52:N52)*4) | CD52: =IF(COUNT(O52:S52)=0,"",AVERAGE(O52:S52)*4) | CE52: =IF(COUNT(T52:U52)=0,"",AVERAGE(T52:U52)*4) | CF52: =IF(COUNT(V52:Z52)=0,"",AVERAGE(V52:Z52)*4) | CG52: =IF(COUNT(AA52:AC52)=0,"",AVERAGE(AA52:AC52)*4) | CH52: =IF(COUNT(AD52:AI52)=0,"",AVERAGE(AD52:AI52)*4) | CI52: =IF(COUNT(AJ52:AP52)=0,"",AVERAGE(AJ52:AP52)*4) | CJ52: =IF(COUNT(AQ52:AW52)=0,"",AVERAGE(AQ52:AW52)*4) | CK52: =IF(COUNT(AX52:AZ52)=0,"",AVERAGE(AX52:AZ52)*4) | CL52: =IF(C52="","",IF(COUNT(G52:AZ52)<46,"",SUMPRODUCT(CC52:CK52,'تنظیمات وزن‌دهی'!$C$5:$C$13)/100)) | CM52: =IF(C52="","",IF(COUNT(G52:AZ52)=0,"",IF(COUNT(G52:AZ52)<46,"موقت - اطلاعات ناقص",IF(CL52>=17,"عالی",IF(CL52>=14,"خوب",IF(CL52>=10,"متوسط","ضعیف")))))) | CN52: 12 | CO52: =IF(C52="","",COUNT(G52:AZ52)/46) -> 0
A53: 49 | B53: تیر | C53: =IF(دانش‌آموزان!E9="","",دانش‌آموزان!B9) -> 5 | D53: =IF(دانش‌آموزان!C9="","",دانش‌آموزان!C9) -> 0980728177 | E53: =IF(دانش‌آموزان!E9="","",دانش‌آموزان!E9&" "&دانش‌آموزان!F9) -> سيدمهديار جوادي | F53: =IF(دانش‌آموزان!I9="","",دانش‌آموزان!I9) -> 801 | CC53: =IF(COUNT(G53:N53)=0,"",AVERAGE(G53:N53)*4) | CD53: =IF(COUNT(O53:S53)=0,"",AVERAGE(O53:S53)*4) | CE53: =IF(COUNT(T53:U53)=0,"",AVERAGE(T53:U53)*4) | CF53: =IF(COUNT(V53:Z53)=0,"",AVERAGE(V53:Z53)*4) | CG53: =IF(COUNT(AA53:AC53)=0,"",AVERAGE(AA53:AC53)*4) | CH53: =IF(COUNT(AD53:AI53)=0,"",AVERAGE(AD53:AI53)*4) | CI53: =IF(COUNT(AJ53:AP53)=0,"",AVERAGE(AJ53:AP53)*4) | CJ53: =IF(COUNT(AQ53:AW53)=0,"",AVERAGE(AQ53:AW53)*4) | CK53: =IF(COUNT(AX53:AZ53)=0,"",AVERAGE(AX53:AZ53)*4) | CL53: =IF(C53="","",IF(COUNT(G53:AZ53)<46,"",SUMPRODUCT(CC53:CK53,'تنظیمات وزن‌دهی'!$C$5:$C$13)/100)) | CM53: =IF(C53="","",IF(COUNT(G53:AZ53)=0,"",IF(COUNT(G53:AZ53)<46,"موقت - اطلاعات ناقص",IF(CL53>=17,"عالی",IF(CL53>=14,"خوب",IF(CL53>=10,"متوسط","ضعیف")))))) | CN53: 1 | CO53: =IF(C53="","",COUNT(G53:AZ53)/46) -> 0
A54: 50 | B54: مرداد | C54: =IF(دانش‌آموزان!E9="","",دانش‌آموزان!B9) -> 5 | D54: =IF(دانش‌آموزان!C9="","",دانش‌آموزان!C9) -> 0980728177 | E54: =IF(دانش‌آموزان!E9="","",دانش‌آموزان!E9&" "&دانش‌آموزان!F9) -> سيدمهديار جوادي | F54: =IF(دانش‌آموزان!I9="","",دانش‌آموزان!I9) -> 801 | CC54: =IF(COUNT(G54:N54)=0,"",AVERAGE(G54:N54)*4) | CD54: =IF(COUNT(O54:S54)=0,"",AVERAGE(O54:S54)*4) | CE54: =IF(COUNT(T54:U54)=0,"",AVERAGE(T54:U54)*4) | CF54: =IF(COUNT(V54:Z54)=0,"",AVERAGE(V54:Z54)*4) | CG54: =IF(COUNT(AA54:AC54)=0,"",AVERAGE(AA54:AC54)*4) | CH54: =IF(COUNT(AD54:AI54)=0,"",AVERAGE(AD54:AI54)*4) | CI54: =IF(COUNT(AJ54:AP54)=0,"",AVERAGE(AJ54:AP54)*4) | CJ54: =IF(COUNT(AQ54:AW54)=0,"",AVERAGE(AQ54:AW54)*4) | CK54: =IF(COUNT(AX54:AZ54)=0,"",AVERAGE(AX54:AZ54)*4) | CL54: =IF(C54="","",IF(COUNT(G54:AZ54)<46,"",SUMPRODUCT(CC54:CK54,'تنظیمات وزن‌دهی'!$C$5:$C$13)/100)) | CM54: =IF(C54="","",IF(COUNT(G54:AZ54)=0,"",IF(COUNT(G54:AZ54)<46,"موقت - اطلاعات ناقص",IF(CL54>=17,"عالی",IF(CL54>=14,"خوب",IF(CL54>=10,"متوسط","ضعیف")))))) | CN54: 2 | CO54: =IF(C54="","",COUNT(G54:AZ54)/46) -> 0
A55: 51 | B55: شهریور | C55: =IF(دانش‌آموزان!E9="","",دانش‌آموزان!B9) -> 5 | D55: =IF(دانش‌آموزان!C9="","",دانش‌آموزان!C9) -> 0980728177 | E55: =IF(دانش‌آموزان!E9="","",دانش‌آموزان!E9&" "&دانش‌آموزان!F9) -> سيدمهديار جوادي | F55: =IF(دانش‌آموزان!I9="","",دانش‌آموزان!I9) -> 801 | G55: 19.38 | H55: -7.38 | I55: 5 | J55: 5 | K55: 5 | L55: 5 | M55: 5 | N55: 5 | O55: 5 | P55: 5 | Q55: 5 | R55: 5 | S55: 5 | T55: 5 | U55: 5 | V55: 5 | W55: 5 | X55: 5 | Y55: 5 | Z55: 5 | AA55: 5 | AB55: 5 | AC55: 5 | AD55: ندارد | AE55: ندارد | AF55: ندارد | AG55: ندارد | AH55: ندارد | AI55: ندارد | AJ55: 5 | AK55: 5 | AL55: 5 | AM55: 5 | AN55: 5 | AO55: 5 | AP55: 5 | AQ55: ندارد | AR55: ندارد | AS55: ندارد | AT55: ندارد | AU55: ندارد | AV55: ندارد | AW55: ندارد | AX55: ندارد | AY55: ندارد | AZ55: ندارد | CC55: =IF(COUNT(G55:N55)=0,"",AVERAGE(G55:N55)*4) -> 21 | CD55: =IF(COUNT(O55:S55)=0,"",AVERAGE(O55:S55)*4) -> 20 | CE55: =IF(COUNT(T55:U55)=0,"",AVERAGE(T55:U55)*4) -> 20 | CF55: =IF(COUNT(V55:Z55)=0,"",AVERAGE(V55:Z55)*4) -> 20 | CG55: =IF(COUNT(AA55:AC55)=0,"",AVERAGE(AA55:AC55)*4) -> 20 | CH55: =IF(COUNT(AD55:AI55)=0,"",AVERAGE(AD55:AI55)*4) | CI55: =IF(COUNT(AJ55:AP55)=0,"",AVERAGE(AJ55:AP55)*4) -> 20 | CJ55: =IF(COUNT(AQ55:AW55)=0,"",AVERAGE(AQ55:AW55)*4) | CK55: =IF(COUNT(AX55:AZ55)=0,"",AVERAGE(AX55:AZ55)*4) | CL55: =IF(C55="","",IF(COUNT(G55:AZ55)<46,"",SUMPRODUCT(CC55:CK55,'تنظیمات وزن‌دهی'!$C$5:$C$13)/100)) | CM55: =IF(C55="","",IF(COUNT(G55:AZ55)=0,"",IF(COUNT(G55:AZ55)<46,"موقت - اطلاعات ناقص",IF(CL55>=17,"عالی",IF(CL55>=14,"خوب",IF(CL55>=10,"متوسط","ضعیف")))))) -> موقت - اطلاعات ناقص | CN55: 3 | CO55: =IF(C55="","",COUNT(G55:AZ55)/46) -> 0.65217391
A56: 52 | B56: مهر | C56: =IF(دانش‌آموزان!E9="","",دانش‌آموزان!B9) -> 5 | D56: =IF(دانش‌آموزان!C9="","",دانش‌آموزان!C9) -> 0980728177 | E56: =IF(دانش‌آموزان!E9="","",دانش‌آموزان!E9&" "&دانش‌آموزان!F9) -> سيدمهديار جوادي | F56: =IF(دانش‌آموزان!I9="","",دانش‌آموزان!I9) -> 801 | CC56: =IF(COUNT(G56:N56)=0,"",AVERAGE(G56:N56)*4) | CD56: =IF(COUNT(O56:S56)=0,"",AVERAGE(O56:S56)*4) | CE56: =IF(COUNT(T56:U56)=0,"",AVERAGE(T56:U56)*4) | CF56: =IF(COUNT(V56:Z56)=0,"",AVERAGE(V56:Z56)*4) | CG56: =IF(COUNT(AA56:AC56)=0,"",AVERAGE(AA56:AC56)*4) | CH56: =IF(COUNT(AD56:AI56)=0,"",AVERAGE(AD56:AI56)*4) | CI56: =IF(COUNT(AJ56:AP56)=0,"",AVERAGE(AJ56:AP56)*4) | CJ56: =IF(COUNT(AQ56:AW56)=0,"",AVERAGE(AQ56:AW56)*4) | CK56: =IF(COUNT(AX56:AZ56)=0,"",AVERAGE(AX56:AZ56)*4) | CL56: =IF(C56="","",IF(COUNT(G56:AZ56)<46,"",SUMPRODUCT(CC56:CK56,'تنظیمات وزن‌دهی'!$C$5:$C$13)/100)) | CM56: =IF(C56="","",IF(COUNT(G56:AZ56)=0,"",IF(COUNT(G56:AZ56)<46,"موقت - اطلاعات ناقص",IF(CL56>=17,"عالی",IF(CL56>=14,"خوب",IF(CL56>=10,"متوسط","ضعیف")))))) | CN56: 4 | CO56: =IF(C56="","",COUNT(G56:AZ56)/46) -> 0
A57: 53 | B57: آبان | C57: =IF(دانش‌آموزان!E9="","",دانش‌آموزان!B9) -> 5 | D57: =IF(دانش‌آموزان!C9="","",دانش‌آموزان!C9) -> 0980728177 | E57: =IF(دانش‌آموزان!E9="","",دانش‌آموزان!E9&" "&دانش‌آموزان!F9) -> سيدمهديار جوادي | F57: =IF(دانش‌آموزان!I9="","",دانش‌آموزان!I9) -> 801 | CC57: =IF(COUNT(G57:N57)=0,"",AVERAGE(G57:N57)*4) | CD57: =IF(COUNT(O57:S57)=0,"",AVERAGE(O57:S57)*4) | CE57: =IF(COUNT(T57:U57)=0,"",AVERAGE(T57:U57)*4) | CF57: =IF(COUNT(V57:Z57)=0,"",AVERAGE(V57:Z57)*4) | CG57: =IF(COUNT(AA57:AC57)=0,"",AVERAGE(AA57:AC57)*4) | CH57: =IF(COUNT(AD57:AI57)=0,"",AVERAGE(AD57:AI57)*4) | CI57: =IF(COUNT(AJ57:AP57)=0,"",AVERAGE(AJ57:AP57)*4) | CJ57: =IF(COUNT(AQ57:AW57)=0,"",AVERAGE(AQ57:AW57)*4) | CK57: =IF(COUNT(AX57:AZ57)=0,"",AVERAGE(AX57:AZ57)*4) | CL57: =IF(C57="","",IF(COUNT(G57:AZ57)<46,"",SUMPRODUCT(CC57:CK57,'تنظیمات وزن‌دهی'!$C$5:$C$13)/100)) | CM57: =IF(C57="","",IF(COUNT(G57:AZ57)=0,"",IF(COUNT(G57:AZ57)<46,"موقت - اطلاعات ناقص",IF(CL57>=17,"عالی",IF(CL57>=14,"خوب",IF(CL57>=10,"متوسط","ضعیف")))))) | CN57: 5 | CO57: =IF(C57="","",COUNT(G57:AZ57)/46) -> 0
A58: 54 | B58: آذر | C58: =IF(دانش‌آموزان!E9="","",دانش‌آموزان!B9) -> 5 | D58: =IF(دانش‌آموزان!C9="","",دانش‌آموزان!C9) -> 0980728177 | E58: =IF(دانش‌آموزان!E9="","",دانش‌آموزان!E9&" "&دانش‌آموزان!F9) -> سيدمهديار جوادي | F58: =IF(دانش‌آموزان!I9="","",دانش‌آموزان!I9) -> 801 | CC58: =IF(COUNT(G58:N58)=0,"",AVERAGE(G58:N58)*4) | CD58: =IF(COUNT(O58:S58)=0,"",AVERAGE(O58:S58)*4) | CE58: =IF(COUNT(T58:U58)=0,"",AVERAGE(T58:U58)*4) | CF58: =IF(COUNT(V58:Z58)=0,"",AVERAGE(V58:Z58)*4) | CG58: =IF(COUNT(AA58:AC58)=0,"",AVERAGE(AA58:AC58)*4) | CH58: =IF(COUNT(AD58:AI58)=0,"",AVERAGE(AD58:AI58)*4) | CI58: =IF(COUNT(AJ58:AP58)=0,"",AVERAGE(AJ58:AP58)*4) | CJ58: =IF(COUNT(AQ58:AW58)=0,"",AVERAGE(AQ58:AW58)*4) | CK58: =IF(COUNT(AX58:AZ58)=0,"",AVERAGE(AX58:AZ58)*4) | CL58: =IF(C58="","",IF(COUNT(G58:AZ58)<46,"",SUMPRODUCT(CC58:CK58,'تنظیمات وزن‌دهی'!$C$5:$C$13)/100)) | CM58: =IF(C58="","",IF(COUNT(G58:AZ58)=0,"",IF(COUNT(G58:AZ58)<46,"موقت - اطلاعات ناقص",IF(CL58>=17,"عالی",IF(CL58>=14,"خوب",IF(CL58>=10,"متوسط","ضعیف")))))) | CN58: 6 | CO58: =IF(C58="","",COUNT(G58:AZ58)/46) -> 0
A59: 55 | B59: دی | C59: =IF(دانش‌آموزان!E9="","",دانش‌آموزان!B9) -> 5 | D59: =IF(دانش‌آموزان!C9="","",دانش‌آموزان!C9) -> 0980728177 | E59: =IF(دانش‌آموزان!E9="","",دانش‌آموزان!E9&" "&دانش‌آموزان!F9) -> سيدمهديار جوادي | F59: =IF(دانش‌آموزان!I9="","",دانش‌آموزان!I9) -> 801 | CC59: =IF(COUNT(G59:N59)=0,"",AVERAGE(G59:N59)*4) | CD59: =IF(COUNT(O59:S59)=0,"",AVERAGE(O59:S59)*4) | CE59: =IF(COUNT(T59:U59)=0,"",AVERAGE(T59:U59)*4) | CF59: =IF(COUNT(V59:Z59)=0,"",AVERAGE(V59:Z59)*4) | CG59: =IF(COUNT(AA59:AC59)=0,"",AVERAGE(AA59:AC59)*4) | CH59: =IF(COUNT(AD59:AI59)=0,"",AVERAGE(AD59:AI59)*4) | CI59: =IF(COUNT(AJ59:AP59)=0,"",AVERAGE(AJ59:AP59)*4) | CJ59: =IF(COUNT(AQ59:AW59)=0,"",AVERAGE(AQ59:AW59)*4) | CK59: =IF(COUNT(AX59:AZ59)=0,"",AVERAGE(AX59:AZ59)*4) | CL59: =IF(C59="","",IF(COUNT(G59:AZ59)<46,"",SUMPRODUCT(CC59:CK59,'تنظیمات وزن‌دهی'!$C$5:$C$13)/100)) | CM59: =IF(C59="","",IF(COUNT(G59:AZ59)=0,"",IF(COUNT(G59:AZ59)<46,"موقت - اطلاعات ناقص",IF(CL59>=17,"عالی",IF(CL59>=14,"خوب",IF(CL59>=10,"متوسط","ضعیف")))))) | CN59: 7 | CO59: =IF(C59="","",COUNT(G59:AZ59)/46) -> 0
A60: 56 | B60: بهمن | C60: =IF(دانش‌آموزان!E9="","",دانش‌آموزان!B9) -> 5 | D60: =IF(دانش‌آموزان!C9="","",دانش‌آموزان!C9) -> 0980728177 | E60: =IF(دانش‌آموزان!E9="","",دانش‌آموزان!E9&" "&دانش‌آموزان!F9) -> سيدمهديار جوادي | F60: =IF(دانش‌آموزان!I9="","",دانش‌آموزان!I9) -> 801 | CC60: =IF(COUNT(G60:N60)=0,"",AVERAGE(G60:N60)*4) | CD60: =IF(COUNT(O60:S60)=0,"",AVERAGE(O60:S60)*4) | CE60: =IF(COUNT(T60:U60)=0,"",AVERAGE(T60:U60)*4) | CF60: =IF(COUNT(V60:Z60)=0,"",AVERAGE(V60:Z60)*4) | CG60: =IF(COUNT(AA60:AC60)=0,"",AVERAGE(AA60:AC60)*4) | CH60: =IF(COUNT(AD60:AI60)=0,"",AVERAGE(AD60:AI60)*4) | CI60: =IF(COUNT(AJ60:AP60)=0,"",AVERAGE(AJ60:AP60)*4) | CJ60: =IF(COUNT(AQ60:AW60)=0,"",AVERAGE(AQ60:AW60)*4) | CK60: =IF(COUNT(AX60:AZ60)=0,"",AVERAGE(AX60:AZ60)*4) | CL60: =IF(C60="","",IF(COUNT(G60:AZ60)<46,"",SUMPRODUCT(CC60:CK60,'تنظیمات وزن‌دهی'!$C$5:$C$13)/100)) | CM60: =IF(C60="","",IF(COUNT(G60:AZ60)=0,"",IF(COUNT(G60:AZ60)<46,"موقت - اطلاعات ناقص",IF(CL60>=17,"عالی",IF(CL60>=14,"خوب",IF(CL60>=10,"متوسط","ضعیف")))))) | CN60: 8 | CO60: =IF(C60="","",COUNT(G60:AZ60)/46) -> 0
A61: 57 | B61: اسفند | C61: =IF(دانش‌آموزان!E9="","",دانش‌آموزان!B9) -> 5 | D61: =IF(دانش‌آموزان!C9="","",دانش‌آموزان!C9) -> 0980728177 | E61: =IF(دانش‌آموزان!E9="","",دانش‌آموزان!E9&" "&دانش‌آموزان!F9) -> سيدمهديار جوادي | F61: =IF(دانش‌آموزان!I9="","",دانش‌آموزان!I9) -> 801 | CC61: =IF(COUNT(G61:N61)=0,"",AVERAGE(G61:N61)*4) | CD61: =IF(COUNT(O61:S61)=0,"",AVERAGE(O61:S61)*4) | CE61: =IF(COUNT(T61:U61)=0,"",AVERAGE(T61:U61)*4) | CF61: =IF(COUNT(V61:Z61)=0,"",AVERAGE(V61:Z61)*4) | CG61: =IF(COUNT(AA61:AC61)=0,"",AVERAGE(AA61:AC61)*4) | CH61: =IF(COUNT(AD61:AI61)=0,"",AVERAGE(AD61:AI61)*4) | CI61: =IF(COUNT(AJ61:AP61)=0,"",AVERAGE(AJ61:AP61)*4) | CJ61: =IF(COUNT(AQ61:AW61)=0,"",AVERAGE(AQ61:AW61)*4) | CK61: =IF(COUNT(AX61:AZ61)=0,"",AVERAGE(AX61:AZ61)*4) | CL61: =IF(C61="","",IF(COUNT(G61:AZ61)<46,"",SUMPRODUCT(CC61:CK61,'تنظیمات وزن‌دهی'!$C$5:$C$13)/100)) | CM61: =IF(C61="","",IF(COUNT(G61:AZ61)=0,"",IF(COUNT(G61:AZ61)<46,"موقت - اطلاعات ناقص",IF(CL61>=17,"عالی",IF(CL61>=14,"خوب",IF(CL61>=10,"متوسط","ضعیف")))))) | CN61: 9 | CO61: =IF(C61="","",COUNT(G61:AZ61)/46) -> 0
A62: 58 | B62: فروردین | C62: =IF(دانش‌آموزان!E9="","",دانش‌آموزان!B9) -> 5 | D62: =IF(دانش‌آموزان!C9="","",دانش‌آموزان!C9) -> 0980728177 | E62: =IF(دانش‌آموزان!E9="","",دانش‌آموزان!E9&" "&دانش‌آموزان!F9) -> سيدمهديار جوادي | F62: =IF(دانش‌آموزان!I9="","",دانش‌آموزان!I9) -> 801 | CC62: =IF(COUNT(G62:N62)=0,"",AVERAGE(G62:N62)*4) | CD62: =IF(COUNT(O62:S62)=0,"",AVERAGE(O62:S62)*4) | CE62: =IF(COUNT(T62:U62)=0,"",AVERAGE(T62:U62)*4) | CF62: =IF(COUNT(V62:Z62)=0,"",AVERAGE(V62:Z62)*4) | CG62: =IF(COUNT(AA62:AC62)=0,"",AVERAGE(AA62:AC62)*4) | CH62: =IF(COUNT(AD62:AI62)=0,"",AVERAGE(AD62:AI62)*4) | CI62: =IF(COUNT(AJ62:AP62)=0,"",AVERAGE(AJ62:AP62)*4) | CJ62: =IF(COUNT(AQ62:AW62)=0,"",AVERAGE(AQ62:AW62)*4) | CK62: =IF(COUNT(AX62:AZ62)=0,"",AVERAGE(AX62:AZ62)*4) | CL62: =IF(C62="","",IF(COUNT(G62:AZ62)<46,"",SUMPRODUCT(CC62:CK62,'تنظیمات وزن‌دهی'!$C$5:$C$13)/100)) | CM62: =IF(C62="","",IF(COUNT(G62:AZ62)=0,"",IF(COUNT(G62:AZ62)<46,"موقت - اطلاعات ناقص",IF(CL62>=17,"عالی",IF(CL62>=14,"خوب",IF(CL62>=10,"متوسط","ضعیف")))))) | CN62: 10 | CO62: =IF(C62="","",COUNT(G62:AZ62)/46) -> 0
A63: 59 | B63: اردیبهشت | C63: =IF(دانش‌آموزان!E9="","",دانش‌آموزان!B9) -> 5 | D63: =IF(دانش‌آموزان!C9="","",دانش‌آموزان!C9) -> 0980728177 | E63: =IF(دانش‌آموزان!E9="","",دانش‌آموزان!E9&" "&دانش‌آموزان!F9) -> سيدمهديار جوادي | F63: =IF(دانش‌آموزان!I9="","",دانش‌آموزان!I9) -> 801 | CC63: =IF(COUNT(G63:N63)=0,"",AVERAGE(G63:N63)*4) | CD63: =IF(COUNT(O63:S63)=0,"",AVERAGE(O63:S63)*4) | CE63: =IF(COUNT(T63:U63)=0,"",AVERAGE(T63:U63)*4) | CF63: =IF(COUNT(V63:Z63)=0,"",AVERAGE(V63:Z63)*4) | CG63: =IF(COUNT(AA63:AC63)=0,"",AVERAGE(AA63:AC63)*4) | CH63: =IF(COUNT(AD63:AI63)=0,"",AVERAGE(AD63:AI63)*4) | CI63: =IF(COUNT(AJ63:AP63)=0,"",AVERAGE(AJ63:AP63)*4) | CJ63: =IF(COUNT(AQ63:AW63)=0,"",AVERAGE(AQ63:AW63)*4) | CK63: =IF(COUNT(AX63:AZ63)=0,"",AVERAGE(AX63:AZ63)*4) | CL63: =IF(C63="","",IF(COUNT(G63:AZ63)<46,"",SUMPRODUCT(CC63:CK63,'تنظیمات وزن‌دهی'!$C$5:$C$13)/100)) | CM63: =IF(C63="","",IF(COUNT(G63:AZ63)=0,"",IF(COUNT(G63:AZ63)<46,"موقت - اطلاعات ناقص",IF(CL63>=17,"عالی",IF(CL63>=14,"خوب",IF(CL63>=10,"متوسط","ضعیف")))))) | CN63: 11 | CO63: =IF(C63="","",COUNT(G63:AZ63)/46) -> 0
A64: 60 | B64: خرداد | C64: =IF(دانش‌آموزان!E9="","",دانش‌آموزان!B9) -> 5 | D64: =IF(دانش‌آموزان!C9="","",دانش‌آموزان!C9) -> 0980728177 | E64: =IF(دانش‌آموزان!E9="","",دانش‌آموزان!E9&" "&دانش‌آموزان!F9) -> سيدمهديار جوادي | F64: =IF(دانش‌آموزان!I9="","",دانش‌آموزان!I9) -> 801 | CC64: =IF(COUNT(G64:N64)=0,"",AVERAGE(G64:N64)*4) | CD64: =IF(COUNT(O64:S64)=0,"",AVERAGE(O64:S64)*4) | CE64: =IF(COUNT(T64:U64)=0,"",AVERAGE(T64:U64)*4) | CF64: =IF(COUNT(V64:Z64)=0,"",AVERAGE(V64:Z64)*4) | CG64: =IF(COUNT(AA64:AC64)=0,"",AVERAGE(AA64:AC64)*4) | CH64: =IF(COUNT(AD64:AI64)=0,"",AVERAGE(AD64:AI64)*4) | CI64: =IF(COUNT(AJ64:AP64)=0,"",AVERAGE(AJ64:AP64)*4) | CJ64: =IF(COUNT(AQ64:AW64)=0,"",AVERAGE(AQ64:AW64)*4) | CK64: =IF(COUNT(AX64:AZ64)=0,"",AVERAGE(AX64:AZ64)*4) | CL64: =IF(C64="","",IF(COUNT(G64:AZ64)<46,"",SUMPRODUCT(CC64:CK64,'تنظیمات وزن‌دهی'!$C$5:$C$13)/100)) | CM64: =IF(C64="","",IF(COUNT(G64:AZ64)=0,"",IF(COUNT(G64:AZ64)<46,"موقت - اطلاعات ناقص",IF(CL64>=17,"عالی",IF(CL64>=14,"خوب",IF(CL64>=10,"متوسط","ضعیف")))))) | CN64: 12 | CO64: =IF(C64="","",COUNT(G64:AZ64)/46) -> 0
A65: 61 | B65: تیر | C65: =IF(دانش‌آموزان!E10="","",دانش‌آموزان!B10) -> 6 | D65: =IF(دانش‌آموزان!C10="","",دانش‌آموزان!C10) -> 0960526307 | E65: =IF(دانش‌آموزان!E10="","",دانش‌آموزان!E10&" "&دانش‌آموزان!F10) -> آيدين چرخكار | F65: =IF(دانش‌آموزان!I10="","",دانش‌آموزان!I10) -> 801 | CC65: =IF(COUNT(G65:N65)=0,"",AVERAGE(G65:N65)*4) | CD65: =IF(COUNT(O65:S65)=0,"",AVERAGE(O65:S65)*4) | CE65: =IF(COUNT(T65:U65)=0,"",AVERAGE(T65:U65)*4) | CF65: =IF(COUNT(V65:Z65)=0,"",AVERAGE(V65:Z65)*4) | CG65: =IF(COUNT(AA65:AC65)=0,"",AVERAGE(AA65:AC65)*4) | CH65: =IF(COUNT(AD65:AI65)=0,"",AVERAGE(AD65:AI65)*4) | CI65: =IF(COUNT(AJ65:AP65)=0,"",AVERAGE(AJ65:AP65)*4) | CJ65: =IF(COUNT(AQ65:AW65)=0,"",AVERAGE(AQ65:AW65)*4) | CK65: =IF(COUNT(AX65:AZ65)=0,"",AVERAGE(AX65:AZ65)*4) | CL65: =IF(C65="","",IF(COUNT(G65:AZ65)<46,"",SUMPRODUCT(CC65:CK65,'تنظیمات وزن‌دهی'!$C$5:$C$13)/100)) | CM65: =IF(C65="","",IF(COUNT(G65:AZ65)=0,"",IF(COUNT(G65:AZ65)<46,"موقت - اطلاعات ناقص",IF(CL65>=17,"عالی",IF(CL65>=14,"خوب",IF(CL65>=10,"متوسط","ضعیف")))))) | CN65: 1 | CO65: =IF(C65="","",COUNT(G65:AZ65)/46) -> 0
A66: 62 | B66: مرداد | C66: =IF(دانش‌آموزان!E10="","",دانش‌آموزان!B10) -> 6 | D66: =IF(دانش‌آموزان!C10="","",دانش‌آموزان!C10) -> 0960526307 | E66: =IF(دانش‌آموزان!E10="","",دانش‌آموزان!E10&" "&دانش‌آموزان!F10) -> آيدين چرخكار | F66: =IF(دانش‌آموزان!I10="","",دانش‌آموزان!I10) -> 801 | CC66: =IF(COUNT(G66:N66)=0,"",AVERAGE(G66:N66)*4) | CD66: =IF(COUNT(O66:S66)=0,"",AVERAGE(O66:S66)*4) | CE66: =IF(COUNT(T66:U66)=0,"",AVERAGE(T66:U66)*4) | CF66: =IF(COUNT(V66:Z66)=0,"",AVERAGE(V66:Z66)*4) | CG66: =IF(COUNT(AA66:AC66)=0,"",AVERAGE(AA66:AC66)*4) | CH66: =IF(COUNT(AD66:AI66)=0,"",AVERAGE(AD66:AI66)*4) | CI66: =IF(COUNT(AJ66:AP66)=0,"",AVERAGE(AJ66:AP66)*4) | CJ66: =IF(COUNT(AQ66:AW66)=0,"",AVERAGE(AQ66:AW66)*4) | CK66: =IF(COUNT(AX66:AZ66)=0,"",AVERAGE(AX66:AZ66)*4) | CL66: =IF(C66="","",IF(COUNT(G66:AZ66)<46,"",SUMPRODUCT(CC66:CK66,'تنظیمات وزن‌دهی'!$C$5:$C$13)/100)) | CM66: =IF(C66="","",IF(COUNT(G66:AZ66)=0,"",IF(COUNT(G66:AZ66)<46,"موقت - اطلاعات ناقص",IF(CL66>=17,"عالی",IF(CL66>=14,"خوب",IF(CL66>=10,"متوسط","ضعیف")))))) | CN66: 2 | CO66: =IF(C66="","",COUNT(G66:AZ66)/46) -> 0
A67: 63 | B67: شهریور | C67: =IF(دانش‌آموزان!E10="","",دانش‌آموزان!B10) -> 6 | D67: =IF(دانش‌آموزان!C10="","",دانش‌آموزان!C10) -> 0960526307 | E67: =IF(دانش‌آموزان!E10="","",دانش‌آموزان!E10&" "&دانش‌آموزان!F10) -> آيدين چرخكار | F67: =IF(دانش‌آموزان!I10="","",دانش‌آموزان!I10) -> 801 | G67: 19.85 | H67: -7.85 | I67: 4 | J67: 5 | K67: 5 | L67: 5 | M67: 5 | N67: 5 | O67: 5 | P67: 5 | Q67: 5 | R67: 5 | S67: 5 | T67: 5 | U67: 5 | V67: 5 | W67: 5 | X67: 5 | Y67: 5 | Z67: 5 | AA67: 5 | AB67: 5 | AC67: 5 | AD67: ندارد | AE67: ندارد | AF67: ندارد | AG67: ندارد | AH67: ندارد | AI67: ندارد | AJ67: 5 | AK67: 5 | AL67: 5 | AM67: 5 | AN67: 5 | AO67: 5 | AP67: 5 | AQ67: ندارد | AR67: ندارد | AS67: ندارد | AT67: ندارد | AU67: ندارد | AV67: ندارد | AW67: ندارد | AX67: ندارد | AY67: ندارد | AZ67: ندارد | CC67: =IF(COUNT(G67:N67)=0,"",AVERAGE(G67:N67)*4) -> 20.5 | CD67: =IF(COUNT(O67:S67)=0,"",AVERAGE(O67:S67)*4) -> 20 | CE67: =IF(COUNT(T67:U67)=0,"",AVERAGE(T67:U67)*4) -> 20 | CF67: =IF(COUNT(V67:Z67)=0,"",AVERAGE(V67:Z67)*4) -> 20 | CG67: =IF(COUNT(AA67:AC67)=0,"",AVERAGE(AA67:AC67)*4) -> 20 | CH67: =IF(COUNT(AD67:AI67)=0,"",AVERAGE(AD67:AI67)*4) | CI67: =IF(COUNT(AJ67:AP67)=0,"",AVERAGE(AJ67:AP67)*4) -> 20 | CJ67: =IF(COUNT(AQ67:AW67)=0,"",AVERAGE(AQ67:AW67)*4) | CK67: =IF(COUNT(AX67:AZ67)=0,"",AVERAGE(AX67:AZ67)*4) | CL67: =IF(C67="","",IF(COUNT(G67:AZ67)<46,"",SUMPRODUCT(CC67:CK67,'تنظیمات وزن‌دهی'!$C$5:$C$13)/100)) | CM67: =IF(C67="","",IF(COUNT(G67:AZ67)=0,"",IF(COUNT(G67:AZ67)<46,"موقت - اطلاعات ناقص",IF(CL67>=17,"عالی",IF(CL67>=14,"خوب",IF(CL67>=10,"متوسط","ضعیف")))))) -> موقت - اطلاعات ناقص | CN67: 3 | CO67: =IF(C67="","",COUNT(G67:AZ67)/46) -> 0.65217391
A68: 64 | B68: مهر | C68: =IF(دانش‌آموزان!E10="","",دانش‌آموزان!B10) -> 6 | D68: =IF(دانش‌آموزان!C10="","",دانش‌آموزان!C10) -> 0960526307 | E68: =IF(دانش‌آموزان!E10="","",دانش‌آموزان!E10&" "&دانش‌آموزان!F10) -> آيدين چرخكار | F68: =IF(دانش‌آموزان!I10="","",دانش‌آموزان!I10) -> 801 | CC68: =IF(COUNT(G68:N68)=0,"",AVERAGE(G68:N68)*4) | CD68: =IF(COUNT(O68:S68)=0,"",AVERAGE(O68:S68)*4) | CE68: =IF(COUNT(T68:U68)=0,"",AVERAGE(T68:U68)*4) | CF68: =IF(COUNT(V68:Z68)=0,"",AVERAGE(V68:Z68)*4) | CG68: =IF(COUNT(AA68:AC68)=0,"",AVERAGE(AA68:AC68)*4) | CH68: =IF(COUNT(AD68:AI68)=0,"",AVERAGE(AD68:AI68)*4) | CI68: =IF(COUNT(AJ68:AP68)=0,"",AVERAGE(AJ68:AP68)*4) | CJ68: =IF(COUNT(AQ68:AW68)=0,"",AVERAGE(AQ68:AW68)*4) | CK68: =IF(COUNT(AX68:AZ68)=0,"",AVERAGE(AX68:AZ68)*4) | CL68: =IF(C68="","",IF(COUNT(G68:AZ68)<46,"",SUMPRODUCT(CC68:CK68,'تنظیمات وزن‌دهی'!$C$5:$C$13)/100)) | CM68: =IF(C68="","",IF(COUNT(G68:AZ68)=0,"",IF(COUNT(G68:AZ68)<46,"موقت - اطلاعات ناقص",IF(CL68>=17,"عالی",IF(CL68>=14,"خوب",IF(CL68>=10,"متوسط","ضعیف")))))) | CN68: 4 | CO68: =IF(C68="","",COUNT(G68:AZ68)/46) -> 0
A69: 65 | B69: آبان | C69: =IF(دانش‌آموزان!E10="","",دانش‌آموزان!B10) -> 6 | D69: =IF(دانش‌آموزان!C10="","",دانش‌آموزان!C10) -> 0960526307 | E69: =IF(دانش‌آموزان!E10="","",دانش‌آموزان!E10&" "&دانش‌آموزان!F10) -> آيدين چرخكار | F69: =IF(دانش‌آموزان!I10="","",دانش‌آموزان!I10) -> 801 | CC69: =IF(COUNT(G69:N69)=0,"",AVERAGE(G69:N69)*4) | CD69: =IF(COUNT(O69:S69)=0,"",AVERAGE(O69:S69)*4) | CE69: =IF(COUNT(T69:U69)=0,"",AVERAGE(T69:U69)*4) | CF69: =IF(COUNT(V69:Z69)=0,"",AVERAGE(V69:Z69)*4) | CG69: =IF(COUNT(AA69:AC69)=0,"",AVERAGE(AA69:AC69)*4) | CH69: =IF(COUNT(AD69:AI69)=0,"",AVERAGE(AD69:AI69)*4) | CI69: =IF(COUNT(AJ69:AP69)=0,"",AVERAGE(AJ69:AP69)*4) | CJ69: =IF(COUNT(AQ69:AW69)=0,"",AVERAGE(AQ69:AW69)*4) | CK69: =IF(COUNT(AX69:AZ69)=0,"",AVERAGE(AX69:AZ69)*4) | CL69: =IF(C69="","",IF(COUNT(G69:AZ69)<46,"",SUMPRODUCT(CC69:CK69,'تنظیمات وزن‌دهی'!$C$5:$C$13)/100)) | CM69: =IF(C69="","",IF(COUNT(G69:AZ69)=0,"",IF(COUNT(G69:AZ69)<46,"موقت - اطلاعات ناقص",IF(CL69>=17,"عالی",IF(CL69>=14,"خوب",IF(CL69>=10,"متوسط","ضعیف")))))) | CN69: 5 | CO69: =IF(C69="","",COUNT(G69:AZ69)/46) -> 0
A70: 66 | B70: آذر | C70: =IF(دانش‌آموزان!E10="","",دانش‌آموزان!B10) -> 6 | D70: =IF(دانش‌آموزان!C10="","",دانش‌آموزان!C10) -> 0960526307 | E70: =IF(دانش‌آموزان!E10="","",دانش‌آموزان!E10&" "&دانش‌آموزان!F10) -> آيدين چرخكار | F70: =IF(دانش‌آموزان!I10="","",دانش‌آموزان!I10) -> 801 | CC70: =IF(COUNT(G70:N70)=0,"",AVERAGE(G70:N70)*4) | CD70: =IF(COUNT(O70:S70)=0,"",AVERAGE(O70:S70)*4) | CE70: =IF(COUNT(T70:U70)=0,"",AVERAGE(T70:U70)*4) | CF70: =IF(COUNT(V70:Z70)=0,"",AVERAGE(V70:Z70)*4) | CG70: =IF(COUNT(AA70:AC70)=0,"",AVERAGE(AA70:AC70)*4) | CH70: =IF(COUNT(AD70:AI70)=0,"",AVERAGE(AD70:AI70)*4) | CI70: =IF(COUNT(AJ70:AP70)=0,"",AVERAGE(AJ70:AP70)*4) | CJ70: =IF(COUNT(AQ70:AW70)=0,"",AVERAGE(AQ70:AW70)*4) | CK70: =IF(COUNT(AX70:AZ70)=0,"",AVERAGE(AX70:AZ70)*4) | CL70: =IF(C70="","",IF(COUNT(G70:AZ70)<46,"",SUMPRODUCT(CC70:CK70,'تنظیمات وزن‌دهی'!$C$5:$C$13)/100)) | CM70: =IF(C70="","",IF(COUNT(G70:AZ70)=0,"",IF(COUNT(G70:AZ70)<46,"موقت - اطلاعات ناقص",IF(CL70>=17,"عالی",IF(CL70>=14,"خوب",IF(CL70>=10,"متوسط","ضعیف")))))) | CN70: 6 | CO70: =IF(C70="","",COUNT(G70:AZ70)/46) -> 0
A71: 67 | B71: دی | C71: =IF(دانش‌آموزان!E10="","",دانش‌آموزان!B10) -> 6 | D71: =IF(دانش‌آموزان!C10="","",دانش‌آموزان!C10) -> 0960526307 | E71: =IF(دانش‌آموزان!E10="","",دانش‌آموزان!E10&" "&دانش‌آموزان!F10) -> آيدين چرخكار | F71: =IF(دانش‌آموزان!I10="","",دانش‌آموزان!I10) -> 801 | CC71: =IF(COUNT(G71:N71)=0,"",AVERAGE(G71:N71)*4) | CD71: =IF(COUNT(O71:S71)=0,"",AVERAGE(O71:S71)*4) | CE71: =IF(COUNT(T71:U71)=0,"",AVERAGE(T71:U71)*4) | CF71: =IF(COUNT(V71:Z71)=0,"",AVERAGE(V71:Z71)*4) | CG71: =IF(COUNT(AA71:AC71)=0,"",AVERAGE(AA71:AC71)*4) | CH71: =IF(COUNT(AD71:AI71)=0,"",AVERAGE(AD71:AI71)*4) | CI71: =IF(COUNT(AJ71:AP71)=0,"",AVERAGE(AJ71:AP71)*4) | CJ71: =IF(COUNT(AQ71:AW71)=0,"",AVERAGE(AQ71:AW71)*4) | CK71: =IF(COUNT(AX71:AZ71)=0,"",AVERAGE(AX71:AZ71)*4) | CL71: =IF(C71="","",IF(COUNT(G71:AZ71)<46,"",SUMPRODUCT(CC71:CK71,'تنظیمات وزن‌دهی'!$C$5:$C$13)/100)) | CM71: =IF(C71="","",IF(COUNT(G71:AZ71)=0,"",IF(COUNT(G71:AZ71)<46,"موقت - اطلاعات ناقص",IF(CL71>=17,"عالی",IF(CL71>=14,"خوب",IF(CL71>=10,"متوسط","ضعیف")))))) | CN71: 7 | CO71: =IF(C71="","",COUNT(G71:AZ71)/46) -> 0
A72: 68 | B72: بهمن | C72: =IF(دانش‌آموزان!E10="","",دانش‌آموزان!B10) -> 6 | D72: =IF(دانش‌آموزان!C10="","",دانش‌آموزان!C10) -> 0960526307 | E72: =IF(دانش‌آموزان!E10="","",دانش‌آموزان!E10&" "&دانش‌آموزان!F10) -> آيدين چرخكار | F72: =IF(دانش‌آموزان!I10="","",دانش‌آموزان!I10) -> 801 | CC72: =IF(COUNT(G72:N72)=0,"",AVERAGE(G72:N72)*4) | CD72: =IF(COUNT(O72:S72)=0,"",AVERAGE(O72:S72)*4) | CE72: =IF(COUNT(T72:U72)=0,"",AVERAGE(T72:U72)*4) | CF72: =IF(COUNT(V72:Z72)=0,"",AVERAGE(V72:Z72)*4) | CG72: =IF(COUNT(AA72:AC72)=0,"",AVERAGE(AA72:AC72)*4) | CH72: =IF(COUNT(AD72:AI72)=0,"",AVERAGE(AD72:AI72)*4) | CI72: =IF(COUNT(AJ72:AP72)=0,"",AVERAGE(AJ72:AP72)*4) | CJ72: =IF(COUNT(AQ72:AW72)=0,"",AVERAGE(AQ72:AW72)*4) | CK72: =IF(COUNT(AX72:AZ72)=0,"",AVERAGE(AX72:AZ72)*4) | CL72: =IF(C72="","",IF(COUNT(G72:AZ72)<46,"",SUMPRODUCT(CC72:CK72,'تنظیمات وزن‌دهی'!$C$5:$C$13)/100)) | CM72: =IF(C72="","",IF(COUNT(G72:AZ72)=0,"",IF(COUNT(G72:AZ72)<46,"موقت - اطلاعات ناقص",IF(CL72>=17,"عالی",IF(CL72>=14,"خوب",IF(CL72>=10,"متوسط","ضعیف")))))) | CN72: 8 | CO72: =IF(C72="","",COUNT(G72:AZ72)/46) -> 0
A73: 69 | B73: اسفند | C73: =IF(دانش‌آموزان!E10="","",دانش‌آموزان!B10) -> 6 | D73: =IF(دانش‌آموزان!C10="","",دانش‌آموزان!C10) -> 0960526307 | E73: =IF(دانش‌آموزان!E10="","",دانش‌آموزان!E10&" "&دانش‌آموزان!F10) -> آيدين چرخكار | F73: =IF(دانش‌آموزان!I10="","",دانش‌آموزان!I10) -> 801 | CC73: =IF(COUNT(G73:N73)=0,"",AVERAGE(G73:N73)*4) | CD73: =IF(COUNT(O73:S73)=0,"",AVERAGE(O73:S73)*4) | CE73: =IF(COUNT(T73:U73)=0,"",AVERAGE(T73:U73)*4) | CF73: =IF(COUNT(V73:Z73)=0,"",AVERAGE(V73:Z73)*4) | CG73: =IF(COUNT(AA73:AC73)=0,"",AVERAGE(AA73:AC73)*4) | CH73: =IF(COUNT(AD73:AI73)=0,"",AVERAGE(AD73:AI73)*4) | CI73: =IF(COUNT(AJ73:AP73)=0,"",AVERAGE(AJ73:AP73)*4) | CJ73: =IF(COUNT(AQ73:AW73)=0,"",AVERAGE(AQ73:AW73)*4) | CK73: =IF(COUNT(AX73:AZ73)=0,"",AVERAGE(AX73:AZ73)*4) | CL73: =IF(C73="","",IF(COUNT(G73:AZ73)<46,"",SUMPRODUCT(CC73:CK73,'تنظیمات وزن‌دهی'!$C$5:$C$13)/100)) | CM73: =IF(C73="","",IF(COUNT(G73:AZ73)=0,"",IF(COUNT(G73:AZ73)<46,"موقت - اطلاعات ناقص",IF(CL73>=17,"عالی",IF(CL73>=14,"خوب",IF(CL73>=10,"متوسط","ضعیف")))))) | CN73: 9 | CO73: =IF(C73="","",COUNT(G73:AZ73)/46) -> 0
A74: 70 | B74: فروردین | C74: =IF(دانش‌آموزان!E10="","",دانش‌آموزان!B10) -> 6 | D74: =IF(دانش‌آموزان!C10="","",دانش‌آموزان!C10) -> 0960526307 | E74: =IF(دانش‌آموزان!E10="","",دانش‌آموزان!E10&" "&دانش‌آموزان!F10) -> آيدين چرخكار | F74: =IF(دانش‌آموزان!I10="","",دانش‌آموزان!I10) -> 801 | CC74: =IF(COUNT(G74:N74)=0,"",AVERAGE(G74:N74)*4) | CD74: =IF(COUNT(O74:S74)=0,"",AVERAGE(O74:S74)*4) | CE74: =IF(COUNT(T74:U74)=0,"",AVERAGE(T74:U74)*4) | CF74: =IF(COUNT(V74:Z74)=0,"",AVERAGE(V74:Z74)*4) | CG74: =IF(COUNT(AA74:AC74)=0,"",AVERAGE(AA74:AC74)*4) | CH74: =IF(COUNT(AD74:AI74)=0,"",AVERAGE(AD74:AI74)*4) | CI74: =IF(COUNT(AJ74:AP74)=0,"",AVERAGE(AJ74:AP74)*4) | CJ74: =IF(COUNT(AQ74:AW74)=0,"",AVERAGE(AQ74:AW74)*4) | CK74: =IF(COUNT(AX74:AZ74)=0,"",AVERAGE(AX74:AZ74)*4) | CL74: =IF(C74="","",IF(COUNT(G74:AZ74)<46,"",SUMPRODUCT(CC74:CK74,'تنظیمات وزن‌دهی'!$C$5:$C$13)/100)) | CM74: =IF(C74="","",IF(COUNT(G74:AZ74)=0,"",IF(COUNT(G74:AZ74)<46,"موقت - اطلاعات ناقص",IF(CL74>=17,"عالی",IF(CL74>=14,"خوب",IF(CL74>=10,"متوسط","ضعیف")))))) | CN74: 10 | CO74: =IF(C74="","",COUNT(G74:AZ74)/46) -> 0
A75: 71 | B75: اردیبهشت | C75: =IF(دانش‌آموزان!E10="","",دانش‌آموزان!B10) -> 6 | D75: =IF(دانش‌آموزان!C10="","",دانش‌آموزان!C10) -> 0960526307 | E75: =IF(دانش‌آموزان!E10="","",دانش‌آموزان!E10&" "&دانش‌آموزان!F10) -> آيدين چرخكار | F75: =IF(دانش‌آموزان!I10="","",دانش‌آموزان!I10) -> 801 | CC75: =IF(COUNT(G75:N75)=0,"",AVERAGE(G75:N75)*4) | CD75: =IF(COUNT(O75:S75)=0,"",AVERAGE(O75:S75)*4) | CE75: =IF(COUNT(T75:U75)=0,"",AVERAGE(T75:U75)*4) | CF75: =IF(COUNT(V75:Z75)=0,"",AVERAGE(V75:Z75)*4) | CG75: =IF(COUNT(AA75:AC75)=0,"",AVERAGE(AA75:AC75)*4) | CH75: =IF(COUNT(AD75:AI75)=0,"",AVERAGE(AD75:AI75)*4) | CI75: =IF(COUNT(AJ75:AP75)=0,"",AVERAGE(AJ75:AP75)*4) | CJ75: =IF(COUNT(AQ75:AW75)=0,"",AVERAGE(AQ75:AW75)*4) | CK75: =IF(COUNT(AX75:AZ75)=0,"",AVERAGE(AX75:AZ75)*4) | CL75: =IF(C75="","",IF(COUNT(G75:AZ75)<46,"",SUMPRODUCT(CC75:CK75,'تنظیمات وزن‌دهی'!$C$5:$C$13)/100)) | CM75: =IF(C75="","",IF(COUNT(G75:AZ75)=0,"",IF(COUNT(G75:AZ75)<46,"موقت - اطلاعات ناقص",IF(CL75>=17,"عالی",IF(CL75>=14,"خوب",IF(CL75>=10,"متوسط","ضعیف")))))) | CN75: 11 | CO75: =IF(C75="","",COUNT(G75:AZ75)/46) -> 0
A76: 72 | B76: خرداد | C76: =IF(دانش‌آموزان!E10="","",دانش‌آموزان!B10) -> 6 | D76: =IF(دانش‌آموزان!C10="","",دانش‌آموزان!C10) -> 0960526307 | E76: =IF(دانش‌آموزان!E10="","",دانش‌آموزان!E10&" "&دانش‌آموزان!F10) -> آيدين چرخكار | F76: =IF(دانش‌آموزان!I10="","",دانش‌آموزان!I10) -> 801 | CC76: =IF(COUNT(G76:N76)=0,"",AVERAGE(G76:N76)*4) | CD76: =IF(COUNT(O76:S76)=0,"",AVERAGE(O76:S76)*4) | CE76: =IF(COUNT(T76:U76)=0,"",AVERAGE(T76:U76)*4) | CF76: =IF(COUNT(V76:Z76)=0,"",AVERAGE(V76:Z76)*4) | CG76: =IF(COUNT(AA76:AC76)=0,"",AVERAGE(AA76:AC76)*4) | CH76: =IF(COUNT(AD76:AI76)=0,"",AVERAGE(AD76:AI76)*4) | CI76: =IF(COUNT(AJ76:AP76)=0,"",AVERAGE(AJ76:AP76)*4) | CJ76: =IF(COUNT(AQ76:AW76)=0,"",AVERAGE(AQ76:AW76)*4) | CK76: =IF(COUNT(AX76:AZ76)=0,"",AVERAGE(AX76:AZ76)*4) | CL76: =IF(C76="","",IF(COUNT(G76:AZ76)<46,"",SUMPRODUCT(CC76:CK76,'تنظیمات وزن‌دهی'!$C$5:$C$13)/100)) | CM76: =IF(C76="","",IF(COUNT(G76:AZ76)=0,"",IF(COUNT(G76:AZ76)<46,"موقت - اطلاعات ناقص",IF(CL76>=17,"عالی",IF(CL76>=14,"خوب",IF(CL76>=10,"متوسط","ضعیف")))))) | CN76: 12 | CO76: =IF(C76="","",COUNT(G76:AZ76)/46) -> 0
A77: 73 | B77: تیر | C77: =IF(دانش‌آموزان!E11="","",دانش‌آموزان!B11) -> 7 | D77: =IF(دانش‌آموزان!C11="","",دانش‌آموزان!C11) -> 0960565329 | E77: =IF(دانش‌آموزان!E11="","",دانش‌آموزان!E11&" "&دانش‌آموزان!F11) -> محمدطاها حشمتي | F77: =IF(دانش‌آموزان!I11="","",دانش‌آموزان!I11) -> 801 | CC77: =IF(COUNT(G77:N77)=0,"",AVERAGE(G77:N77)*4) | CD77: =IF(COUNT(O77:S77)=0,"",AVERAGE(O77:S77)*4) | CE77: =IF(COUNT(T77:U77)=0,"",AVERAGE(T77:U77)*4) | CF77: =IF(COUNT(V77:Z77)=0,"",AVERAGE(V77:Z77)*4) | CG77: =IF(COUNT(AA77:AC77)=0,"",AVERAGE(AA77:AC77)*4) | CH77: =IF(COUNT(AD77:AI77)=0,"",AVERAGE(AD77:AI77)*4) | CI77: =IF(COUNT(AJ77:AP77)=0,"",AVERAGE(AJ77:AP77)*4) | CJ77: =IF(COUNT(AQ77:AW77)=0,"",AVERAGE(AQ77:AW77)*4) | CK77: =IF(COUNT(AX77:AZ77)=0,"",AVERAGE(AX77:AZ77)*4) | CL77: =IF(C77="","",IF(COUNT(G77:AZ77)<46,"",SUMPRODUCT(CC77:CK77,'تنظیمات وزن‌دهی'!$C$5:$C$13)/100)) | CM77: =IF(C77="","",IF(COUNT(G77:AZ77)=0,"",IF(COUNT(G77:AZ77)<46,"موقت - اطلاعات ناقص",IF(CL77>=17,"عالی",IF(CL77>=14,"خوب",IF(CL77>=10,"متوسط","ضعیف")))))) | CN77: 1 | CO77: =IF(C77="","",COUNT(G77:AZ77)/46) -> 0
A78: 74 | B78: مرداد | C78: =IF(دانش‌آموزان!E11="","",دانش‌آموزان!B11) -> 7 | D78: =IF(دانش‌آموزان!C11="","",دانش‌آموزان!C11) -> 0960565329 | E78: =IF(دانش‌آموزان!E11="","",دانش‌آموزان!E11&" "&دانش‌آموزان!F11) -> محمدطاها حشمتي | F78: =IF(دانش‌آموزان!I11="","",دانش‌آموزان!I11) -> 801 | CC78: =IF(COUNT(G78:N78)=0,"",AVERAGE(G78:N78)*4) | CD78: =IF(COUNT(O78:S78)=0,"",AVERAGE(O78:S78)*4) | CE78: =IF(COUNT(T78:U78)=0,"",AVERAGE(T78:U78)*4) | CF78: =IF(COUNT(V78:Z78)=0,"",AVERAGE(V78:Z78)*4) | CG78: =IF(COUNT(AA78:AC78)=0,"",AVERAGE(AA78:AC78)*4) | CH78: =IF(COUNT(AD78:AI78)=0,"",AVERAGE(AD78:AI78)*4) | CI78: =IF(COUNT(AJ78:AP78)=0,"",AVERAGE(AJ78:AP78)*4) | CJ78: =IF(COUNT(AQ78:AW78)=0,"",AVERAGE(AQ78:AW78)*4) | CK78: =IF(COUNT(AX78:AZ78)=0,"",AVERAGE(AX78:AZ78)*4) | CL78: =IF(C78="","",IF(COUNT(G78:AZ78)<46,"",SUMPRODUCT(CC78:CK78,'تنظیمات وزن‌دهی'!$C$5:$C$13)/100)) | CM78: =IF(C78="","",IF(COUNT(G78:AZ78)=0,"",IF(COUNT(G78:AZ78)<46,"موقت - اطلاعات ناقص",IF(CL78>=17,"عالی",IF(CL78>=14,"خوب",IF(CL78>=10,"متوسط","ضعیف")))))) | CN78: 2 | CO78: =IF(C78="","",COUNT(G78:AZ78)/46) -> 0
A79: 75 | B79: شهریور | C79: =IF(دانش‌آموزان!E11="","",دانش‌آموزان!B11) -> 7 | D79: =IF(دانش‌آموزان!C11="","",دانش‌آموزان!C11) -> 0960565329 | E79: =IF(دانش‌آموزان!E11="","",دانش‌آموزان!E11&" "&دانش‌آموزان!F11) -> محمدطاها حشمتي | F79: =IF(دانش‌آموزان!I11="","",دانش‌آموزان!I11) -> 801 | G79: 19.19 | H79: -10.19 | I79: 5 | J79: 5 | K79: 5 | L79: 5 | M79: 5 | N79: 5 | O79: 5 | P79: 5 | Q79: 5 | R79: 5 | S79: 5 | T79: 5 | U79: 5 | V79: 5 | W79: 5 | X79: 5 | Y79: 5 | Z79: 5 | AA79: 5 | AB79: 5 | AC79: 5 | AD79: ندارد | AE79: ندارد | AF79: ندارد | AG79: ندارد | AH79: ندارد | AI79: ندارد | AJ79: 5 | AK79: 5 | AL79: 5 | AM79: 5 | AN79: 5 | AO79: 5 | AP79: 5 | AQ79: ندارد | AR79: ندارد | AS79: ندارد | AT79: ندارد | AU79: ندارد | AV79: ندارد | AW79: ندارد | AX79: ندارد | AY79: ندارد | AZ79: ندارد | CC79: =IF(COUNT(G79:N79)=0,"",AVERAGE(G79:N79)*4) -> 19.5 | CD79: =IF(COUNT(O79:S79)=0,"",AVERAGE(O79:S79)*4) -> 20 | CE79: =IF(COUNT(T79:U79)=0,"",AVERAGE(T79:U79)*4) -> 20 | CF79: =IF(COUNT(V79:Z79)=0,"",AVERAGE(V79:Z79)*4) -> 20 | CG79: =IF(COUNT(AA79:AC79)=0,"",AVERAGE(AA79:AC79)*4) -> 20 | CH79: =IF(COUNT(AD79:AI79)=0,"",AVERAGE(AD79:AI79)*4) | CI79: =IF(COUNT(AJ79:AP79)=0,"",AVERAGE(AJ79:AP79)*4) -> 20 | CJ79: =IF(COUNT(AQ79:AW79)=0,"",AVERAGE(AQ79:AW79)*4) | CK79: =IF(COUNT(AX79:AZ79)=0,"",AVERAGE(AX79:AZ79)*4) | CL79: =IF(C79="","",IF(COUNT(G79:AZ79)<46,"",SUMPRODUCT(CC79:CK79,'تنظیمات وزن‌دهی'!$C$5:$C$13)/100)) | CM79: =IF(C79="","",IF(COUNT(G79:AZ79)=0,"",IF(COUNT(G79:AZ79)<46,"موقت - اطلاعات ناقص",IF(CL79>=17,"عالی",IF(CL79>=14,"خوب",IF(CL79>=10,"متوسط","ضعیف")))))) -> موقت - اطلاعات ناقص | CN79: 3 | CO79: =IF(C79="","",COUNT(G79:AZ79)/46) -> 0.65217391
A80: 76 | B80: مهر | C80: =IF(دانش‌آموزان!E11="","",دانش‌آموزان!B11) -> 7 | D80: =IF(دانش‌آموزان!C11="","",دانش‌آموزان!C11) -> 0960565329 | E80: =IF(دانش‌آموزان!E11="","",دانش‌آموزان!E11&" "&دانش‌آموزان!F11) -> محمدطاها حشمتي | F80: =IF(دانش‌آموزان!I11="","",دانش‌آموزان!I11) -> 801 | CC80: =IF(COUNT(G80:N80)=0,"",AVERAGE(G80:N80)*4) | CD80: =IF(COUNT(O80:S80)=0,"",AVERAGE(O80:S80)*4) | CE80: =IF(COUNT(T80:U80)=0,"",AVERAGE(T80:U80)*4) | CF80: =IF(COUNT(V80:Z80)=0,"",AVERAGE(V80:Z80)*4) | CG80: =IF(COUNT(AA80:AC80)=0,"",AVERAGE(AA80:AC80)*4) | CH80: =IF(COUNT(AD80:AI80)=0,"",AVERAGE(AD80:AI80)*4) | CI80: =IF(COUNT(AJ80:AP80)=0,"",AVERAGE(AJ80:AP80)*4) | CJ80: =IF(COUNT(AQ80:AW80)=0,"",AVERAGE(AQ80:AW80)*4) | CK80: =IF(COUNT(AX80:AZ80)=0,"",AVERAGE(AX80:AZ80)*4) | CL80: =IF(C80="","",IF(COUNT(G80:AZ80)<46,"",SUMPRODUCT(CC80:CK80,'تنظیمات وزن‌دهی'!$C$5:$C$13)/100)) | CM80: =IF(C80="","",IF(COUNT(G80:AZ80)=0,"",IF(COUNT(G80:AZ80)<46,"موقت - اطلاعات ناقص",IF(CL80>=17,"عالی",IF(CL80>=14,"خوب",IF(CL80>=10,"متوسط","ضعیف")))))) | CN80: 4 | CO80: =IF(C80="","",COUNT(G80:AZ80)/46) -> 0
A81: 77 | B81: آبان | C81: =IF(دانش‌آموزان!E11="","",دانش‌آموزان!B11) -> 7 | D81: =IF(دانش‌آموزان!C11="","",دانش‌آموزان!C11) -> 0960565329 | E81: =IF(دانش‌آموزان!E11="","",دانش‌آموزان!E11&" "&دانش‌آموزان!F11) -> محمدطاها حشمتي | F81: =IF(دانش‌آموزان!I11="","",دانش‌آموزان!I11) -> 801 | CC81: =IF(COUNT(G81:N81)=0,"",AVERAGE(G81:N81)*4) | CD81: =IF(COUNT(O81:S81)=0,"",AVERAGE(O81:S81)*4) | CE81: =IF(COUNT(T81:U81)=0,"",AVERAGE(T81:U81)*4) | CF81: =IF(COUNT(V81:Z81)=0,"",AVERAGE(V81:Z81)*4) | CG81: =IF(COUNT(AA81:AC81)=0,"",AVERAGE(AA81:AC81)*4) | CH81: =IF(COUNT(AD81:AI81)=0,"",AVERAGE(AD81:AI81)*4) | CI81: =IF(COUNT(AJ81:AP81)=0,"",AVERAGE(AJ81:AP81)*4) | CJ81: =IF(COUNT(AQ81:AW81)=0,"",AVERAGE(AQ81:AW81)*4) | CK81: =IF(COUNT(AX81:AZ81)=0,"",AVERAGE(AX81:AZ81)*4) | CL81: =IF(C81="","",IF(COUNT(G81:AZ81)<46,"",SUMPRODUCT(CC81:CK81,'تنظیمات وزن‌دهی'!$C$5:$C$13)/100)) | CM81: =IF(C81="","",IF(COUNT(G81:AZ81)=0,"",IF(COUNT(G81:AZ81)<46,"موقت - اطلاعات ناقص",IF(CL81>=17,"عالی",IF(CL81>=14,"خوب",IF(CL81>=10,"متوسط","ضعیف")))))) | CN81: 5 | CO81: =IF(C81="","",COUNT(G81:AZ81)/46) -> 0
A82: 78 | B82: آذر | C82: =IF(دانش‌آموزان!E11="","",دانش‌آموزان!B11) -> 7 | D82: =IF(دانش‌آموزان!C11="","",دانش‌آموزان!C11) -> 0960565329 | E82: =IF(دانش‌آموزان!E11="","",دانش‌آموزان!E11&" "&دانش‌آموزان!F11) -> محمدطاها حشمتي | F82: =IF(دانش‌آموزان!I11="","",دانش‌آموزان!I11) -> 801 | CC82: =IF(COUNT(G82:N82)=0,"",AVERAGE(G82:N82)*4) | CD82: =IF(COUNT(O82:S82)=0,"",AVERAGE(O82:S82)*4) | CE82: =IF(COUNT(T82:U82)=0,"",AVERAGE(T82:U82)*4) | CF82: =IF(COUNT(V82:Z82)=0,"",AVERAGE(V82:Z82)*4) | CG82: =IF(COUNT(AA82:AC82)=0,"",AVERAGE(AA82:AC82)*4) | CH82: =IF(COUNT(AD82:AI82)=0,"",AVERAGE(AD82:AI82)*4) | CI82: =IF(COUNT(AJ82:AP82)=0,"",AVERAGE(AJ82:AP82)*4) | CJ82: =IF(COUNT(AQ82:AW82)=0,"",AVERAGE(AQ82:AW82)*4) | CK82: =IF(COUNT(AX82:AZ82)=0,"",AVERAGE(AX82:AZ82)*4) | CL82: =IF(C82="","",IF(COUNT(G82:AZ82)<46,"",SUMPRODUCT(CC82:CK82,'تنظیمات وزن‌دهی'!$C$5:$C$13)/100)) | CM82: =IF(C82="","",IF(COUNT(G82:AZ82)=0,"",IF(COUNT(G82:AZ82)<46,"موقت - اطلاعات ناقص",IF(CL82>=17,"عالی",IF(CL82>=14,"خوب",IF(CL82>=10,"متوسط","ضعیف")))))) | CN82: 6 | CO82: =IF(C82="","",COUNT(G82:AZ82)/46) -> 0
A83: 79 | B83: دی | C83: =IF(دانش‌آموزان!E11="","",دانش‌آموزان!B11) -> 7 | D83: =IF(دانش‌آموزان!C11="","",دانش‌آموزان!C11) -> 0960565329 | E83: =IF(دانش‌آموزان!E11="","",دانش‌آموزان!E11&" "&دانش‌آموزان!F11) -> محمدطاها حشمتي | F83: =IF(دانش‌آموزان!I11="","",دانش‌آموزان!I11) -> 801 | CC83: =IF(COUNT(G83:N83)=0,"",AVERAGE(G83:N83)*4) | CD83: =IF(COUNT(O83:S83)=0,"",AVERAGE(O83:S83)*4) | CE83: =IF(COUNT(T83:U83)=0,"",AVERAGE(T83:U83)*4) | CF83: =IF(COUNT(V83:Z83)=0,"",AVERAGE(V83:Z83)*4) | CG83: =IF(COUNT(AA83:AC83)=0,"",AVERAGE(AA83:AC83)*4) | CH83: =IF(COUNT(AD83:AI83)=0,"",AVERAGE(AD83:AI83)*4) | CI83: =IF(COUNT(AJ83:AP83)=0,"",AVERAGE(AJ83:AP83)*4) | CJ83: =IF(COUNT(AQ83:AW83)=0,"",AVERAGE(AQ83:AW83)*4) | CK83: =IF(COUNT(AX83:AZ83)=0,"",AVERAGE(AX83:AZ83)*4) | CL83: =IF(C83="","",IF(COUNT(G83:AZ83)<46,"",SUMPRODUCT(CC83:CK83,'تنظیمات وزن‌دهی'!$C$5:$C$13)/100)) | CM83: =IF(C83="","",IF(COUNT(G83:AZ83)=0,"",IF(COUNT(G83:AZ83)<46,"موقت - اطلاعات ناقص",IF(CL83>=17,"عالی",IF(CL83>=14,"خوب",IF(CL83>=10,"متوسط","ضعیف")))))) | CN83: 7 | CO83: =IF(C83="","",COUNT(G83:AZ83)/46) -> 0
A84: 80 | B84: بهمن | C84: =IF(دانش‌آموزان!E11="","",دانش‌آموزان!B11) -> 7 | D84: =IF(دانش‌آموزان!C11="","",دانش‌آموزان!C11) -> 0960565329 | E84: =IF(دانش‌آموزان!E11="","",دانش‌آموزان!E11&" "&دانش‌آموزان!F11) -> محمدطاها حشمتي | F84: =IF(دانش‌آموزان!I11="","",دانش‌آموزان!I11) -> 801 | CC84: =IF(COUNT(G84:N84)=0,"",AVERAGE(G84:N84)*4) | CD84: =IF(COUNT(O84:S84)=0,"",AVERAGE(O84:S84)*4) | CE84: =IF(COUNT(T84:U84)=0,"",AVERAGE(T84:U84)*4) | CF84: =IF(COUNT(V84:Z84)=0,"",AVERAGE(V84:Z84)*4) | CG84: =IF(COUNT(AA84:AC84)=0,"",AVERAGE(AA84:AC84)*4) | CH84: =IF(COUNT(AD84:AI84)=0,"",AVERAGE(AD84:AI84)*4) | CI84: =IF(COUNT(AJ84:AP84)=0,"",AVERAGE(AJ84:AP84)*4) | CJ84: =IF(COUNT(AQ84:AW84)=0,"",AVERAGE(AQ84:AW84)*4) | CK84: =IF(COUNT(AX84:AZ84)=0,"",AVERAGE(AX84:AZ84)*4) | CL84: =IF(C84="","",IF(COUNT(G84:AZ84)<46,"",SUMPRODUCT(CC84:CK84,'تنظیمات وزن‌دهی'!$C$5:$C$13)/100)) | CM84: =IF(C84="","",IF(COUNT(G84:AZ84)=0,"",IF(COUNT(G84:AZ84)<46,"موقت - اطلاعات ناقص",IF(CL84>=17,"عالی",IF(CL84>=14,"خوب",IF(CL84>=10,"متوسط","ضعیف")))))) | CN84: 8 | CO84: =IF(C84="","",COUNT(G84:AZ84)/46) -> 0
A85: 81 | B85: اسفند | C85: =IF(دانش‌آموزان!E11="","",دانش‌آموزان!B11) -> 7 | D85: =IF(دانش‌آموزان!C11="","",دانش‌آموزان!C11) -> 0960565329 | E85: =IF(دانش‌آموزان!E11="","",دانش‌آموزان!E11&" "&دانش‌آموزان!F11) -> محمدطاها حشمتي | F85: =IF(دانش‌آموزان!I11="","",دانش‌آموزان!I11) -> 801 | CC85: =IF(COUNT(G85:N85)=0,"",AVERAGE(G85:N85)*4) | CD85: =IF(COUNT(O85:S85)=0,"",AVERAGE(O85:S85)*4) | CE85: =IF(COUNT(T85:U85)=0,"",AVERAGE(T85:U85)*4) | CF85: =IF(COUNT(V85:Z85)=0,"",AVERAGE(V85:Z85)*4) | CG85: =IF(COUNT(AA85:AC85)=0,"",AVERAGE(AA85:AC85)*4) | CH85: =IF(COUNT(AD85:AI85)=0,"",AVERAGE(AD85:AI85)*4) | CI85: =IF(COUNT(AJ85:AP85)=0,"",AVERAGE(AJ85:AP85)*4) | CJ85: =IF(COUNT(AQ85:AW85)=0,"",AVERAGE(AQ85:AW85)*4) | CK85: =IF(COUNT(AX85:AZ85)=0,"",AVERAGE(AX85:AZ85)*4) | CL85: =IF(C85="","",IF(COUNT(G85:AZ85)<46,"",SUMPRODUCT(CC85:CK85,'تنظیمات وزن‌دهی'!$C$5:$C$13)/100)) | CM85: =IF(C85="","",IF(COUNT(G85:AZ85)=0,"",IF(COUNT(G85:AZ85)<46,"موقت - اطلاعات ناقص",IF(CL85>=17,"عالی",IF(CL85>=14,"خوب",IF(CL85>=10,"متوسط","ضعیف")))))) | CN85: 9 | CO85: =IF(C85="","",COUNT(G85:AZ85)/46) -> 0
A86: 82 | B86: فروردین | C86: =IF(دانش‌آموزان!E11="","",دانش‌آموزان!B11) -> 7 | D86: =IF(دانش‌آموزان!C11="","",دانش‌آموزان!C11) -> 0960565329 | E86: =IF(دانش‌آموزان!E11="","",دانش‌آموزان!E11&" "&دانش‌آموزان!F11) -> محمدطاها حشمتي | F86: =IF(دانش‌آموزان!I11="","",دانش‌آموزان!I11) -> 801 | CC86: =IF(COUNT(G86:N86)=0,"",AVERAGE(G86:N86)*4) | CD86: =IF(COUNT(O86:S86)=0,"",AVERAGE(O86:S86)*4) | CE86: =IF(COUNT(T86:U86)=0,"",AVERAGE(T86:U86)*4) | CF86: =IF(COUNT(V86:Z86)=0,"",AVERAGE(V86:Z86)*4) | CG86: =IF(COUNT(AA86:AC86)=0,"",AVERAGE(AA86:AC86)*4) | CH86: =IF(COUNT(AD86:AI86)=0,"",AVERAGE(AD86:AI86)*4) | CI86: =IF(COUNT(AJ86:AP86)=0,"",AVERAGE(AJ86:AP86)*4) | CJ86: =IF(COUNT(AQ86:AW86)=0,"",AVERAGE(AQ86:AW86)*4) | CK86: =IF(COUNT(AX86:AZ86)=0,"",AVERAGE(AX86:AZ86)*4) | CL86: =IF(C86="","",IF(COUNT(G86:AZ86)<46,"",SUMPRODUCT(CC86:CK86,'تنظیمات وزن‌دهی'!$C$5:$C$13)/100)) | CM86: =IF(C86="","",IF(COUNT(G86:AZ86)=0,"",IF(COUNT(G86:AZ86)<46,"موقت - اطلاعات ناقص",IF(CL86>=17,"عالی",IF(CL86>=14,"خوب",IF(CL86>=10,"متوسط","ضعیف")))))) | CN86: 10 | CO86: =IF(C86="","",COUNT(G86:AZ86)/46) -> 0
A87: 83 | B87: اردیبهشت | C87: =IF(دانش‌آموزان!E11="","",دانش‌آموزان!B11) -> 7 | D87: =IF(دانش‌آموزان!C11="","",دانش‌آموزان!C11) -> 0960565329 | E87: =IF(دانش‌آموزان!E11="","",دانش‌آموزان!E11&" "&دانش‌آموزان!F11) -> محمدطاها حشمتي | F87: =IF(دانش‌آموزان!I11="","",دانش‌آموزان!I11) -> 801 | CC87: =IF(COUNT(G87:N87)=0,"",AVERAGE(G87:N87)*4) | CD87: =IF(COUNT(O87:S87)=0,"",AVERAGE(O87:S87)*4) | CE87: =IF(COUNT(T87:U87)=0,"",AVERAGE(T87:U87)*4) | CF87: =IF(COUNT(V87:Z87)=0,"",AVERAGE(V87:Z87)*4) | CG87: =IF(COUNT(AA87:AC87)=0,"",AVERAGE(AA87:AC87)*4) | CH87: =IF(COUNT(AD87:AI87)=0,"",AVERAGE(AD87:AI87)*4) | CI87: =IF(COUNT(AJ87:AP87)=0,"",AVERAGE(AJ87:AP87)*4) | CJ87: =IF(COUNT(AQ87:AW87)=0,"",AVERAGE(AQ87:AW87)*4) | CK87: =IF(COUNT(AX87:AZ87)=0,"",AVERAGE(AX87:AZ87)*4) | CL87: =IF(C87="","",IF(COUNT(G87:AZ87)<46,"",SUMPRODUCT(CC87:CK87,'تنظیمات وزن‌دهی'!$C$5:$C$13)/100)) | CM87: =IF(C87="","",IF(COUNT(G87:AZ87)=0,"",IF(COUNT(G87:AZ87)<46,"موقت - اطلاعات ناقص",IF(CL87>=17,"عالی",IF(CL87>=14,"خوب",IF(CL87>=10,"متوسط","ضعیف")))))) | CN87: 11 | CO87: =IF(C87="","",COUNT(G87:AZ87)/46) -> 0
A88: 84 | B88: خرداد | C88: =IF(دانش‌آموزان!E11="","",دانش‌آموزان!B11) -> 7 | D88: =IF(دانش‌آموزان!C11="","",دانش‌آموزان!C11) -> 0960565329 | E88: =IF(دانش‌آموزان!E11="","",دانش‌آموزان!E11&" "&دانش‌آموزان!F11) -> محمدطاها حشمتي | F88: =IF(دانش‌آموزان!I11="","",دانش‌آموزان!I11) -> 801 | CC88: =IF(COUNT(G88:N88)=0,"",AVERAGE(G88:N88)*4) | CD88: =IF(COUNT(O88:S88)=0,"",AVERAGE(O88:S88)*4) | CE88: =IF(COUNT(T88:U88)=0,"",AVERAGE(T88:U88)*4) | CF88: =IF(COUNT(V88:Z88)=0,"",AVERAGE(V88:Z88)*4) | CG88: =IF(COUNT(AA88:AC88)=0,"",AVERAGE(AA88:AC88)*4) | CH88: =IF(COUNT(AD88:AI88)=0,"",AVERAGE(AD88:AI88)*4) | CI88: =IF(COUNT(AJ88:AP88)=0,"",AVERAGE(AJ88:AP88)*4) | CJ88: =IF(COUNT(AQ88:AW88)=0,"",AVERAGE(AQ88:AW88)*4) | CK88: =IF(COUNT(AX88:AZ88)=0,"",AVERAGE(AX88:AZ88)*4) | CL88: =IF(C88="","",IF(COUNT(G88:AZ88)<46,"",SUMPRODUCT(CC88:CK88,'تنظیمات وزن‌دهی'!$C$5:$C$13)/100)) | CM88: =IF(C88="","",IF(COUNT(G88:AZ88)=0,"",IF(COUNT(G88:AZ88)<46,"موقت - اطلاعات ناقص",IF(CL88>=17,"عالی",IF(CL88>=14,"خوب",IF(CL88>=10,"متوسط","ضعیف")))))) | CN88: 12 | CO88: =IF(C88="","",COUNT(G88:AZ88)/46) -> 0
A89: 85 | B89: تیر | C89: =IF(دانش‌آموزان!E12="","",دانش‌آموزان!B12) -> 8 | D89: =IF(دانش‌آموزان!C12="","",دانش‌آموزان!C12) -> 0960592393 | E89: =IF(دانش‌آموزان!E12="","",دانش‌آموزان!E12&" "&دانش‌آموزان!F12) -> مهديار حيدرزاده | F89: =IF(دانش‌آموزان!I12="","",دانش‌آموزان!I12) -> 801 | CC89: =IF(COUNT(G89:N89)=0,"",AVERAGE(G89:N89)*4) | CD89: =IF(COUNT(O89:S89)=0,"",AVERAGE(O89:S89)*4) | CE89: =IF(COUNT(T89:U89)=0,"",AVERAGE(T89:U89)*4) | CF89: =IF(COUNT(V89:Z89)=0,"",AVERAGE(V89:Z89)*4) | CG89: =IF(COUNT(AA89:AC89)=0,"",AVERAGE(AA89:AC89)*4) | CH89: =IF(COUNT(AD89:AI89)=0,"",AVERAGE(AD89:AI89)*4) | CI89: =IF(COUNT(AJ89:AP89)=0,"",AVERAGE(AJ89:AP89)*4) | CJ89: =IF(COUNT(AQ89:AW89)=0,"",AVERAGE(AQ89:AW89)*4) | CK89: =IF(COUNT(AX89:AZ89)=0,"",AVERAGE(AX89:AZ89)*4) | CL89: =IF(C89="","",IF(COUNT(G89:AZ89)<46,"",SUMPRODUCT(CC89:CK89,'تنظیمات وزن‌دهی'!$C$5:$C$13)/100)) | CM89: =IF(C89="","",IF(COUNT(G89:AZ89)=0,"",IF(COUNT(G89:AZ89)<46,"موقت - اطلاعات ناقص",IF(CL89>=17,"عالی",IF(CL89>=14,"خوب",IF(CL89>=10,"متوسط","ضعیف")))))) | CN89: 1 | CO89: =IF(C89="","",COUNT(G89:AZ89)/46) -> 0
A90: 86 | B90: مرداد | C90: =IF(دانش‌آموزان!E12="","",دانش‌آموزان!B12) -> 8 | D90: =IF(دانش‌آموزان!C12="","",دانش‌آموزان!C12) -> 0960592393 | E90: =IF(دانش‌آموزان!E12="","",دانش‌آموزان!E12&" "&دانش‌آموزان!F12) -> مهديار حيدرزاده | F90: =IF(دانش‌آموزان!I12="","",دانش‌آموزان!I12) -> 801 | CC90: =IF(COUNT(G90:N90)=0,"",AVERAGE(G90:N90)*4) | CD90: =IF(COUNT(O90:S90)=0,"",AVERAGE(O90:S90)*4) | CE90: =IF(COUNT(T90:U90)=0,"",AVERAGE(T90:U90)*4) | CF90: =IF(COUNT(V90:Z90)=0,"",AVERAGE(V90:Z90)*4) | CG90: =IF(COUNT(AA90:AC90)=0,"",AVERAGE(AA90:AC90)*4) | CH90: =IF(COUNT(AD90:AI90)=0,"",AVERAGE(AD90:AI90)*4) | CI90: =IF(COUNT(AJ90:AP90)=0,"",AVERAGE(AJ90:AP90)*4) | CJ90: =IF(COUNT(AQ90:AW90)=0,"",AVERAGE(AQ90:AW90)*4) | CK90: =IF(COUNT(AX90:AZ90)=0,"",AVERAGE(AX90:AZ90)*4) | CL90: =IF(C90="","",IF(COUNT(G90:AZ90)<46,"",SUMPRODUCT(CC90:CK90,'تنظیمات وزن‌دهی'!$C$5:$C$13)/100)) | CM90: =IF(C90="","",IF(COUNT(G90:AZ90)=0,"",IF(COUNT(G90:AZ90)<46,"موقت - اطلاعات ناقص",IF(CL90>=17,"عالی",IF(CL90>=14,"خوب",IF(CL90>=10,"متوسط","ضعیف")))))) | CN90: 2 | CO90: =IF(C90="","",COUNT(G90:AZ90)/46) -> 0
A91: 87 | B91: شهریور | C91: =IF(دانش‌آموزان!E12="","",دانش‌آموزان!B12) -> 8 | D91: =IF(دانش‌آموزان!C12="","",دانش‌آموزان!C12) -> 0960592393 | E91: =IF(دانش‌آموزان!E12="","",دانش‌آموزان!E12&" "&دانش‌آموزان!F12) -> مهديار حيدرزاده | F91: =IF(دانش‌آموزان!I12="","",دانش‌آموزان!I12) -> 801 | G91: 18.52 | H91: -10.52 | I91: 4 | J91: 5 | K91: 5 | L91: 5 | M91: 5 | N91: 5 | O91: 5 | P91: 5 | Q91: 5 | R91: 5 | S91: 5 | T91: 5 | U91: 5 | V91: 5 | W91: 5 | X91: 5 | Y91: 5 | Z91: 5 | AA91: 5 | AB91: 5 | AC91: 5 | AD91: ندارد | AE91: ندارد | AF91: ندارد | AG91: ندارد | AH91: ندارد | AI91: ندارد | AJ91: 5 | AK91: 5 | AL91: 5 | AM91: 5 | AN91: 5 | AO91: 5 | AP91: 5 | AQ91: ندارد | AR91: ندارد | AS91: ندارد | AT91: ندارد | AU91: ندارد | AV91: ندارد | AW91: ندارد | AX91: ندارد | AY91: ندارد | AZ91: ندارد | CC91: =IF(COUNT(G91:N91)=0,"",AVERAGE(G91:N91)*4) -> 18.5 | CD91: =IF(COUNT(O91:S91)=0,"",AVERAGE(O91:S91)*4) -> 20 | CE91: =IF(COUNT(T91:U91)=0,"",AVERAGE(T91:U91)*4) -> 20 | CF91: =IF(COUNT(V91:Z91)=0,"",AVERAGE(V91:Z91)*4) -> 20 | CG91: =IF(COUNT(AA91:AC91)=0,"",AVERAGE(AA91:AC91)*4) -> 20 | CH91: =IF(COUNT(AD91:AI91)=0,"",AVERAGE(AD91:AI91)*4) | CI91: =IF(COUNT(AJ91:AP91)=0,"",AVERAGE(AJ91:AP91)*4) -> 20 | CJ91: =IF(COUNT(AQ91:AW91)=0,"",AVERAGE(AQ91:AW91)*4) | CK91: =IF(COUNT(AX91:AZ91)=0,"",AVERAGE(AX91:AZ91)*4) | CL91: =IF(C91="","",IF(COUNT(G91:AZ91)<46,"",SUMPRODUCT(CC91:CK91,'تنظیمات وزن‌دهی'!$C$5:$C$13)/100)) | CM91: =IF(C91="","",IF(COUNT(G91:AZ91)=0,"",IF(COUNT(G91:AZ91)<46,"موقت - اطلاعات ناقص",IF(CL91>=17,"عالی",IF(CL91>=14,"خوب",IF(CL91>=10,"متوسط","ضعیف")))))) -> موقت - اطلاعات ناقص | CN91: 3 | CO91: =IF(C91="","",COUNT(G91:AZ91)/46) -> 0.65217391
A92: 88 | B92: مهر | C92: =IF(دانش‌آموزان!E12="","",دانش‌آموزان!B12) -> 8 | D92: =IF(دانش‌آموزان!C12="","",دانش‌آموزان!C12) -> 0960592393 | E92: =IF(دانش‌آموزان!E12="","",دانش‌آموزان!E12&" "&دانش‌آموزان!F12) -> مهديار حيدرزاده | F92: =IF(دانش‌آموزان!I12="","",دانش‌آموزان!I12) -> 801 | CC92: =IF(COUNT(G92:N92)=0,"",AVERAGE(G92:N92)*4) | CD92: =IF(COUNT(O92:S92)=0,"",AVERAGE(O92:S92)*4) | CE92: =IF(COUNT(T92:U92)=0,"",AVERAGE(T92:U92)*4) | CF92: =IF(COUNT(V92:Z92)=0,"",AVERAGE(V92:Z92)*4) | CG92: =IF(COUNT(AA92:AC92)=0,"",AVERAGE(AA92:AC92)*4) | CH92: =IF(COUNT(AD92:AI92)=0,"",AVERAGE(AD92:AI92)*4) | CI92: =IF(COUNT(AJ92:AP92)=0,"",AVERAGE(AJ92:AP92)*4) | CJ92: =IF(COUNT(AQ92:AW92)=0,"",AVERAGE(AQ92:AW92)*4) | CK92: =IF(COUNT(AX92:AZ92)=0,"",AVERAGE(AX92:AZ92)*4) | CL92: =IF(C92="","",IF(COUNT(G92:AZ92)<46,"",SUMPRODUCT(CC92:CK92,'تنظیمات وزن‌دهی'!$C$5:$C$13)/100)) | CM92: =IF(C92="","",IF(COUNT(G92:AZ92)=0,"",IF(COUNT(G92:AZ92)<46,"موقت - اطلاعات ناقص",IF(CL92>=17,"عالی",IF(CL92>=14,"خوب",IF(CL92>=10,"متوسط","ضعیف")))))) | CN92: 4 | CO92: =IF(C92="","",COUNT(G92:AZ92)/46) -> 0
A93: 89 | B93: آبان | C93: =IF(دانش‌آموزان!E12="","",دانش‌آموزان!B12) -> 8 | D93: =IF(دانش‌آموزان!C12="","",دانش‌آموزان!C12) -> 0960592393 | E93: =IF(دانش‌آموزان!E12="","",دانش‌آموزان!E12&" "&دانش‌آموزان!F12) -> مهديار حيدرزاده | F93: =IF(دانش‌آموزان!I12="","",دانش‌آموزان!I12) -> 801 | CC93: =IF(COUNT(G93:N93)=0,"",AVERAGE(G93:N93)*4) | CD93: =IF(COUNT(O93:S93)=0,"",AVERAGE(O93:S93)*4) | CE93: =IF(COUNT(T93:U93)=0,"",AVERAGE(T93:U93)*4) | CF93: =IF(COUNT(V93:Z93)=0,"",AVERAGE(V93:Z93)*4) | CG93: =IF(COUNT(AA93:AC93)=0,"",AVERAGE(AA93:AC93)*4) | CH93: =IF(COUNT(AD93:AI93)=0,"",AVERAGE(AD93:AI93)*4) | CI93: =IF(COUNT(AJ93:AP93)=0,"",AVERAGE(AJ93:AP93)*4) | CJ93: =IF(COUNT(AQ93:AW93)=0,"",AVERAGE(AQ93:AW93)*4) | CK93: =IF(COUNT(AX93:AZ93)=0,"",AVERAGE(AX93:AZ93)*4) | CL93: =IF(C93="","",IF(COUNT(G93:AZ93)<46,"",SUMPRODUCT(CC93:CK93,'تنظیمات وزن‌دهی'!$C$5:$C$13)/100)) | CM93: =IF(C93="","",IF(COUNT(G93:AZ93)=0,"",IF(COUNT(G93:AZ93)<46,"موقت - اطلاعات ناقص",IF(CL93>=17,"عالی",IF(CL93>=14,"خوب",IF(CL93>=10,"متوسط","ضعیف")))))) | CN93: 5 | CO93: =IF(C93="","",COUNT(G93:AZ93)/46) -> 0
A94: 90 | B94: آذر | C94: =IF(دانش‌آموزان!E12="","",دانش‌آموزان!B12) -> 8 | D94: =IF(دانش‌آموزان!C12="","",دانش‌آموزان!C12) -> 0960592393 | E94: =IF(دانش‌آموزان!E12="","",دانش‌آموزان!E12&" "&دانش‌آموزان!F12) -> مهديار حيدرزاده | F94: =IF(دانش‌آموزان!I12="","",دانش‌آموزان!I12) -> 801 | CC94: =IF(COUNT(G94:N94)=0,"",AVERAGE(G94:N94)*4) | CD94: =IF(COUNT(O94:S94)=0,"",AVERAGE(O94:S94)*4) | CE94: =IF(COUNT(T94:U94)=0,"",AVERAGE(T94:U94)*4) | CF94: =IF(COUNT(V94:Z94)=0,"",AVERAGE(V94:Z94)*4) | CG94: =IF(COUNT(AA94:AC94)=0,"",AVERAGE(AA94:AC94)*4) | CH94: =IF(COUNT(AD94:AI94)=0,"",AVERAGE(AD94:AI94)*4) | CI94: =IF(COUNT(AJ94:AP94)=0,"",AVERAGE(AJ94:AP94)*4) | CJ94: =IF(COUNT(AQ94:AW94)=0,"",AVERAGE(AQ94:AW94)*4) | CK94: =IF(COUNT(AX94:AZ94)=0,"",AVERAGE(AX94:AZ94)*4) | CL94: =IF(C94="","",IF(COUNT(G94:AZ94)<46,"",SUMPRODUCT(CC94:CK94,'تنظیمات وزن‌دهی'!$C$5:$C$13)/100)) | CM94: =IF(C94="","",IF(COUNT(G94:AZ94)=0,"",IF(COUNT(G94:AZ94)<46,"موقت - اطلاعات ناقص",IF(CL94>=17,"عالی",IF(CL94>=14,"خوب",IF(CL94>=10,"متوسط","ضعیف")))))) | CN94: 6 | CO94: =IF(C94="","",COUNT(G94:AZ94)/46) -> 0
A95: 91 | B95: دی | C95: =IF(دانش‌آموزان!E12="","",دانش‌آموزان!B12) -> 8 | D95: =IF(دانش‌آموزان!C12="","",دانش‌آموزان!C12) -> 0960592393 | E95: =IF(دانش‌آموزان!E12="","",دانش‌آموزان!E12&" "&دانش‌آموزان!F12) -> مهديار حيدرزاده | F95: =IF(دانش‌آموزان!I12="","",دانش‌آموزان!I12) -> 801 | CC95: =IF(COUNT(G95:N95)=0,"",AVERAGE(G95:N95)*4) | CD95: =IF(COUNT(O95:S95)=0,"",AVERAGE(O95:S95)*4) | CE95: =IF(COUNT(T95:U95)=0,"",AVERAGE(T95:U95)*4) | CF95: =IF(COUNT(V95:Z95)=0,"",AVERAGE(V95:Z95)*4) | CG95: =IF(COUNT(AA95:AC95)=0,"",AVERAGE(AA95:AC95)*4) | CH95: =IF(COUNT(AD95:AI95)=0,"",AVERAGE(AD95:AI95)*4) | CI95: =IF(COUNT(AJ95:AP95)=0,"",AVERAGE(AJ95:AP95)*4) | CJ95: =IF(COUNT(AQ95:AW95)=0,"",AVERAGE(AQ95:AW95)*4) | CK95: =IF(COUNT(AX95:AZ95)=0,"",AVERAGE(AX95:AZ95)*4) | CL95: =IF(C95="","",IF(COUNT(G95:AZ95)<46,"",SUMPRODUCT(CC95:CK95,'تنظیمات وزن‌دهی'!$C$5:$C$13)/100)) | CM95: =IF(C95="","",IF(COUNT(G95:AZ95)=0,"",IF(COUNT(G95:AZ95)<46,"موقت - اطلاعات ناقص",IF(CL95>=17,"عالی",IF(CL95>=14,"خوب",IF(CL95>=10,"متوسط","ضعیف")))))) | CN95: 7 | CO95: =IF(C95="","",COUNT(G95:AZ95)/46) -> 0
A96: 92 | B96: بهمن | C96: =IF(دانش‌آموزان!E12="","",دانش‌آموزان!B12) -> 8 | D96: =IF(دانش‌آموزان!C12="","",دانش‌آموزان!C12) -> 0960592393 | E96: =IF(دانش‌آموزان!E12="","",دانش‌آموزان!E12&" "&دانش‌آموزان!F12) -> مهديار حيدرزاده | F96: =IF(دانش‌آموزان!I12="","",دانش‌آموزان!I12) -> 801 | CC96: =IF(COUNT(G96:N96)=0,"",AVERAGE(G96:N96)*4) | CD96: =IF(COUNT(O96:S96)=0,"",AVERAGE(O96:S96)*4) | CE96: =IF(COUNT(T96:U96)=0,"",AVERAGE(T96:U96)*4) | CF96: =IF(COUNT(V96:Z96)=0,"",AVERAGE(V96:Z96)*4) | CG96: =IF(COUNT(AA96:AC96)=0,"",AVERAGE(AA96:AC96)*4) | CH96: =IF(COUNT(AD96:AI96)=0,"",AVERAGE(AD96:AI96)*4) | CI96: =IF(COUNT(AJ96:AP96)=0,"",AVERAGE(AJ96:AP96)*4) | CJ96: =IF(COUNT(AQ96:AW96)=0,"",AVERAGE(AQ96:AW96)*4) | CK96: =IF(COUNT(AX96:AZ96)=0,"",AVERAGE(AX96:AZ96)*4) | CL96: =IF(C96="","",IF(COUNT(G96:AZ96)<46,"",SUMPRODUCT(CC96:CK96,'تنظیمات وزن‌دهی'!$C$5:$C$13)/100)) | CM96: =IF(C96="","",IF(COUNT(G96:AZ96)=0,"",IF(COUNT(G96:AZ96)<46,"موقت - اطلاعات ناقص",IF(CL96>=17,"عالی",IF(CL96>=14,"خوب",IF(CL96>=10,"متوسط","ضعیف")))))) | CN96: 8 | CO96: =IF(C96="","",COUNT(G96:AZ96)/46) -> 0
A97: 93 | B97: اسفند | C97: =IF(دانش‌آموزان!E12="","",دانش‌آموزان!B12) -> 8 | D97: =IF(دانش‌آموزان!C12="","",دانش‌آموزان!C12) -> 0960592393 | E97: =IF(دانش‌آموزان!E12="","",دانش‌آموزان!E12&" "&دانش‌آموزان!F12) -> مهديار حيدرزاده | F97: =IF(دانش‌آموزان!I12="","",دانش‌آموزان!I12) -> 801 | CC97: =IF(COUNT(G97:N97)=0,"",AVERAGE(G97:N97)*4) | CD97: =IF(COUNT(O97:S97)=0,"",AVERAGE(O97:S97)*4) | CE97: =IF(COUNT(T97:U97)=0,"",AVERAGE(T97:U97)*4) | CF97: =IF(COUNT(V97:Z97)=0,"",AVERAGE(V97:Z97)*4) | CG97: =IF(COUNT(AA97:AC97)=0,"",AVERAGE(AA97:AC97)*4) | CH97: =IF(COUNT(AD97:AI97)=0,"",AVERAGE(AD97:AI97)*4) | CI97: =IF(COUNT(AJ97:AP97)=0,"",AVERAGE(AJ97:AP97)*4) | CJ97: =IF(COUNT(AQ97:AW97)=0,"",AVERAGE(AQ97:AW97)*4) | CK97: =IF(COUNT(AX97:AZ97)=0,"",AVERAGE(AX97:AZ97)*4) | CL97: =IF(C97="","",IF(COUNT(G97:AZ97)<46,"",SUMPRODUCT(CC97:CK97,'تنظیمات وزن‌دهی'!$C$5:$C$13)/100)) | CM97: =IF(C97="","",IF(COUNT(G97:AZ97)=0,"",IF(COUNT(G97:AZ97)<46,"موقت - اطلاعات ناقص",IF(CL97>=17,"عالی",IF(CL97>=14,"خوب",IF(CL97>=10,"متوسط","ضعیف")))))) | CN97: 9 | CO97: =IF(C97="","",COUNT(G97:AZ97)/46) -> 0
A98: 94 | B98: فروردین | C98: =IF(دانش‌آموزان!E12="","",دانش‌آموزان!B12) -> 8 | D98: =IF(دانش‌آموزان!C12="","",دانش‌آموزان!C12) -> 0960592393 | E98: =IF(دانش‌آموزان!E12="","",دانش‌آموزان!E12&" "&دانش‌آموزان!F12) -> مهديار حيدرزاده | F98: =IF(دانش‌آموزان!I12="","",دانش‌آموزان!I12) -> 801 | CC98: =IF(COUNT(G98:N98)=0,"",AVERAGE(G98:N98)*4) | CD98: =IF(COUNT(O98:S98)=0,"",AVERAGE(O98:S98)*4) | CE98: =IF(COUNT(T98:U98)=0,"",AVERAGE(T98:U98)*4) | CF98: =IF(COUNT(V98:Z98)=0,"",AVERAGE(V98:Z98)*4) | CG98: =IF(COUNT(AA98:AC98)=0,"",AVERAGE(AA98:AC98)*4) | CH98: =IF(COUNT(AD98:AI98)=0,"",AVERAGE(AD98:AI98)*4) | CI98: =IF(COUNT(AJ98:AP98)=0,"",AVERAGE(AJ98:AP98)*4) | CJ98: =IF(COUNT(AQ98:AW98)=0,"",AVERAGE(AQ98:AW98)*4) | CK98: =IF(COUNT(AX98:AZ98)=0,"",AVERAGE(AX98:AZ98)*4) | CL98: =IF(C98="","",IF(COUNT(G98:AZ98)<46,"",SUMPRODUCT(CC98:CK98,'تنظیمات وزن‌دهی'!$C$5:$C$13)/100)) | CM98: =IF(C98="","",IF(COUNT(G98:AZ98)=0,"",IF(COUNT(G98:AZ98)<46,"موقت - اطلاعات ناقص",IF(CL98>=17,"عالی",IF(CL98>=14,"خوب",IF(CL98>=10,"متوسط","ضعیف")))))) | CN98: 10 | CO98: =IF(C98="","",COUNT(G98:AZ98)/46) -> 0
A99: 95 | B99: اردیبهشت | C99: =IF(دانش‌آموزان!E12="","",دانش‌آموزان!B12) -> 8 | D99: =IF(دانش‌آموزان!C12="","",دانش‌آموزان!C12) -> 0960592393 | E99: =IF(دانش‌آموزان!E12="","",دانش‌آموزان!E12&" "&دانش‌آموزان!F12) -> مهديار حيدرزاده | F99: =IF(دانش‌آموزان!I12="","",دانش‌آموزان!I12) -> 801 | CC99: =IF(COUNT(G99:N99)=0,"",AVERAGE(G99:N99)*4) | CD99: =IF(COUNT(O99:S99)=0,"",AVERAGE(O99:S99)*4) | CE99: =IF(COUNT(T99:U99)=0,"",AVERAGE(T99:U99)*4) | CF99: =IF(COUNT(V99:Z99)=0,"",AVERAGE(V99:Z99)*4) | CG99: =IF(COUNT(AA99:AC99)=0,"",AVERAGE(AA99:AC99)*4) | CH99: =IF(COUNT(AD99:AI99)=0,"",AVERAGE(AD99:AI99)*4) | CI99: =IF(COUNT(AJ99:AP99)=0,"",AVERAGE(AJ99:AP99)*4) | CJ99: =IF(COUNT(AQ99:AW99)=0,"",AVERAGE(AQ99:AW99)*4) | CK99: =IF(COUNT(AX99:AZ99)=0,"",AVERAGE(AX99:AZ99)*4) | CL99: =IF(C99="","",IF(COUNT(G99:AZ99)<46,"",SUMPRODUCT(CC99:CK99,'تنظیمات وزن‌دهی'!$C$5:$C$13)/100)) | CM99: =IF(C99="","",IF(COUNT(G99:AZ99)=0,"",IF(COUNT(G99:AZ99)<46,"موقت - اطلاعات ناقص",IF(CL99>=17,"عالی",IF(CL99>=14,"خوب",IF(CL99>=10,"متوسط","ضعیف")))))) | CN99: 11 | CO99: =IF(C99="","",COUNT(G99:AZ99)/46) -> 0
A100: 96 | B100: خرداد | C100: =IF(دانش‌آموزان!E12="","",دانش‌آموزان!B12) -> 8 | D100: =IF(دانش‌آموزان!C12="","",دانش‌آموزان!C12) -> 0960592393 | E100: =IF(دانش‌آموزان!E12="","",دانش‌آموزان!E12&" "&دانش‌آموزان!F12) -> مهديار حيدرزاده | F100: =IF(دانش‌آموزان!I12="","",دانش‌آموزان!I12) -> 801 | CC100: =IF(COUNT(G100:N100)=0,"",AVERAGE(G100:N100)*4) | CD100: =IF(COUNT(O100:S100)=0,"",AVERAGE(O100:S100)*4) | CE100: =IF(COUNT(T100:U100)=0,"",AVERAGE(T100:U100)*4) | CF100: =IF(COUNT(V100:Z100)=0,"",AVERAGE(V100:Z100)*4) | CG100: =IF(COUNT(AA100:AC100)=0,"",AVERAGE(AA100:AC100)*4) | CH100: =IF(COUNT(AD100:AI100)=0,"",AVERAGE(AD100:AI100)*4) | CI100: =IF(COUNT(AJ100:AP100)=0,"",AVERAGE(AJ100:AP100)*4) | CJ100: =IF(COUNT(AQ100:AW100)=0,"",AVERAGE(AQ100:AW100)*4) | CK100: =IF(COUNT(AX100:AZ100)=0,"",AVERAGE(AX100:AZ100)*4) | CL100: =IF(C100="","",IF(COUNT(G100:AZ100)<46,"",SUMPRODUCT(CC100:CK100,'تنظیمات وزن‌دهی'!$C$5:$C$13)/100)) | CM100: =IF(C100="","",IF(COUNT(G100:AZ100)=0,"",IF(COUNT(G100:AZ100)<46,"موقت - اطلاعات ناقص",IF(CL100>=17,"عالی",IF(CL100>=14,"خوب",IF(CL100>=10,"متوسط","ضعیف")))))) | CN100: 12 | CO100: =IF(C100="","",COUNT(G100:AZ100)/46) -> 0
A101: 97 | B101: تیر | C101: =IF(دانش‌آموزان!E13="","",دانش‌آموزان!B13) -> 9 | D101: =IF(دانش‌آموزان!C13="","",دانش‌آموزان!C13) -> 0980638951 | E101: =IF(دانش‌آموزان!E13="","",دانش‌آموزان!E13&" "&دانش‌آموزان!F13) -> اميرحسين دائي صراف | F101: =IF(دانش‌آموزان!I13="","",دانش‌آموزان!I13) -> 801 | CC101: =IF(COUNT(G101:N101)=0,"",AVERAGE(G101:N101)*4) | CD101: =IF(COUNT(O101:S101)=0,"",AVERAGE(O101:S101)*4) | CE101: =IF(COUNT(T101:U101)=0,"",AVERAGE(T101:U101)*4) | CF101: =IF(COUNT(V101:Z101)=0,"",AVERAGE(V101:Z101)*4) | CG101: =IF(COUNT(AA101:AC101)=0,"",AVERAGE(AA101:AC101)*4) | CH101: =IF(COUNT(AD101:AI101)=0,"",AVERAGE(AD101:AI101)*4) | CI101: =IF(COUNT(AJ101:AP101)=0,"",AVERAGE(AJ101:AP101)*4) | CJ101: =IF(COUNT(AQ101:AW101)=0,"",AVERAGE(AQ101:AW101)*4) | CK101: =IF(COUNT(AX101:AZ101)=0,"",AVERAGE(AX101:AZ101)*4) | CL101: =IF(C101="","",IF(COUNT(G101:AZ101)<46,"",SUMPRODUCT(CC101:CK101,'تنظیمات وزن‌دهی'!$C$5:$C$13)/100)) | CM101: =IF(C101="","",IF(COUNT(G101:AZ101)=0,"",IF(COUNT(G101:AZ101)<46,"موقت - اطلاعات ناقص",IF(CL101>=17,"عالی",IF(CL101>=14,"خوب",IF(CL101>=10,"متوسط","ضعیف")))))) | CN101: 1 | CO101: =IF(C101="","",COUNT(G101:AZ101)/46) -> 0
...

Sheet تحلیل دانش‌آموزان
A1: تحلیل دانش‌آموزان
A2: این شیت خودکار است. فقط ارزیابی‌های نهایی در میانگین، روند و رتبه وارد می‌شوند و تعداد واقعی افراد رتبه‌بندی‌شده نمایش داده می‌شود.
A4: کد محلی | B4: کد ملی | C4: نام و نام خانوادگی | D4: کد کلاس | E4: آموزشی | F4: پرورشی | G4: تربیتی | H4: انضباطی | I4: فرهنگی | J4: پژوهشی | K4: ورزشی | L4: هنری | M4: مهارت‌های فردی | N4: میانگین کل | O4: ماه نهایی | P4: اولین ماه | Q4: آخرین ماه | R4: میزان تغییر | S4: روند | T4: قوی‌ترین حوزه | U4: ضعیف‌ترین حوزه | V4: سطح | W4: رتبه | X4: تعداد رتبه‌بندی‌شده | Y4: پیشنهاد
A5: =IF(دانش‌آموزان!L5="","",دانش‌آموزان!B5) -> 1 | B5: =IF(A5="","",دانش‌آموزان!C5) -> 0960551832 | C5: =IF(A5="","",دانش‌آموزان!E5&" "&دانش‌آموزان!F5) -> پارسا ادياني راد | D5: =IF(A5="","",دانش‌آموزان!I5) -> 801 | E5: =IF(A5="","",IFERROR(AVERAGEIFS('ثبت اطلاعات'!$CC$5:$CC$1204,'ثبت اطلاعات'!$C$5:$C$1204,A5,'ثبت اطلاعات'!$CL$5:$CL$1204,"<>"),"")) -> 28.228571 | F5: =IF(A5="","",IFERROR(AVERAGEIFS('ثبت اطلاعات'!$CD$5:$CD$1204,'ثبت اطلاعات'!$C$5:$C$1204,A5,'ثبت اطلاعات'!$CL$5:$CL$1204,"<>"),"")) -> 20 | G5: =IF(A5="","",IFERROR(AVERAGEIFS('ثبت اطلاعات'!$CE$5:$CE$1204,'ثبت اطلاعات'!$C$5:$C$1204,A5,'ثبت اطلاعات'!$CL$5:$CL$1204,"<>"),"")) -> 20 | H5: =IF(A5="","",IFERROR(AVERAGEIFS('ثبت اطلاعات'!$CF$5:$CF$1204,'ثبت اطلاعات'!$C$5:$C$1204,A5,'ثبت اطلاعات'!$CL$5:$CL$1204,"<>"),"")) -> 20 | I5: =IF(A5="","",IFERROR(AVERAGEIFS('ثبت اطلاعات'!$CG$5:$CG$1204,'ثبت اطلاعات'!$C$5:$C$1204,A5,'ثبت اطلاعات'!$CL$5:$CL$1204,"<>"),"")) -> 20 | J5: =IF(A5="","",IFERROR(AVERAGEIFS('ثبت اطلاعات'!$CH$5:$CH$1204,'ثبت اطلاعات'!$C$5:$C$1204,A5,'ثبت اطلاعات'!$CL$5:$CL$1204,"<>"),"")) | K5: =IF(A5="","",IFERROR(AVERAGEIFS('ثبت اطلاعات'!$CI$5:$CI$1204,'ثبت اطلاعات'!$C$5:$C$1204,A5,'ثبت اطلاعات'!$CL$5:$CL$1204,"<>"),"")) -> 20 | L5: =IF(A5="","",IFERROR(AVERAGEIFS('ثبت اطلاعات'!$CJ$5:$CJ$1204,'ثبت اطلاعات'!$C$5:$C$1204,A5,'ثبت اطلاعات'!$CL$5:$CL$1204,"<>"),"")) | M5: =IF(A5="","",IFERROR(AVERAGEIFS('ثبت اطلاعات'!$CK$5:$CK$1204,'ثبت اطلاعات'!$C$5:$C$1204,A5,'ثبت اطلاعات'!$CL$5:$CL$1204,"<>"),"")) | N5: =IF(A5="","",IFERROR(AVERAGEIFS('ثبت اطلاعات'!$CL$5:$CL$1204,'ثبت اطلاعات'!$C$5:$C$1204,A5,'ثبت اطلاعات'!$CL$5:$CL$1204,"<>"),"")) | O5: =IF(A5="","",COUNTIFS('ثبت اطلاعات'!$C$5:$C$1204,A5,'ثبت اطلاعات'!$CL$5:$CL$1204,"<>")) -> 12 | P5: =IF(O5=0,"",MINIFS('ثبت اطلاعات'!$CN$5:$CN$1204,'ثبت اطلاعات'!$C$5:$C$1204,A5,'ثبت اطلاعات'!$CL$5:$CL$1204,"<>")) -> #NAME? | Q5: =IF(O5=0,"",MAXIFS('ثبت اطلاعات'!$CN$5:$CN$1204,'ثبت اطلاعات'!$C$5:$C$1204,A5,'ثبت اطلاعات'!$CL$5:$CL$1204,"<>")) -> #NAME? | R5: =IF(O5<2,"",SUMIFS('ثبت اطلاعات'!$CL$5:$CL$1204,'ثبت اطلاعات'!$C$5:$C$1204,A5,'ثبت اطلاعات'!$CN$5:$CN$1204,Q5)-SUMIFS('ثبت اطلاعات'!$CL$5:$CL$1204,'ثبت اطلاعات'!$C$5:$C$1204,A5,'ثبت اطلاعات'!$CN$5:$CN$1204,P5)) -> 0 | S5: =IF(A5="","",IF(O5=0,"فاقد ارزیابی نهایی",IF(O5=1,"داده ناکافی",IF(R5>0.5,"پیشرفت",IF(R5<-0.5,"افت","ثبات"))))) -> ثبات | T5: =IF(N5="","",INDEX($E$4:$M$4,1,MATCH(MAX(E5:M5),E5:M5,0))) | U5: =IF(N5="","",INDEX($E$4:$M$4,1,MATCH(MIN(E5:M5),E5:M5,0))) | V5: =IF(N5="","",IF(N5>=17,"عالی",IF(N5>=14,"خوب",IF(N5>=10,"متوسط","ضعیف")))) | W5: =IF(N5="","",_xludf.RANK.EQ(N5,$N$5:$N$104,0)) | X5: =IF(N5="","",COUNT($N$5:$N$104)) | Y5: =IF(U5="","",IFERROR(INDEX('بانک راهکارها'!$C$5:$C$13,MATCH(U5,'بانک راهکارها'!$B$5:$B$13,0)),""))
A6: =IF(دانش‌آموزان!L6="","",دانش‌آموزان!B6) -> 2 | B6: =IF(A6="","",دانش‌آموزان!C6) -> 0960568107 | C6: =IF(A6="","",دانش‌آموزان!E6&" "&دانش‌آموزان!F6) -> علي اصغرزاده | D6: =IF(A6="","",دانش‌آموزان!I6) -> 801 | E6: =IF(A6="","",IFERROR(AVERAGEIFS('ثبت اطلاعات'!$CC$5:$CC$1204,'ثبت اطلاعات'!$C$5:$C$1204,A6,'ثبت اطلاعات'!$CL$5:$CL$1204,"<>"),"")) -> 18.5 | F6: =IF(A6="","",IFERROR(AVERAGEIFS('ثبت اطلاعات'!$CD$5:$CD$1204,'ثبت اطلاعات'!$C$5:$C$1204,A6,'ثبت اطلاعات'!$CL$5:$CL$1204,"<>"),"")) -> 20 | G6: =IF(A6="","",IFERROR(AVERAGEIFS('ثبت اطلاعات'!$CE$5:$CE$1204,'ثبت اطلاعات'!$C$5:$C$1204,A6,'ثبت اطلاعات'!$CL$5:$CL$1204,"<>"),"")) -> 20 | H6: =IF(A6="","",IFERROR(AVERAGEIFS('ثبت اطلاعات'!$CF$5:$CF$1204,'ثبت اطلاعات'!$C$5:$C$1204,A6,'ثبت اطلاعات'!$CL$5:$CL$1204,"<>"),"")) -> 20 | I6: =IF(A6="","",IFERROR(AVERAGEIFS('ثبت اطلاعات'!$CG$5:$CG$1204,'ثبت اطلاعات'!$C$5:$C$1204,A6,'ثبت اطلاعات'!$CL$5:$CL$1204,"<>"),"")) -> 20 | J6: =IF(A6="","",IFERROR(AVERAGEIFS('ثبت اطلاعات'!$CH$5:$CH$1204,'ثبت اطلاعات'!$C$5:$C$1204,A6,'ثبت اطلاعات'!$CL$5:$CL$1204,"<>"),"")) | K6: =IF(A6="","",IFERROR(AVERAGEIFS('ثبت اطلاعات'!$CI$5:$CI$1204,'ثبت اطلاعات'!$C$5:$C$1204,A6,'ثبت اطلاعات'!$CL$5:$CL$1204,"<>"),"")) -> 20 | L6: =IF(A6="","",IFERROR(AVERAGEIFS('ثبت اطلاعات'!$CJ$5:$CJ$1204,'ثبت اطلاعات'!$C$5:$C$1204,A6,'ثبت اطلاعات'!$CL$5:$CL$1204,"<>"),"")) | M6: =IF(A6="","",IFERROR(AVERAGEIFS('ثبت اطلاعات'!$CK$5:$CK$1204,'ثبت اطلاعات'!$C$5:$C$1204,A6,'ثبت اطلاعات'!$CL$5:$CL$1204,"<>"),"")) | N6: =IF(A6="","",IFERROR(AVERAGEIFS('ثبت اطلاعات'!$CL$5:$CL$1204,'ثبت اطلاعات'!$C$5:$C$1204,A6,'ثبت اطلاعات'!$CL$5:$CL$1204,"<>"),"")) | O6: =IF(A6="","",COUNTIFS('ثبت اطلاعات'!$C$5:$C$1204,A6,'ثبت اطلاعات'!$CL$5:$CL$1204,"<>")) -> 12 | P6: =IF(O6=0,"",MINIFS('ثبت اطلاعات'!$CN$5:$CN$1204,'ثبت اطلاعات'!$C$5:$C$1204,A6,'ثبت اطلاعات'!$CL$5:$CL$1204,"<>")) -> #NAME? | Q6: =IF(O6=0,"",MAXIFS('ثبت اطلاعات'!$CN$5:$CN$1204,'ثبت اطلاعات'!$C$5:$C$1204,A6,'ثبت اطلاعات'!$CL$5:$CL$1204,"<>")) -> #NAME? | R6: =IF(O6<2,"",SUMIFS('ثبت اطلاعات'!$CL$5:$CL$1204,'ثبت اطلاعات'!$C$5:$C$1204,A6,'ثبت اطلاعات'!$CN$5:$CN$1204,Q6)-SUMIFS('ثبت اطلاعات'!$CL$5:$CL$1204,'ثبت اطلاعات'!$C$5:$C$1204,A6,'ثبت اطلاعات'!$CN$5:$CN$1204,P6)) -> 0 | S6: =IF(A6="","",IF(O6=0,"فاقد ارزیابی نهایی",IF(O6=1,"داده ناکافی",IF(R6>0.5,"پیشرفت",IF(R6<-0.5,"افت","ثبات"))))) -> ثبات | T6: =IF(N6="","",INDEX($E$4:$M$4,1,MATCH(MAX(E6:M6),E6:M6,0))) | U6: =IF(N6="","",INDEX($E$4:$M$4,1,MATCH(MIN(E6:M6),E6:M6,0))) | V6: =IF(N6="","",IF(N6>=17,"عالی",IF(N6>=14,"خوب",IF(N6>=10,"متوسط","ضعیف")))) | W6: =IF(N6="","",_xludf.RANK.EQ(N6,$N$5:$N$104,0)) | X6: =IF(N6="","",COUNT($N$5:$N$104)) | Y6: =IF(U6="","",IFERROR(INDEX('بانک راهکارها'!$C$5:$C$13,MATCH(U6,'بانک راهکارها'!$B$5:$B$13,0)),""))
A7: =IF(دانش‌آموزان!L7="","",دانش‌آموزان!B7) -> 3 | B7: =IF(A7="","",دانش‌آموزان!C7) -> 94100017036 | C7: =IF(A7="","",دانش‌آموزان!E7&" "&دانش‌آموزان!F7) -> حسين السعداني | D7: =IF(A7="","",دانش‌آموزان!I7) -> 801 | E7: =IF(A7="","",IFERROR(AVERAGEIFS('ثبت اطلاعات'!$CC$5:$CC$1204,'ثبت اطلاعات'!$C$5:$C$1204,A7,'ثبت اطلاعات'!$CL$5:$CL$1204,"<>"),"")) -> 21 | F7: =IF(A7="","",IFERROR(AVERAGEIFS('ثبت اطلاعات'!$CD$5:$CD$1204,'ثبت اطلاعات'!$C$5:$C$1204,A7,'ثبت اطلاعات'!$CL$5:$CL$1204,"<>"),"")) -> 20 | G7: =IF(A7="","",IFERROR(AVERAGEIFS('ثبت اطلاعات'!$CE$5:$CE$1204,'ثبت اطلاعات'!$C$5:$C$1204,A7,'ثبت اطلاعات'!$CL$5:$CL$1204,"<>"),"")) -> 20 | H7: =IF(A7="","",IFERROR(AVERAGEIFS('ثبت اطلاعات'!$CF$5:$CF$1204,'ثبت اطلاعات'!$C$5:$C$1204,A7,'ثبت اطلاعات'!$CL$5:$CL$1204,"<>"),"")) -> 20 | I7: =IF(A7="","",IFERROR(AVERAGEIFS('ثبت اطلاعات'!$CG$5:$CG$1204,'ثبت اطلاعات'!$C$5:$C$1204,A7,'ثبت اطلاعات'!$CL$5:$CL$1204,"<>"),"")) -> 20 | J7: =IF(A7="","",IFERROR(AVERAGEIFS('ثبت اطلاعات'!$CH$5:$CH$1204,'ثبت اطلاعات'!$C$5:$C$1204,A7,'ثبت اطلاعات'!$CL$5:$CL$1204,"<>"),"")) | K7: =IF(A7="","",IFERROR(AVERAGEIFS('ثبت اطلاعات'!$CI$5:$CI$1204,'ثبت اطلاعات'!$C$5:$C$1204,A7,'ثبت اطلاعات'!$CL$5:$CL$1204,"<>"),"")) -> 20 | L7: =IF(A7="","",IFERROR(AVERAGEIFS('ثبت اطلاعات'!$CJ$5:$CJ$1204,'ثبت اطلاعات'!$C$5:$C$1204,A7,'ثبت اطلاعات'!$CL$5:$CL$1204,"<>"),"")) | M7: =IF(A7="","",IFERROR(AVERAGEIFS('ثبت اطلاعات'!$CK$5:$CK$1204,'ثبت اطلاعات'!$C$5:$C$1204,A7,'ثبت اطلاعات'!$CL$5:$CL$1204,"<>"),"")) | N7: =IF(A7="","",IFERROR(AVERAGEIFS('ثبت اطلاعات'!$CL$5:$CL$1204,'ثبت اطلاعات'!$C$5:$C$1204,A7,'ثبت اطلاعات'!$CL$5:$CL$1204,"<>"),"")) | O7: =IF(A7="","",COUNTIFS('ثبت اطلاعات'!$C$5:$C$1204,A7,'ثبت اطلاعات'!$CL$5:$CL$1204,"<>")) -> 12 | P7: =IF(O7=0,"",MINIFS('ثبت اطلاعات'!$CN$5:$CN$1204,'ثبت اطلاعات'!$C$5:$C$1204,A7,'ثبت اطلاعات'!$CL$5:$CL$1204,"<>")) -> #NAME? | Q7: =IF(O7=0,"",MAXIFS('ثبت اطلاعات'!$CN$5:$CN$1204,'ثبت اطلاعات'!$C$5:$C$1204,A7,'ثبت اطلاعات'!$CL$5:$CL$1204,"<>")) -> #NAME? | R7: =IF(O7<2,"",SUMIFS('ثبت اطلاعات'!$CL$5:$CL$1204,'ثبت اطلاعات'!$C$5:$C$1204,A7,'ثبت اطلاعات'!$CN$5:$CN$1204,Q7)-SUMIFS('ثبت اطلاعات'!$CL$5:$CL$1204,'ثبت اطلاعات'!$C$5:$C$1204,A7,'ثبت اطلاعات'!$CN$5:$CN$1204,P7)) -> 0 | S7: =IF(A7="","",IF(O7=0,"فاقد ارزیابی نهایی",IF(O7=1,"داده ناکافی",IF(R7>0.5,"پیشرفت",IF(R7<-0.5,"افت","ثبات"))))) -> ثبات | T7: =IF(N7="","",INDEX($E$4:$M$4,1,MATCH(MAX(E7:M7),E7:M7,0))) | U7: =IF(N7="","",INDEX($E$4:$M$4,1,MATCH(MIN(E7:M7),E7:M7,0))) | V7: =IF(N7="","",IF(N7>=17,"عالی",IF(N7>=14,"خوب",IF(N7>=10,"متوسط","ضعیف")))) | W7: =IF(N7="","",_xludf.RANK.EQ(N7,$N$5:$N$104,0)) | X7: =IF(N7="","",COUNT($N$5:$N$104)) | Y7: =IF(U7="","",IFERROR(INDEX('بانک راهکارها'!$C$5:$C$13,MATCH(U7,'بانک راهکارها'!$B$5:$B$13,0)),""))
A8: =IF(دانش‌آموزان!L8="","",دانش‌آموزان!B8) -> 4 | B8: =IF(A8="","",دانش‌آموزان!C8) -> 0970971788 | C8: =IF(A8="","",دانش‌آموزان!E8&" "&دانش‌آموزان!F8) -> جواد ثقفي | D8: =IF(A8="","",دانش‌آموزان!I8) -> 801 | E8: =IF(A8="","",IFERROR(AVERAGEIFS('ثبت اطلاعات'!$CC$5:$CC$1204,'ثبت اطلاعات'!$C$5:$C$1204,A8,'ثبت اطلاعات'!$CL$5:$CL$1204,"<>"),"")) -> 27.577143 | F8: =IF(A8="","",IFERROR(AVERAGEIFS('ثبت اطلاعات'!$CD$5:$CD$1204,'ثبت اطلاعات'!$C$5:$C$1204,A8,'ثبت اطلاعات'!$CL$5:$CL$1204,"<>"),"")) -> 20 | G8: =IF(A8="","",IFERROR(AVERAGEIFS('ثبت اطلاعات'!$CE$5:$CE$1204,'ثبت اطلاعات'!$C$5:$C$1204,A8,'ثبت اطلاعات'!$CL$5:$CL$1204,"<>"),"")) -> 20 | H8: =IF(A8="","",IFERROR(AVERAGEIFS('ثبت اطلاعات'!$CF$5:$CF$1204,'ثبت اطلاعات'!$C$5:$C$1204,A8,'ثبت اطلاعات'!$CL$5:$CL$1204,"<>"),"")) -> 20 | I8: =IF(A8="","",IFERROR(AVERAGEIFS('ثبت اطلاعات'!$CG$5:$CG$1204,'ثبت اطلاعات'!$C$5:$C$1204,A8,'ثبت اطلاعات'!$CL$5:$CL$1204,"<>"),"")) -> 20 | J8: =IF(A8="","",IFERROR(AVERAGEIFS('ثبت اطلاعات'!$CH$5:$CH$1204,'ثبت اطلاعات'!$C$5:$C$1204,A8,'ثبت اطلاعات'!$CL$5:$CL$1204,"<>"),"")) | K8: =IF(A8="","",IFERROR(AVERAGEIFS('ثبت اطلاعات'!$CI$5:$CI$1204,'ثبت اطلاعات'!$C$5:$C$1204,A8,'ثبت اطلاعات'!$CL$5:$CL$1204,"<>"),"")) -> 20 | L8: =IF(A8="","",IFERROR(AVERAGEIFS('ثبت اطلاعات'!$CJ$5:$CJ$1204,'ثبت اطلاعات'!$C$5:$C$1204,A8,'ثبت اطلاعات'!$CL$5:$CL$1204,"<>"),"")) | M8: =IF(A8="","",IFERROR(AVERAGEIFS('ثبت اطلاعات'!$CK$5:$CK$1204,'ثبت اطلاعات'!$C$5:$C$1204,A8,'ثبت اطلاعات'!$CL$5:$CL$1204,"<>"),"")) | N8: =IF(A8="","",IFERROR(AVERAGEIFS('ثبت اطلاعات'!$CL$5:$CL$1204,'ثبت اطلاعات'!$C$5:$C$1204,A8,'ثبت اطلاعات'!$CL$5:$CL$1204,"<>"),"")) | O8: =IF(A8="","",COUNTIFS('ثبت اطلاعات'!$C$5:$C$1204,A8,'ثبت اطلاعات'!$CL$5:$CL$1204,"<>")) -> 12 | P8: =IF(O8=0,"",MINIFS('ثبت اطلاعات'!$CN$5:$CN$1204,'ثبت اطلاعات'!$C$5:$C$1204,A8,'ثبت اطلاعات'!$CL$5:$CL$1204,"<>")) -> #NAME? | Q8: =IF(O8=0,"",MAXIFS('ثبت اطلاعات'!$CN$5:$CN$1204,'ثبت اطلاعات'!$C$5:$C$1204,A8,'ثبت اطلاعات'!$CL$5:$CL$1204,"<>")) -> #NAME? | R8: =IF(O8<2,"",SUMIFS('ثبت اطلاعات'!$CL$5:$CL$1204,'ثبت اطلاعات'!$C$5:$C$1204,A8,'ثبت اطلاعات'!$CN$5:$CN$1204,Q8)-SUMIFS('ثبت اطلاعات'!$CL$5:$CL$1204,'ثبت اطلاعات'!$C$5:$C$1204,A8,'ثبت اطلاعات'!$CN$5:$CN$1204,P8)) -> 0 | S8: =IF(A8="","",IF(O8=0,"فاقد ارزیابی نهایی",IF(O8=1,"داده ناکافی",IF(R8>0.5,"پیشرفت",IF(R8<-0.5,"افت","ثبات"))))) -> ثبات | T8: =IF(N8="","",INDEX($E$4:$M$4,1,MATCH(MAX(E8:M8),E8:M8,0))) | U8: =IF(N8="","",INDEX($E$4:$M$4,1,MATCH(MIN(E8:M8),E8:M8,0))) | V8: =IF(N8="","",IF(N8>=17,"عالی",IF(N8>=14,"خوب",IF(N8>=10,"متوسط","ضعیف")))) | W8: =IF(N8="","",_xludf.RANK.EQ(N8,$N$5:$N$104,0)) | X8: =IF(N8="","",COUNT($N$5:$N$104)) | Y8: =IF(U8="","",IFERROR(INDEX('بانک راهکارها'!$C$5:$C$13,MATCH(U8,'بانک راهکارها'!$B$5:$B$13,0)),""))
A9: =IF(دانش‌آموزان!L9="","",دانش‌آموزان!B9) -> 5 | B9: =IF(A9="","",دانش‌آموزان!C9) -> 0980728177 | C9: =IF(A9="","",دانش‌آموزان!E9&" "&دانش‌آموزان!F9) -> سيدمهديار جوادي | D9: =IF(A9="","",دانش‌آموزان!I9) -> 801 | E9: =IF(A9="","",IFERROR(AVERAGEIFS('ثبت اطلاعات'!$CC$5:$CC$1204,'ثبت اطلاعات'!$C$5:$C$1204,A9,'ثبت اطلاعات'!$CL$5:$CL$1204,"<>"),"")) -> 21 | F9: =IF(A9="","",IFERROR(AVERAGEIFS('ثبت اطلاعات'!$CD$5:$CD$1204,'ثبت اطلاعات'!$C$5:$C$1204,A9,'ثبت اطلاعات'!$CL$5:$CL$1204,"<>"),"")) -> 20 | G9: =IF(A9="","",IFERROR(AVERAGEIFS('ثبت اطلاعات'!$CE$5:$CE$1204,'ثبت اطلاعات'!$C$5:$C$1204,A9,'ثبت اطلاعات'!$CL$5:$CL$1204,"<>"),"")) -> 20 | H9: =IF(A9="","",IFERROR(AVERAGEIFS('ثبت اطلاعات'!$CF$5:$CF$1204,'ثبت اطلاعات'!$C$5:$C$1204,A9,'ثبت اطلاعات'!$CL$5:$CL$1204,"<>"),"")) -> 20 | I9: =IF(A9="","",IFERROR(AVERAGEIFS('ثبت اطلاعات'!$CG$5:$CG$1204,'ثبت اطلاعات'!$C$5:$C$1204,A9,'ثبت اطلاعات'!$CL$5:$CL$1204,"<>"),"")) -> 20 | J9: =IF(A9="","",IFERROR(AVERAGEIFS('ثبت اطلاعات'!$CH$5:$CH$1204,'ثبت اطلاعات'!$C$5:$C$1204,A9,'ثبت اطلاعات'!$CL$5:$CL$1204,"<>"),"")) | K9: =IF(A9="","",IFERROR(AVERAGEIFS('ثبت اطلاعات'!$CI$5:$CI$1204,'ثبت اطلاعات'!$C$5:$C$1204,A9,'ثبت اطلاعات'!$CL$5:$CL$1204,"<>"),"")) -> 20 | L9: =IF(A9="","",IFERROR(AVERAGEIFS('ثبت اطلاعات'!$CJ$5:$CJ$1204,'ثبت اطلاعات'!$C$5:$C$1204,A9,'ثبت اطلاعات'!$CL$5:$CL$1204,"<>"),"")) | M9: =IF(A9="","",IFERROR(AVERAGEIFS('ثبت اطلاعات'!$CK$5:$CK$1204,'ثبت اطلاعات'!$C$5:$C$1204,A9,'ثبت اطلاعات'!$CL$5:$CL$1204,"<>"),"")) | N9: =IF(A9="","",IFERROR(AVERAGEIFS('ثبت اطلاعات'!$CL$5:$CL$1204,'ثبت اطلاعات'!$C$5:$C$1204,A9,'ثبت اطلاعات'!$CL$5:$CL$1204,"<>"),"")) | O9: =IF(A9="","",COUNTIFS('ثبت اطلاعات'!$C$5:$C$1204,A9,'ثبت اطلاعات'!$CL$5:$CL$1204,"<>")) -> 12 | P9: =IF(O9=0,"",MINIFS('ثبت اطلاعات'!$CN$5:$CN$1204,'ثبت اطلاعات'!$C$5:$C$1204,A9,'ثبت اطلاعات'!$CL$5:$CL$1204,"<>")) -> #NAME? | Q9: =IF(O9=0,"",MAXIFS('ثبت اطلاعات'!$CN$5:$CN$1204,'ثبت اطلاعات'!$C$5:$C$1204,A9,'ثبت اطلاعات'!$CL$5:$CL$1204,"<>")) -> #NAME? | R9: =IF(O9<2,"",SUMIFS('ثبت اطلاعات'!$CL$5:$CL$1204,'ثبت اطلاعات'!$C$5:$C$1204,A9,'ثبت اطلاعات'!$CN$5:$CN$1204,Q9)-SUMIFS('ثبت اطلاعات'!$CL$5:$CL$1204,'ثبت اطلاعات'!$C$5:$C$1204,A9,'ثبت اطلاعات'!$CN$5:$CN$1204,P9)) -> 0 | S9: =IF(A9="","",IF(O9=0,"فاقد ارزیابی نهایی",IF(O9=1,"داده ناکافی",IF(R9>0.5,"پیشرفت",IF(R9<-0.5,"افت","ثبات"))))) -> ثبات | T9: =IF(N9="","",INDEX($E$4:$M$4,1,MATCH(MAX(E9:M9),E9:M9,0))) | U9: =IF(N9="","",INDEX($E$4:$M$4,1,MATCH(MIN(E9:M9),E9:M9,0))) | V9: =IF(N9="","",IF(N9>=17,"عالی",IF(N9>=14,"خوب",IF(N9>=10,"متوسط","ضعیف")))) | W9: =IF(N9="","",_xludf.RANK.EQ(N9,$N$5:$N$104,0)) | X9: =IF(N9="","",COUNT($N$5:$N$104)) | Y9: =IF(U9="","",IFERROR(INDEX('بانک راهکارها'!$C$5:$C$13,MATCH(U9,'بانک راهکارها'!$B$5:$B$13,0)),""))
A10: =IF(دانش‌آموزان!L10="","",دانش‌آموزان!B10) -> 6 | B10: =IF(A10="","",دانش‌آموزان!C10) -> 0960526307 | C10: =IF(A10="","",دانش‌آموزان!E10&" "&دانش‌آموزان!F10) -> آيدين چرخكار | D10: =IF(A10="","",دانش‌آموزان!I10) -> 801 | E10: =IF(A10="","",IFERROR(AVERAGEIFS('ثبت اطلاعات'!$CC$5:$CC$1204,'ثبت اطلاعات'!$C$5:$C$1204,A10,'ثبت اطلاعات'!$CL$5:$CL$1204,"<>"),"")) -> 20.5 | F10: =IF(A10="","",IFERROR(AVERAGEIFS('ثبت اطلاعات'!$CD$5:$CD$1204,'ثبت اطلاعات'!$C$5:$C$1204,A10,'ثبت اطلاعات'!$CL$5:$CL$1204,"<>"),"")) -> 20 | G10: =IF(A10="","",IFERROR(AVERAGEIFS('ثبت اطلاعات'!$CE$5:$CE$1204,'ثبت اطلاعات'!$C$5:$C$1204,A10,'ثبت اطلاعات'!$CL$5:$CL$1204,"<>"),"")) -> 20 | H10: =IF(A10="","",IFERROR(AVERAGEIFS('ثبت اطلاعات'!$CF$5:$CF$1204,'ثبت اطلاعات'!$C$5:$C$1204,A10,'ثبت اطلاعات'!$CL$5:$CL$1204,"<>"),"")) -> 20 | I10: =IF(A10="","",IFERROR(AVERAGEIFS('ثبت اطلاعات'!$CG$5:$CG$1204,'ثبت اطلاعات'!$C$5:$C$1204,A10,'ثبت اطلاعات'!$CL$5:$CL$1204,"<>"),"")) -> 20 | J10: =IF(A10="","",IFERROR(AVERAGEIFS('ثبت اطلاعات'!$CH$5:$CH$1204,'ثبت اطلاعات'!$C$5:$C$1204,A10,'ثبت اطلاعات'!$CL$5:$CL$1204,"<>"),"")) | K10: =IF(A10="","",IFERROR(AVERAGEIFS('ثبت اطلاعات'!$CI$5:$CI$1204,'ثبت اطلاعات'!$C$5:$C$1204,A10,'ثبت اطلاعات'!$CL$5:$CL$1204,"<>"),"")) -> 20 | L10: =IF(A10="","",IFERROR(AVERAGEIFS('ثبت اطلاعات'!$CJ$5:$CJ$1204,'ثبت اطلاعات'!$C$5:$C$1204,A10,'ثبت اطلاعات'!$CL$5:$CL$1204,"<>"),"")) | M10: =IF(A10="","",IFERROR(AVERAGEIFS('ثبت اطلاعات'!$CK$5:$CK$1204,'ثبت اطلاعات'!$C$5:$C$1204,A10,'ثبت اطلاعات'!$CL$5:$CL$1204,"<>"),"")) | N10: =IF(A10="","",IFERROR(AVERAGEIFS('ثبت اطلاعات'!$CL$5:$CL$1204,'ثبت اطلاعات'!$C$5:$C$1204,A10,'ثبت اطلاعات'!$CL$5:$CL$1204,"<>"),"")) | O10: =IF(A10="","",COUNTIFS('ثبت اطلاعات'!$C$5:$C$1204,A10,'ثبت اطلاعات'!$CL$5:$CL$1204,"<>")) -> 12 | P10: =IF(O10=0,"",MINIFS('ثبت اطلاعات'!$CN$5:$CN$1204,'ثبت اطلاعات'!$C$5:$C$1204,A10,'ثبت اطلاعات'!$CL$5:$CL$1204,"<>")) -> #NAME? | Q10: =IF(O10=0,"",MAXIFS('ثبت اطلاعات'!$CN$5:$CN$1204,'ثبت اطلاعات'!$C$5:$C$1204,A10,'ثبت اطلاعات'!$CL$5:$CL$1204,"<>")) -> #NAME? | R10: =IF(O10<2,"",SUMIFS('ثبت اطلاعات'!$CL$5:$CL$1204,'ثبت اطلاعات'!$C$5:$C$1204,A10,'ثبت اطلاعات'!$CN$5:$CN$1204,Q10)-SUMIFS('ثبت اطلاعات'!$CL$5:$CL$1204,'ثبت اطلاعات'!$C$5:$C$1204,A10,'ثبت اطلاعات'!$CN$5:$CN$1204,P10)) -> 0 | S10: =IF(A10="","",IF(O10=0,"فاقد ارزیابی نهایی",IF(O10=1,"داده ناکافی",IF(R10>0.5,"پیشرفت",IF(R10<-0.5,"افت","ثبات"))))) -> ثبات | T10: =IF(N10="","",INDEX($E$4:$M$4,1,MATCH(MAX(E10:M10),E10:M10,0))) | U10: =IF(N10="","",INDEX($E$4:$M$4,1,MATCH(MIN(E10:M10),E10:M10,0))) | V10: =IF(N10="","",IF(N10>=17,"عالی",IF(N10>=14,"خوب",IF(N10>=10,"متوسط","ضعیف")))) | W10: =IF(N10="","",_xludf.RANK.EQ(N10,$N$5:$N$104,0)) | X10: =IF(N10="","",COUNT($N$5:$N$104)) | Y10: =IF(U10="","",IFERROR(INDEX('بانک راهکارها'!$C$5:$C$13,MATCH(U10,'بانک راهکارها'!$B$5:$B$13,0)),""))
A11: =IF(دانش‌آموزان!L11="","",دانش‌آموزان!B11) -> 7 | B11: =IF(A11="","",دانش‌آموزان!C11) -> 0960565329 | C11: =IF(A11="","",دانش‌آموزان!E11&" "&دانش‌آموزان!F11) -> محمدطاها حشمتي | D11: =IF(A11="","",دانش‌آموزان!I11) -> 801 | E11: =IF(A11="","",IFERROR(AVERAGEIFS('ثبت اطلاعات'!$CC$5:$CC$1204,'ثبت اطلاعات'!$C$5:$C$1204,A11,'ثبت اطلاعات'!$CL$5:$CL$1204,"<>"),"")) -> 19.5 | F11: =IF(A11="","",IFERROR(AVERAGEIFS('ثبت اطلاعات'!$CD$5:$CD$1204,'ثبت اطلاعات'!$C$5:$C$1204,A11,'ثبت اطلاعات'!$CL$5:$CL$1204,"<>"),"")) -> 20 | G11: =IF(A11="","",IFERROR(AVERAGEIFS('ثبت اطلاعات'!$CE$5:$CE$1204,'ثبت اطلاعات'!$C$5:$C$1204,A11,'ثبت اطلاعات'!$CL$5:$CL$1204,"<>"),"")) -> 20 | H11: =IF(A11="","",IFERROR(AVERAGEIFS('ثبت اطلاعات'!$CF$5:$CF$1204,'ثبت اطلاعات'!$C$5:$C$1204,A11,'ثبت اطلاعات'!$CL$5:$CL$1204,"<>"),"")) -> 20 | I11: =IF(A11="","",IFERROR(AVERAGEIFS('ثبت اطلاعات'!$CG$5:$CG$1204,'ثبت اطلاعات'!$C$5:$C$1204,A11,'ثبت اطلاعات'!$CL$5:$CL$1204,"<>"),"")) -> 20 | J11: =IF(A11="","",IFERROR(AVERAGEIFS('ثبت اطلاعات'!$CH$5:$CH$1204,'ثبت اطلاعات'!$C$5:$C$1204,A11,'ثبت اطلاعات'!$CL$5:$CL$1204,"<>"),"")) | K11: =IF(A11="","",IFERROR(AVERAGEIFS('ثبت اطلاعات'!$CI$5:$CI$1204,'ثبت اطلاعات'!$C$5:$C$1204,A11,'ثبت اطلاعات'!$CL$5:$CL$1204,"<>"),"")) -> 20 | L11: =IF(A11="","",IFERROR(AVERAGEIFS('ثبت اطلاعات'!$CJ$5:$CJ$1204,'ثبت اطلاعات'!$C$5:$C$1204,A11,'ثبت اطلاعات'!$CL$5:$CL$1204,"<>"),"")) | M11: =IF(A11="","",IFERROR(AVERAGEIFS('ثبت اطلاعات'!$CK$5:$CK$1204,'ثبت اطلاعات'!$C$5:$C$1204,A11,'ثبت اطلاعات'!$CL$5:$CL$1204,"<>"),"")) | N11: =IF(A11="","",IFERROR(AVERAGEIFS('ثبت اطلاعات'!$CL$5:$CL$1204,'ثبت اطلاعات'!$C$5:$C$1204,A11,'ثبت اطلاعات'!$CL$5:$CL$1204,"<>"),"")) | O11: =IF(A11="","",COUNTIFS('ثبت اطلاعات'!$C$5:$C$1204,A11,'ثبت اطلاعات'!$CL$5:$CL$1204,"<>")) -> 12 | P11: =IF(O11=0,"",MINIFS('ثبت اطلاعات'!$CN$5:$CN$1204,'ثبت اطلاعات'!$C$5:$C$1204,A11,'ثبت اطلاعات'!$CL$5:$CL$1204,"<>")) -> #NAME? | Q11: =IF(O11=0,"",MAXIFS('ثبت اطلاعات'!$CN$5:$CN$1204,'ثبت اطلاعات'!$C$5:$C$1204,A11,'ثبت اطلاعات'!$CL$5:$CL$1204,"<>")) -> #NAME? | R11: =IF(O11<2,"",SUMIFS('ثبت اطلاعات'!$CL$5:$CL$1204,'ثبت اطلاعات'!$C$5:$C$1204,A11,'ثبت اطلاعات'!$CN$5:$CN$1204,Q11)-SUMIFS('ثبت اطلاعات'!$CL$5:$CL$1204,'ثبت اطلاعات'!$C$5:$C$1204,A11,'ثبت اطلاعات'!$CN$5:$CN$1204,P11)) -> 0 | S11: =IF(A11="","",IF(O11=0,"فاقد ارزیابی نهایی",IF(O11=1,"داده ناکافی",IF(R11>0.5,"پیشرفت",IF(R11<-0.5,"افت","ثبات"))))) -> ثبات | T11: =IF(N11="","",INDEX($E$4:$M$4,1,MATCH(MAX(E11:M11),E11:M11,0))) | U11: =IF(N11="","",INDEX($E$4:$M$4,1,MATCH(MIN(E11:M11),E11:M11,0))) | V11: =IF(N11="","",IF(N11>=17,"عالی",IF(N11>=14,"خوب",IF(N11>=10,"متوسط","ضعیف")))) | W11: =IF(N11="","",_xludf.RANK.EQ(N11,$N$5:$N$104,0)) | X11: =IF(N11="","",COUNT($N$5:$N$104)) | Y11: =IF(U11="","",IFERROR(INDEX('بانک راهکارها'!$C$5:$C$13,MATCH(U11,'بانک راهکارها'!$B$5:$B$13,0)),""))
A12: =IF(دانش‌آموزان!L12="","",دانش‌آموزان!B12) -> 8 | B12: =IF(A12="","",دانش‌آموزان!C12) -> 0960592393 | C12: =IF(A12="","",دانش‌آموزان!E12&" "&دانش‌آموزان!F12) -> مهديار حيدرزاده | D12: =IF(A12="","",دانش‌آموزان!I12) -> 801 | E12: =IF(A12="","",IFERROR(AVERAGEIFS('ثبت اطلاعات'!$CC$5:$CC$1204,'ثبت اطلاعات'!$C$5:$C$1204,A12,'ثبت اطلاعات'!$CL$5:$CL$1204,"<>"),"")) -> 18.5 | F12: =IF(A12="","",IFERROR(AVERAGEIFS('ثبت اطلاعات'!$CD$5:$CD$1204,'ثبت اطلاعات'!$C$5:$C$1204,A12,'ثبت اطلاعات'!$CL$5:$CL$1204,"<>"),"")) -> 20 | G12: =IF(A12="","",IFERROR(AVERAGEIFS('ثبت اطلاعات'!$CE$5:$CE$1204,'ثبت اطلاعات'!$C$5:$C$1204,A12,'ثبت اطلاعات'!$CL$5:$CL$1204,"<>"),"")) -> 20 | H12: =IF(A12="","",IFERROR(AVERAGEIFS('ثبت اطلاعات'!$CF$5:$CF$1204,'ثبت اطلاعات'!$C$5:$C$1204,A12,'ثبت اطلاعات'!$CL$5:$CL$1204,"<>"),"")) -> 20 | I12: =IF(A12="","",IFERROR(AVERAGEIFS('ثبت اطلاعات'!$CG$5:$CG$1204,'ثبت اطلاعات'!$C$5:$C$1204,A12,'ثبت اطلاعات'!$CL$5:$CL$1204,"<>"),"")) -> 20 | J12: =IF(A12="","",IFERROR(AVERAGEIFS('ثبت اطلاعات'!$CH$5:$CH$1204,'ثبت اطلاعات'!$C$5:$C$1204,A12,'ثبت اطلاعات'!$CL$5:$CL$1204,"<>"),"")) | K12: =IF(A12="","",IFERROR(AVERAGEIFS('ثبت اطلاعات'!$CI$5:$CI$1204,'ثبت اطلاعات'!$C$5:$C$1204,A12,'ثبت اطلاعات'!$CL$5:$CL$1204,"<>"),"")) -> 20 | L12: =IF(A12="","",IFERROR(AVERAGEIFS('ثبت اطلاعات'!$CJ$5:$CJ$1204,'ثبت اطلاعات'!$C$5:$C$1204,A12,'ثبت اطلاعات'!$CL$5:$CL$1204,"<>"),"")) | M12: =IF(A12="","",IFERROR(AVERAGEIFS('ثبت اطلاعات'!$CK$5:$CK$1204,'ثبت اطلاعات'!$C$5:$C$1204,A12,'ثبت اطلاعات'!$CL$5:$CL$1204,"<>"),"")) | N12: =IF(A12="","",IFERROR(AVERAGEIFS('ثبت اطلاعات'!$CL$5:$CL$1204,'ثبت اطلاعات'!$C$5:$C$1204,A12,'ثبت اطلاعات'!$CL$5:$CL$1204,"<>"),"")) | O12: =IF(A12="","",COUNTIFS('ثبت اطلاعات'!$C$5:$C$1204,A12,'ثبت اطلاعات'!$CL$5:$CL$1204,"<>")) -> 12 | P12: =IF(O12=0,"",MINIFS('ثبت اطلاعات'!$CN$5:$CN$1204,'ثبت اطلاعات'!$C$5:$C$1204,A12,'ثبت اطلاعات'!$CL$5:$CL$1204,"<>")) -> #NAME? | Q12: =IF(O12=0,"",MAXIFS('ثبت اطلاعات'!$CN$5:$CN$1204,'ثبت اطلاعات'!$C$5:$C$1204,A12,'ثبت اطلاعات'!$CL$5:$CL$1204,"<>")) -> #NAME? | R12: =IF(O12<2,"",SUMIFS('ثبت اطلاعات'!$CL$5:$CL$1204,'ثبت اطلاعات'!$C$5:$C$1204,A12,'ثبت اطلاعات'!$CN$5:$CN$1204,Q12)-SUMIFS('ثبت اطلاعات'!$CL$5:$CL$1204,'ثبت اطلاعات'!$C$5:$C$1204,A12,'ثبت اطلاعات'!$CN$5:$CN$1204,P12)) -> 0 | S12: =IF(A12="","",IF(O12=0,"فاقد ارزیابی نهایی",IF(O12=1,"داده ناکافی",IF(R12>0.5,"پیشرفت",IF(R12<-0.5,"افت","ثبات"))))) -> ثبات | T12: =IF(N12="","",INDEX($E$4:$M$4,1,MATCH(MAX(E12:M12),E12:M12,0))) | U12: =IF(N12="","",INDEX($E$4:$M$4,1,MATCH(MIN(E12:M12),E12:M12,0))) | V12: =IF(N12="","",IF(N12>=17,"عالی",IF(N12>=14,"خوب",IF(N12>=10,"متوسط","ضعیف")))) | W12: =IF(N12="","",_xludf.RANK.EQ(N12,$N$5:$N$104,0)) | X12: =IF(N12="","",COUNT($N$5:$N$104)) | Y12: =IF(U12="","",IFERROR(INDEX('بانک راهکارها'!$C$5:$C$13,MATCH(U12,'بانک راهکارها'!$B$5:$B$13,0)),""))
A13: =IF(دانش‌آموزان!L13="","",دانش‌آموزان!B13) -> 9 | B13: =IF(A13="","",دانش‌آموزان!C13) -> 0980638951 | C13: =IF(A13="","",دانش‌آموزان!E13&" "&دانش‌آموزان!F13) -> اميرحسين دائي صراف | D13: =IF(A13="","",دانش‌آموزان!I13) -> 801 | E13: =IF(A13="","",IFERROR(AVERAGEIFS('ثبت اطلاعات'!$CC$5:$CC$1204,'ثبت اطلاعات'!$C$5:$C$1204,A13,'ثبت اطلاعات'!$CL$5:$CL$1204,"<>"),"")) -> 27.902857 | F13: =IF(A13="","",IFERROR(AVERAGEIFS('ثبت اطلاعات'!$CD$5:$CD$1204,'ثبت اطلاعات'!$C$5:$C$1204,A13,'ثبت اطلاعات'!$CL$5:$CL$1204,"<>"),"")) -> 20 | G13: =IF(A13="","",IFERROR(AVERAGEIFS('ثبت اطلاعات'!$CE$5:$CE$1204,'ثبت اطلاعات'!$C$5:$C$1204,A13,'ثبت اطلاعات'!$CL$5:$CL$1204,"<>"),"")) -> 20 | H13: =IF(A13="","",IFERROR(AVERAGEIFS('ثبت اطلاعات'!$CF$5:$CF$1204,'ثبت اطلاعات'!$C$5:$C$1204,A13,'ثبت اطلاعات'!$CL$5:$CL$1204,"<>"),"")) -> 20 | I13: =IF(A13="","",IFERROR(AVERAGEIFS('ثبت اطلاعات'!$CG$5:$CG$1204,'ثبت اطلاعات'!$C$5:$C$1204,A13,'ثبت اطلاعات'!$CL$5:$CL$1204,"<>"),"")) -> 20 | J13: =IF(A13="","",IFERROR(AVERAGEIFS('ثبت اطلاعات'!$CH$5:$CH$1204,'ثبت اطلاعات'!$C$5:$C$1204,A13,'ثبت اطلاعات'!$CL$5:$CL$1204,"<>"),"")) | K13: =IF(A13="","",IFERROR(AVERAGEIFS('ثبت اطلاعات'!$CI$5:$CI$1204,'ثبت اطلاعات'!$C$5:$C$1204,A13,'ثبت اطلاعات'!$CL$5:$CL$1204,"<>"),"")) | L13: =IF(A13="","",IFERROR(AVERAGEIFS('ثبت اطلاعات'!$CJ$5:$CJ$1204,'ثبت اطلاعات'!$C$5:$C$1204,A13,'ثبت اطلاعات'!$CL$5:$CL$1204,"<>"),"")) | M13: =IF(A13="","",IFERROR(AVERAGEIFS('ثبت اطلاعات'!$CK$5:$CK$1204,'ثبت اطلاعات'!$C$5:$C$1204,A13,'ثبت اطلاعات'!$CL$5:$CL$1204,"<>"),"")) | N13: =IF(A13="","",IFERROR(AVERAGEIFS('ثبت اطلاعات'!$CL$5:$CL$1204,'ثبت اطلاعات'!$C$5:$C$1204,A13,'ثبت اطلاعات'!$CL$5:$CL$1204,"<>"),"")) | O13: =IF(A13="","",COUNTIFS('ثبت اطلاعات'!$C$5:$C$1204,A13,'ثبت اطلاعات'!$CL$5:$CL$1204,"<>")) -> 12 | P13: =IF(O13=0,"",MINIFS('ثبت اطلاعات'!$CN$5:$CN$1204,'ثبت اطلاعات'!$C$5:$C$1204,A13,'ثبت اطلاعات'!$CL$5:$CL$1204,"<>")) -> #NAME? | Q13: =IF(O13=0,"",MAXIFS('ثبت اطلاعات'!$CN$5:$CN$1204,'ثبت اطلاعات'!$C$5:$C$1204,A13,'ثبت اطلاعات'!$CL$5:$CL$1204,"<>")) -> #NAME? | R13: =IF(O13<2,"",SUMIFS('ثبت اطلاعات'!$CL$5:$CL$1204,'ثبت اطلاعات'!$C$5:$C$1204,A13,'ثبت اطلاعات'!$CN$5:$CN$1204,Q13)-SUMIFS('ثبت اطلاعات'!$CL$5:$CL$1204,'ثبت اطلاعات'!$C$5:$C$1204,A13,'ثبت اطلاعات'!$CN$5:$CN$1204,P13)) -> 0 | S13: =IF(A13="","",IF(O13=0,"فاقد ارزیابی نهایی",IF(O13=1,"داده ناکافی",IF(R13>0.5,"پیشرفت",IF(R13<-0.5,"افت","ثبات"))))) -> ثبات | T13: =IF(N13="","",INDEX($E$4:$M$4,1,MATCH(MAX(E13:M13),E13:M13,0))) | U13: =IF(N13="","",INDEX($E$4:$M$4,1,MATCH(MIN(E13:M13),E13:M13,0))) | V13: =IF(N13="","",IF(N13>=17,"عالی",IF(N13>=14,"خوب",IF(N13>=10,"متوسط","ضعیف")))) | W13: =IF(N13="","",_xludf.RANK.EQ(N13,$N$5:$N$104,0)) | X13: =IF(N13="","",COUNT($N$5:$N$104)) | Y13: =IF(U13="","",IFERROR(INDEX('بانک راهکارها'!$C$5:$C$13,MATCH(U13,'بانک راهکارها'!$B$5:$B$13,0)),""))
A14: =IF(دانش‌آموزان!L14="","",دانش‌آموزان!B14) -> 10 | B14: =IF(A14="","",دانش‌آموزان!C14) -> 0960493670 | C14: =IF(A14="","",دانش‌آموزان!E14&" "&دانش‌آموزان!F14) -> حامد روحي | D14: =IF(A14="","",دانش‌آموزان!I14) -> 801 | E14: =IF(A14="","",IFERROR(AVERAGEIFS('ثبت اطلاعات'!$CC$5:$CC$1204,'ثبت اطلاعات'!$C$5:$C$1204,A14,'ثبت اطلاعات'!$CL$5:$CL$1204,"<>"),"")) -> 27.942857 | F14: =IF(A14="","",IFERROR(AVERAGEIFS('ثبت اطلاعات'!$CD$5:$CD$1204,'ثبت اطلاعات'!$C$5:$C$1204,A14,'ثبت اطلاعات'!$CL$5:$CL$1204,"<>"),"")) -> 20 | G14: =IF(A14="","",IFERROR(AVERAGEIFS('ثبت اطلاعات'!$CE$5:$CE$1204,'ثبت اطلاعات'!$C$5:$C$1204,A14,'ثبت اطلاعات'!$CL$5:$CL$1204,"<>"),"")) -> 20 | H14: =IF(A14="","",IFERROR(AVERAGEIFS('ثبت اطلاعات'!$CF$5:$CF$1204,'ثبت اطلاعات'!$C$5:$C$1204,A14,'ثبت اطلاعات'!$CL$5:$CL$1204,"<>"),"")) -> 20 | I14: =IF(A14="","",IFERROR(AVERAGEIFS('ثبت اطلاعات'!$CG$5:$CG$1204,'ثبت اطلاعات'!$C$5:$C$1204,A14,'ثبت اطلاعات'!$CL$5:$CL$1204,"<>"),"")) -> 20 | J14: =IF(A14="","",IFERROR(AVERAGEIFS('ثبت اطلاعات'!$CH$5:$CH$1204,'ثبت اطلاعات'!$C$5:$C$1204,A14,'ثبت اطلاعات'!$CL$5:$CL$1204,"<>"),"")) | K14: =IF(A14="","",IFERROR(AVERAGEIFS('ثبت اطلاعات'!$CI$5:$CI$1204,'ثبت اطلاعات'!$C$5:$C$1204,A14,'ثبت اطلاعات'!$CL$5:$CL$1204,"<>"),"")) -> 20 | L14: =IF(A14="","",IFERROR(AVERAGEIFS('ثبت اطلاعات'!$CJ$5:$CJ$1204,'ثبت اطلاعات'!$C$5:$C$1204,A14,'ثبت اطلاعات'!$CL$5:$CL$1204,"<>"),"")) | M14: =IF(A14="","",IFERROR(AVERAGEIFS('ثبت اطلاعات'!$CK$5:$CK$1204,'ثبت اطلاعات'!$C$5:$C$1204,A14,'ثبت اطلاعات'!$CL$5:$CL$1204,"<>"),"")) | N14: =IF(A14="","",IFERROR(AVERAGEIFS('ثبت اطلاعات'!$CL$5:$CL$1204,'ثبت اطلاعات'!$C$5:$C$1204,A14,'ثبت اطلاعات'!$CL$5:$CL$1204,"<>"),"")) | O14: =IF(A14="","",COUNTIFS('ثبت اطلاعات'!$C$5:$C$1204,A14,'ثبت اطلاعات'!$CL$5:$CL$1204,"<>")) -> 12 | P14: =IF(O14=0,"",MINIFS('ثبت اطلاعات'!$CN$5:$CN$1204,'ثبت اطلاعات'!$C$5:$C$1204,A14,'ثبت اطلاعات'!$CL$5:$CL$1204,"<>")) -> #NAME? | Q14: =IF(O14=0,"",MAXIFS('ثبت اطلاعات'!$CN$5:$CN$1204,'ثبت اطلاعات'!$C$5:$C$1204,A14,'ثبت اطلاعات'!$CL$5:$CL$1204,"<>")) -> #NAME? | R14: =IF(O14<2,"",SUMIFS('ثبت اطلاعات'!$CL$5:$CL$1204,'ثبت اطلاعات'!$C$5:$C$1204,A14,'ثبت اطلاعات'!$CN$5:$CN$1204,Q14)-SUMIFS('ثبت اطلاعات'!$CL$5:$CL$1204,'ثبت اطلاعات'!$C$5:$C$1204,A14,'ثبت اطلاعات'!$CN$5:$CN$1204,P14)) -> 0 | S14: =IF(A14="","",IF(O14=0,"فاقد ارزیابی نهایی",IF(O14=1,"داده ناکافی",IF(R14>0.5,"پیشرفت",IF(R14<-0.5,"افت","ثبات"))))) -> ثبات | T14: =IF(N14="","",INDEX($E$4:$M$4,1,MATCH(MAX(E14:M14),E14:M14,0))) | U14: =IF(N14="","",INDEX($E$4:$M$4,1,MATCH(MIN(E14:M14),E14:M14,0))) | V14: =IF(N14="","",IF(N14>=17,"عالی",IF(N14>=14,"خوب",IF(N14>=10,"متوسط","ضعیف")))) | W14: =IF(N14="","",_xludf.RANK.EQ(N14,$N$5:$N$104,0)) | X14: =IF(N14="","",COUNT($N$5:$N$104)) | Y14: =IF(U14="","",IFERROR(INDEX('بانک راهکارها'!$C$5:$C$13,MATCH(U14,'بانک راهکارها'!$B$5:$B$13,0)),""))
A15: =IF(دانش‌آموزان!L15="","",دانش‌آموزان!B15) -> 11 | B15: =IF(A15="","",دانش‌آموزان!C15) -> 0252128788 | C15: =IF(A15="","",دانش‌آموزان!E15&" "&دانش‌آموزان!F15) -> مبين زمانزاده دربان | D15: =IF(A15="","",دانش‌آموزان!I15) -> 801 | E15: =IF(A15="","",IFERROR(AVERAGEIFS('ثبت اطلاعات'!$CC$5:$CC$1204,'ثبت اطلاعات'!$C$5:$C$1204,A15,'ثبت اطلاعات'!$CL$5:$CL$1204,"<>"),"")) -> 20 | F15: =IF(A15="","",IFERROR(AVERAGEIFS('ثبت اطلاعات'!$CD$5:$CD$1204,'ثبت اطلاعات'!$C$5:$C$1204,A15,'ثبت اطلاعات'!$CL$5:$CL$1204,"<>"),"")) -> 20 | G15: =IF(A15="","",IFERROR(AVERAGEIFS('ثبت اطلاعات'!$CE$5:$CE$1204,'ثبت اطلاعات'!$C$5:$C$1204,A15,'ثبت اطلاعات'!$CL$5:$CL$1204,"<>"),"")) -> 20 | H15: =IF(A15="","",IFERROR(AVERAGEIFS('ثبت اطلاعات'!$CF$5:$CF$1204,'ثبت اطلاعات'!$C$5:$C$1204,A15,'ثبت اطلاعات'!$CL$5:$CL$1204,"<>"),"")) -> 20 | I15: =IF(A15="","",IFERROR(AVERAGEIFS('ثبت اطلاعات'!$CG$5:$CG$1204,'ثبت اطلاعات'!$C$5:$C$1204,A15,'ثبت اطلاعات'!$CL$5:$CL$1204,"<>"),"")) -> 20 | J15: =IF(A15="","",IFERROR(AVERAGEIFS('ثبت اطلاعات'!$CH$5:$CH$1204,'ثبت اطلاعات'!$C$5:$C$1204,A15,'ثبت اطلاعات'!$CL$5:$CL$1204,"<>"),"")) | K15: =IF(A15="","",IFERROR(AVERAGEIFS('ثبت اطلاعات'!$CI$5:$CI$1204,'ثبت اطلاعات'!$C$5:$C$1204,A15,'ثبت اطلاعات'!$CL$5:$CL$1204,"<>"),"")) -> 20 | L15: =IF(A15="","",IFERROR(AVERAGEIFS('ثبت اطلاعات'!$CJ$5:$CJ$1204,'ثبت اطلاعات'!$C$5:$C$1204,A15,'ثبت اطلاعات'!$CL$5:$CL$1204,"<>"),"")) | M15: =IF(A15="","",IFERROR(AVERAGEIFS('ثبت اطلاعات'!$CK$5:$CK$1204,'ثبت اطلاعات'!$C$5:$C$1204,A15,'ثبت اطلاعات'!$CL$5:$CL$1204,"<>"),"")) | N15: =IF(A15="","",IFERROR(AVERAGEIFS('ثبت اطلاعات'!$CL$5:$CL$1204,'ثبت اطلاعات'!$C$5:$C$1204,A15,'ثبت اطلاعات'!$CL$5:$CL$1204,"<>"),"")) | O15: =IF(A15="","",COUNTIFS('ثبت اطلاعات'!$C$5:$C$1204,A15,'ثبت اطلاعات'!$CL$5:$CL$1204,"<>")) -> 12 | P15: =IF(O15=0,"",MINIFS('ثبت اطلاعات'!$CN$5:$CN$1204,'ثبت اطلاعات'!$C$5:$C$1204,A15,'ثبت اطلاعات'!$CL$5:$CL$1204,"<>")) -> #NAME? | Q15: =IF(O15=0,"",MAXIFS('ثبت اطلاعات'!$CN$5:$CN$1204,'ثبت اطلاعات'!$C$5:$C$1204,A15,'ثبت اطلاعات'!$CL$5:$CL$1204,"<>")) -> #NAME? | R15: =IF(O15<2,"",SUMIFS('ثبت اطلاعات'!$CL$5:$CL$1204,'ثبت اطلاعات'!$C$5:$C$1204,A15,'ثبت اطلاعات'!$CN$5:$CN$1204,Q15)-SUMIFS('ثبت اطلاعات'!$CL$5:$CL$1204,'ثبت اطلاعات'!$C$5:$C$1204,A15,'ثبت اطلاعات'!$CN$5:$CN$1204,P15)) -> 0 | S15: =IF(A15="","",IF(O15=0,"فاقد ارزیابی نهایی",IF(O15=1,"داده ناکافی",IF(R15>0.5,"پیشرفت",IF(R15<-0.5,"افت","ثبات"))))) -> ثبات | T15: =IF(N15="","",INDEX($E$4:$M$4,1,MATCH(MAX(E15:M15),E15:M15,0))) | U15: =IF(N15="","",INDEX($E$4:$M$4,1,MATCH(MIN(E15:M15),E15:M15,0))) | V15: =IF(N15="","",IF(N15>=17,"عالی",IF(N15>=14,"خوب",IF(N15>=10,"متوسط","ضعیف")))) | W15: =IF(N15="","",_xludf.RANK.EQ(N15,$N$5:$N$104,0)) | X15: =IF(N15="","",COUNT($N$5:$N$104)) | Y15: =IF(U15="","",IFERROR(INDEX('بانک راهکارها'!$C$5:$C$13,MATCH(U15,'بانک راهکارها'!$B$5:$B$13,0)),""))
A16: =IF(دانش‌آموزان!L16="","",دانش‌آموزان!B16) -> 12 | B16: =IF(A16="","",دانش‌آموزان!C16) -> 0980597838 | C16: =IF(A16="","",دانش‌آموزان!E16&" "&دانش‌آموزان!F16) -> كوروش سالاري هدكي | D16: =IF(A16="","",دانش‌آموزان!I16) -> 801 | E16: =IF(A16="","",IFERROR(AVERAGEIFS('ثبت اطلاعات'!$CC$5:$CC$1204,'ثبت اطلاعات'!$C$5:$C$1204,A16,'ثبت اطلاعات'!$CL$5:$CL$1204,"<>"),"")) -> 21 | F16: =IF(A16="","",IFERROR(AVERAGEIFS('ثبت اطلاعات'!$CD$5:$CD$1204,'ثبت اطلاعات'!$C$5:$C$1204,A16,'ثبت اطلاعات'!$CL$5:$CL$1204,"<>"),"")) -> 20 | G16: =IF(A16="","",IFERROR(AVERAGEIFS('ثبت اطلاعات'!$CE$5:$CE$1204,'ثبت اطلاعات'!$C$5:$C$1204,A16,'ثبت اطلاعات'!$CL$5:$CL$1204,"<>"),"")) -> 20 | H16: =IF(A16="","",IFERROR(AVERAGEIFS('ثبت اطلاعات'!$CF$5:$CF$1204,'ثبت اطلاعات'!$C$5:$C$1204,A16,'ثبت اطلاعات'!$CL$5:$CL$1204,"<>"),"")) -> 20 | I16: =IF(A16="","",IFERROR(AVERAGEIFS('ثبت اطلاعات'!$CG$5:$CG$1204,'ثبت اطلاعات'!$C$5:$C$1204,A16,'ثبت اطلاعات'!$CL$5:$CL$1204,"<>"),"")) -> 20 | J16: =IF(A16="","",IFERROR(AVERAGEIFS('ثبت اطلاعات'!$CH$5:$CH$1204,'ثبت اطلاعات'!$C$5:$C$1204,A16,'ثبت اطلاعات'!$CL$5:$CL$1204,"<>"),"")) | K16: =IF(A16="","",IFERROR(AVERAGEIFS('ثبت اطلاعات'!$CI$5:$CI$1204,'ثبت اطلاعات'!$C$5:$C$1204,A16,'ثبت اطلاعات'!$CL$5:$CL$1204,"<>"),"")) -> 20 | L16: =IF(A16="","",IFERROR(AVERAGEIFS('ثبت اطلاعات'!$CJ$5:$CJ$1204,'ثبت اطلاعات'!$C$5:$C$1204,A16,'ثبت اطلاعات'!$CL$5:$CL$1204,"<>"),"")) | M16: =IF(A16="","",IFERROR(AVERAGEIFS('ثبت اطلاعات'!$CK$5:$CK$1204,'ثبت اطلاعات'!$C$5:$C$1204,A16,'ثبت اطلاعات'!$CL$5:$CL$1204,"<>"),"")) | N16: =IF(A16="","",IFERROR(AVERAGEIFS('ثبت اطلاعات'!$CL$5:$CL$1204,'ثبت اطلاعات'!$C$5:$C$1204,A16,'ثبت اطلاعات'!$CL$5:$CL$1204,"<>"),"")) | O16: =IF(A16="","",COUNTIFS('ثبت اطلاعات'!$C$5:$C$1204,A16,'ثبت اطلاعات'!$CL$5:$CL$1204,"<>")) -> 12 | P16: =IF(O16=0,"",MINIFS('ثبت اطلاعات'!$CN$5:$CN$1204,'ثبت اطلاعات'!$C$5:$C$1204,A16,'ثبت اطلاعات'!$CL$5:$CL$1204,"<>")) -> #NAME? | Q16: =IF(O16=0,"",MAXIFS('ثبت اطلاعات'!$CN$5:$CN$1204,'ثبت اطلاعات'!$C$5:$C$1204,A16,'ثبت اطلاعات'!$CL$5:$CL$1204,"<>")) -> #NAME? | R16: =IF(O16<2,"",SUMIFS('ثبت اطلاعات'!$CL$5:$CL$1204,'ثبت اطلاعات'!$C$5:$C$1204,A16,'ثبت اطلاعات'!$CN$5:$CN$1204,Q16)-SUMIFS('ثبت اطلاعات'!$CL$5:$CL$1204,'ثبت اطلاعات'!$C$5:$C$1204,A16,'ثبت اطلاعات'!$CN$5:$CN$1204,P16)) -> 0 | S16: =IF(A16="","",IF(O16=0,"فاقد ارزیابی نهایی",IF(O16=1,"داده ناکافی",IF(R16>0.5,"پیشرفت",IF(R16<-0.5,"افت","ثبات"))))) -> ثبات | T16: =IF(N16="","",INDEX($E$4:$M$4,1,MATCH(MAX(E16:M16),E16:M16,0))) | U16: =IF(N16="","",INDEX($E$4:$M$4,1,MATCH(MIN(E16:M16),E16:M16,0))) | V16: =IF(N16="","",IF(N16>=17,"عالی",IF(N16>=14,"خوب",IF(N16>=10,"متوسط","ضعیف")))) | W16: =IF(N16="","",_xludf.RANK.EQ(N16,$N$5:$N$104,0)) | X16: =IF(N16="","",COUNT($N$5:$N$104)) | Y16: =IF(U16="","",IFERROR(INDEX('بانک راهکارها'!$C$5:$C$13,MATCH(U16,'بانک راهکارها'!$B$5:$B$13,0)),""))
... A104: =IF(دانش‌آموزان!L104="","",دانش‌آموزان!B104) | B104: =IF(A104="","",دانش‌آموزان!C104) | C104: =IF(A104="","",دانش‌آموزان!E104&" "&دانش‌آموزان!F104) | D104: =IF(A104="","",دانش‌آموزان!I104) | E104: =IF(A104="","",IFERROR(AVERAGEIFS('ثبت اطلاعات'!$CC$5:$CC$1204,'ثبت اطلاعات'!$C$5:$C$1204,A104,'ثبت اطلاعات'!$CL$5:$CL$1204,"<>"),"")) | F104: =IF(A104="","",IFERROR(AVERAGEIFS('ثبت اطلاعات'!$CD$5:$CD$1204,'ثبت اطلاعات'!$C$5:$C$1204,A104,'ثبت اطلاعات'!$CL$5:$CL$1204,"<>"),"")) | G104: =IF(A104="","",IFERROR(AVERAGEIFS('ثبت اطلاعات'!$CE$5:$CE$1204,'ثبت اطلاعات'!$C$5:$C$1204,A104,'ثبت اطلاعات'!$CL$5:$CL$1204,"<>"),"")) | H104: =IF(A104="","",IFERROR(AVERAGEIFS('ثبت اطلاعات'!$CF$5:$CF$1204,'ثبت اطلاعات'!$C$5:$C$1204,A104,'ثبت اطلاعات'!$CL$5:$CL$1204,"<>"),"")) | I104: =IF(A104="","",IFERROR(AVERAGEIFS('ثبت اطلاعات'!$CG$5:$CG$1204,'ثبت اطلاعات'!$C$5:$C$1204,A104,'ثبت اطلاعات'!$CL$5:$CL$1204,"<>"),"")) | J104: =IF(A104="","",IFERROR(AVERAGEIFS('ثبت اطلاعات'!$CH$5:$CH$1204,'ثبت اطلاعات'!$C$5:$C$1204,A104,'ثبت اطلاعات'!$CL$5:$CL$1204,"<>"),"")) | K104: =IF(A104="","",IFERROR(AVERAGEIFS('ثبت اطلاعات'!$CI$5:$CI$1204,'ثبت اطلاعات'!$C$5:$C$1204,A104,'ثبت اطلاعات'!$CL$5:$CL$1204,"<>"),"")) | L104: =IF(A104="","",IFERROR(AVERAGEIFS('ثبت اطلاعات'!$CJ$5:$CJ$1204,'ثبت اطلاعات'!$C$5:$C$1204,A104,'ثبت اطلاعات'!$CL$5:$CL$1204,"<>"),"")) | M104: =IF(A104="","",IFERROR(AVERAGEIFS('ثبت اطلاعات'!$CK$5:$CK$1204,'ثبت اطلاعات'!$C$5:$C$1204,A104,'ثبت اطلاعات'!$CL$5:$CL$1204,"<>"),"")) | N104: =IF(A104="","",IFERROR(AVERAGEIFS('ثبت اطلاعات'!$CL$5:$CL$1204,'ثبت اطلاعات'!$C$5:$C$1204,A104,'ثبت اطلاعات'!$CL$5:$CL$1204,"<>"),"")) | O104: =IF(A104="","",COUNTIFS('ثبت اطلاعات'!$C$5:$C$1204,A104,'ثبت اطلاعات'!$CL$5:$CL$1204,"<>")) | P104: =IF(O104=0,"",MINIFS('ثبت اطلاعات'!$CN$5:$CN$1204,'ثبت اطلاعات'!$C$5:$C$1204,A104,'ثبت اطلاعات'!$CL$5:$CL$1204,"<>")) -> #NAME? | Q104: =IF(O104=0,"",MAXIFS('ثبت اطلاعات'!$CN$5:$CN$1204,'ثبت اطلاعات'!$C$5:$C$1204,A104,'ثبت اطلاعات'!$CL$5:$CL$1204,"<>")) -> #NAME? | R104: =IF(O104<2,"",SUMIFS('ثبت اطلاعات'!$CL$5:$CL$1204,'ثبت اطلاعات'!$C$5:$C$1204,A104,'ثبت اطلاعات'!$CN$5:$CN$1204,Q104)-SUMIFS('ثبت اطلاعات'!$CL$5:$CL$1204,'ثبت اطلاعات'!$C$5:$C$1204,A104,'ثبت اطلاعات'!$CN$5:$CN$1204,P104)) -> 0 | S104: =IF(A104="","",IF(O104=0,"فاقد ارزیابی نهایی",IF(O104=1,"داده ناکافی",IF(R104>0.5,"پیشرفت",IF(R104<-0.5,"افت","ثبات"))))) | T104: =IF(N104="","",INDEX($E$4:$M$4,1,MATCH(MAX(E104:M104),E104:M104,0))) | U104: =IF(N104="","",INDEX($E$4:$M$4,1,MATCH(MIN(E104:M104),E104:M104,0))) | V104: =IF(N104="","",IF(N104>=17,"عالی",IF(N104>=14,"خوب",IF(N104>=10,"متوسط","ضعیف")))) | W104: =IF(N104="","",_xludf.RANK.EQ(N104,$N$5:$N$104,0)) | X104: =IF(N104="","",COUNT($N$5:$N$104)) | Y104: =IF(U104="","",IFERROR(INDEX('بانک راهکارها'!$C$5:$C$13,MATCH(U104,'بانک راهکارها'!$B$5:$B$13,0)),""))

Sheet گزارش دانش‌آموز
A1: گزارش دانش‌آموز
A2: کد محلی دانش‌آموز را در خانه زرد انتخاب کنید. گزارش فقط از ارزیابی‌های نهایی استفاده می‌کند.
A4: انتخاب دانش‌آموز | B4: کد محلی | C4: نام دانش‌آموز
A5: ورودی | B5: 1 | C5: =IFERROR(INDEX('تحلیل دانش‌آموزان'!$C$5:$C$104,MATCH(B5,'تحلیل دانش‌آموزان'!$A$5:$A$104,0)),"دانش‌آموزی ثبت نشده است") -> پارسا ادياني راد
A7: شاخص گزارش | B7: مقدار | D7: حوزه | E7: امتیاز | G7: ماه | H7: میانگین نهایی
A8: کد ملی | B8: =IFERROR(INDEX('تحلیل دانش‌آموزان'!$B$5:$B$104,MATCH($B$5,'تحلیل دانش‌آموزان'!$A$5:$A$104,0)),"") -> 0960551832 | D8: آموزشی | E8: =IFERROR(INDEX('تحلیل دانش‌آموزان'!$E$5:$E$104,MATCH($B$5,'تحلیل دانش‌آموزان'!$A$5:$A$104,0)),"") -> 28.228571 | G8: تیر | H8: =IFERROR(AVERAGEIFS('ثبت اطلاعات'!$CL$5:$CL$1204,'ثبت اطلاعات'!$C$5:$C$1204,$B$5,'ثبت اطلاعات'!$CN$5:$CN$1204,1,'ثبت اطلاعات'!$CL$5:$CL$1204,"<>"),"")
A9: کد کلاس | B9: =IFERROR(INDEX('تحلیل دانش‌آموزان'!$D$5:$D$104,MATCH($B$5,'تحلیل دانش‌آموزان'!$A$5:$A$104,0)),"") -> 801 | D9: پرورشی | E9: =IFERROR(INDEX('تحلیل دانش‌آموزان'!$F$5:$F$104,MATCH($B$5,'تحلیل دانش‌آموزان'!$A$5:$A$104,0)),"") -> 20 | G9: مرداد | H9: =IFERROR(AVERAGEIFS('ثبت اطلاعات'!$CL$5:$CL$1204,'ثبت اطلاعات'!$C$5:$C$1204,$B$5,'ثبت اطلاعات'!$CN$5:$CN$1204,2,'ثبت اطلاعات'!$CL$5:$CL$1204,"<>"),"")
A10: میانگین کل | B10: =IFERROR(INDEX('تحلیل دانش‌آموزان'!$N$5:$N$104,MATCH($B$5,'تحلیل دانش‌آموزان'!$A$5:$A$104,0)),"") | D10: تربیتی | E10: =IFERROR(INDEX('تحلیل دانش‌آموزان'!$G$5:$G$104,MATCH($B$5,'تحلیل دانش‌آموزان'!$A$5:$A$104,0)),"") -> 20 | G10: شهریور | H10: =IFERROR(AVERAGEIFS('ثبت اطلاعات'!$CL$5:$CL$1204,'ثبت اطلاعات'!$C$5:$C$1204,$B$5,'ثبت اطلاعات'!$CN$5:$CN$1204,3,'ثبت اطلاعات'!$CL$5:$CL$1204,"<>"),"")
A11: سطح | B11: =IFERROR(INDEX('تحلیل دانش‌آموزان'!$V$5:$V$104,MATCH($B$5,'تحلیل دانش‌آموزان'!$A$5:$A$104,0)),"") | D11: انضباطی | E11: =IFERROR(INDEX('تحلیل دانش‌آموزان'!$H$5:$H$104,MATCH($B$5,'تحلیل دانش‌آموزان'!$A$5:$A$104,0)),"") -> 20 | G11: مهر | H11: =IFERROR(AVERAGEIFS('ثبت اطلاعات'!$CL$5:$CL$1204,'ثبت اطلاعات'!$C$5:$C$1204,$B$5,'ثبت اطلاعات'!$CN$5:$CN$1204,4,'ثبت اطلاعات'!$CL$5:$CL$1204,"<>"),"")
A12: رتبه | B12: =IFERROR(INDEX('تحلیل دانش‌آموزان'!$W$5:$W$104,MATCH($B$5,'تحلیل دانش‌آموزان'!$A$5:$A$104,0)),"") | D12: فرهنگی | E12: =IFERROR(INDEX('تحلیل دانش‌آموزان'!$I$5:$I$104,MATCH($B$5,'تحلیل دانش‌آموزان'!$A$5:$A$104,0)),"") -> 20 | G12: آبان | H12: =IFERROR(AVERAGEIFS('ثبت اطلاعات'!$CL$5:$CL$1204,'ثبت اطلاعات'!$C$5:$C$1204,$B$5,'ثبت اطلاعات'!$CN$5:$CN$1204,5,'ثبت اطلاعات'!$CL$5:$CL$1204,"<>"),"")
A13: تعداد رتبه‌بندی‌شده | B13: =IFERROR(INDEX('تحلیل دانش‌آموزان'!$X$5:$X$104,MATCH($B$5,'تحلیل دانش‌آموزان'!$A$5:$A$104,0)),"") | D13: پژوهشی | E13: =IFERROR(INDEX('تحلیل دانش‌آموزان'!$J$5:$J$104,MATCH($B$5,'تحلیل دانش‌آموزان'!$A$5:$A$104,0)),"") | G13: آذر | H13: =IFERROR(AVERAGEIFS('ثبت اطلاعات'!$CL$5:$CL$1204,'ثبت اطلاعات'!$C$5:$C$1204,$B$5,'ثبت اطلاعات'!$CN$5:$CN$1204,6,'ثبت اطلاعات'!$CL$5:$CL$1204,"<>"),"")
A14: روند | B14: =IFERROR(INDEX('تحلیل دانش‌آموزان'!$S$5:$S$104,MATCH($B$5,'تحلیل دانش‌آموزان'!$A$5:$A$104,0)),"") -> ثبات | D14: ورزشی | E14: =IFERROR(INDEX('تحلیل دانش‌آموزان'!$K$5:$K$104,MATCH($B$5,'تحلیل دانش‌آموزان'!$A$5:$A$104,0)),"") -> 20 | G14: دی | H14: =IFERROR(AVERAGEIFS('ثبت اطلاعات'!$CL$5:$CL$1204,'ثبت اطلاعات'!$C$5:$C$1204,$B$5,'ثبت اطلاعات'!$CN$5:$CN$1204,7,'ثبت اطلاعات'!$CL$5:$CL$1204,"<>"),"")
A15: قوی‌ترین حوزه | B15: =IFERROR(INDEX('تحلیل دانش‌آموزان'!$T$5:$T$104,MATCH($B$5,'تحلیل دانش‌آموزان'!$A$5:$A$104,0)),"") | D15: هنری | E15: =IFERROR(INDEX('تحلیل دانش‌آموزان'!$L$5:$L$104,MATCH($B$5,'تحلیل دانش‌آموزان'!$A$5:$A$104,0)),"") | G15: بهمن | H15: =IFERROR(AVERAGEIFS('ثبت اطلاعات'!$CL$5:$CL$1204,'ثبت اطلاعات'!$C$5:$C$1204,$B$5,'ثبت اطلاعات'!$CN$5:$CN$1204,8,'ثبت اطلاعات'!$CL$5:$CL$1204,"<>"),"")
A16: ضعیف‌ترین حوزه | B16: =IFERROR(INDEX('تحلیل دانش‌آموزان'!$U$5:$U$104,MATCH($B$5,'تحلیل دانش‌آموزان'!$A$5:$A$104,0)),"") | D16: مهارت‌های فردی | E16: =IFERROR(INDEX('تحلیل دانش‌آموزان'!$M$5:$M$104,MATCH($B$5,'تحلیل دانش‌آموزان'!$A$5:$A$104,0)),"") | G16: اسفند | H16: =IFERROR(AVERAGEIFS('ثبت اطلاعات'!$CL$5:$CL$1204,'ثبت اطلاعات'!$C$5:$C$1204,$B$5,'ثبت اطلاعات'!$CN$5:$CN$1204,9,'ثبت اطلاعات'!$CL$5:$CL$1204,"<>"),"")
A17: پیشنهاد | B17: =IFERROR(INDEX('تحلیل دانش‌آموزان'!$Y$5:$Y$104,MATCH($B$5,'تحلیل دانش‌آموزان'!$A$5:$A$104,0)),"") | G17: فروردین | H17: =IFERROR(AVERAGEIFS('ثبت اطلاعات'!$CL$5:$CL$1204,'ثبت اطلاعات'!$C$5:$C$1204,$B$5,'ثبت اطلاعات'!$CN$5:$CN$1204,10,'ثبت اطلاعات'!$CL$5:$CL$1204,"<>"),"")
G18: اردیبهشت | H18: =IFERROR(AVERAGEIFS('ثبت اطلاعات'!$CL$5:$CL$1204,'ثبت اطلاعات'!$C$5:$C$1204,$B$5,'ثبت اطلاعات'!$CN$5:$CN$1204,11,'ثبت اطلاعات'!$CL$5:$CL$1204,"<>"),"")
G19: خرداد | H19: =IFERROR(AVERAGEIFS('ثبت اطلاعات'!$CL$5:$CL$1204,'ثبت اطلاعات'!$C$5:$C$1204,$B$5,'ثبت اطلاعات'!$CN$5:$CN$1204,12,'ثبت اطلاعات'!$CL$5:$CL$1204,"<>"),"")

Sheet داشبورد
A1: داشبورد مدرسه
A2: نمای کلی کلاس‌ها، دانش‌آموزان و ارزیابی‌های نهایی. همه شاخص‌ها از شیت‌های ورودی به‌روزرسانی می‌شوند.
A4: تعداد کلاس | C4: دانش‌آموز ثبت‌شده | E4: ارزیابی نهایی | G4: ارزیابی موقت
A5: =COUNTIF(کلاس‌بندی!$D$5:$D$34,"<>") -> 1 | C5: =COUNTIF(دانش‌آموزان!$E$5:$E$104,"?*") -> 69 | E5: =COUNT('ثبت اطلاعات'!$CL$5:$CL$1204) -> 0 | G5: =COUNTIF('ثبت اطلاعات'!$CM$5:$CM$1204,"موقت*") -> 80
A8: ماه | B8: میانگین نهایی مدرسه | D8: حوزه | E8: میانگین مدرسه | G8: سطح | H8: تعداد دانش‌آموز
A9: تیر | B9: =IFERROR(AVERAGEIFS('ثبت اطلاعات'!$CL$5:$CL$1204,'ثبت اطلاعات'!$CN$5:$CN$1204,1,'ثبت اطلاعات'!$CL$5:$CL$1204,"<>"),"") | D9: آموزشی | E9: =IFERROR(AVERAGE('ثبت اطلاعات'!$CC$5:$CC$1204),"") -> 26.701571 | G9: عالی | H9: =COUNTIF('تحلیل دانش‌آموزان'!$V$5:$V$104,G9) -> 0
A10: مرداد | B10: =IFERROR(AVERAGEIFS('ثبت اطلاعات'!$CL$5:$CL$1204,'ثبت اطلاعات'!$CN$5:$CN$1204,2,'ثبت اطلاعات'!$CL$5:$CL$1204,"<>"),"") | D10: پرورشی | E10: =IFERROR(AVERAGE('ثبت اطلاعات'!$CD$5:$CD$1204),"") -> 20 | G10: خوب | H10: =COUNTIF('تحلیل دانش‌آموزان'!$V$5:$V$104,G10) -> 0
A11: شهریور | B11: =IFERROR(AVERAGEIFS('ثبت اطلاعات'!$CL$5:$CL$1204,'ثبت اطلاعات'!$CN$5:$CN$1204,3,'ثبت اطلاعات'!$CL$5:$CL$1204,"<>"),"") | D11: تربیتی | E11: =IFERROR(AVERAGE('ثبت اطلاعات'!$CE$5:$CE$1204),"") -> 20 | G11: متوسط | H11: =COUNTIF('تحلیل دانش‌آموزان'!$V$5:$V$104,G11) -> 0
A12: مهر | B12: =IFERROR(AVERAGEIFS('ثبت اطلاعات'!$CL$5:$CL$1204,'ثبت اطلاعات'!$CN$5:$CN$1204,4,'ثبت اطلاعات'!$CL$5:$CL$1204,"<>"),"") | D12: انضباطی | E12: =IFERROR(AVERAGE('ثبت اطلاعات'!$CF$5:$CF$1204),"") -> 20 | G12: ضعیف | H12: =COUNTIF('تحلیل دانش‌آموزان'!$V$5:$V$104,G12) -> 0
A13: آبان | B13: =IFERROR(AVERAGEIFS('ثبت اطلاعات'!$CL$5:$CL$1204,'ثبت اطلاعات'!$CN$5:$CN$1204,5,'ثبت اطلاعات'!$CL$5:$CL$1204,"<>"),"") | D13: فرهنگی | E13: =IFERROR(AVERAGE('ثبت اطلاعات'!$CG$5:$CG$1204),"") -> 20
A14: آذر | B14: =IFERROR(AVERAGEIFS('ثبت اطلاعات'!$CL$5:$CL$1204,'ثبت اطلاعات'!$CN$5:$CN$1204,6,'ثبت اطلاعات'!$CL$5:$CL$1204,"<>"),"") | D14: پژوهشی | E14: =IFERROR(AVERAGE('ثبت اطلاعات'!$CH$5:$CH$1204),"")
A15: دی | B15: =IFERROR(AVERAGEIFS('ثبت اطلاعات'!$CL$5:$CL$1204,'ثبت اطلاعات'!$CN$5:$CN$1204,7,'ثبت اطلاعات'!$CL$5:$CL$1204,"<>"),"") | D15: ورزشی | E15: =IFERROR(AVERAGE('ثبت اطلاعات'!$CI$5:$CI$1204),"") -> 20
A16: بهمن | B16: =IFERROR(AVERAGEIFS('ثبت اطلاعات'!$CL$5:$CL$1204,'ثبت اطلاعات'!$CN$5:$CN$1204,8,'ثبت اطلاعات'!$CL$5:$CL$1204,"<>"),"") | D16: هنری | E16: =IFERROR(AVERAGE('ثبت اطلاعات'!$CJ$5:$CJ$1204),"")
A17: اسفند | B17: =IFERROR(AVERAGEIFS('ثبت اطلاعات'!$CL$5:$CL$1204,'ثبت اطلاعات'!$CN$5:$CN$1204,9,'ثبت اطلاعات'!$CL$5:$CL$1204,"<>"),"") | D17: مهارت‌های فردی | E17: =IFERROR(AVERAGE('ثبت اطلاعات'!$CK$5:$CK$1204),"")
A18: فروردین | B18: =IFERROR(AVERAGEIFS('ثبت اطلاعات'!$CL$5:$CL$1204,'ثبت اطلاعات'!$CN$5:$CN$1204,10,'ثبت اطلاعات'!$CL$5:$CL$1204,"<>"),"")
A19: اردیبهشت | B19: =IFERROR(AVERAGEIFS('ثبت اطلاعات'!$CL$5:$CL$1204,'ثبت اطلاعات'!$CN$5:$CN$1204,11,'ثبت اطلاعات'!$CL$5:$CL$1204,"<>"),"")
A20: خرداد | B20: =IFERROR(AVERAGEIFS('ثبت اطلاعات'!$CL$5:$CL$1204,'ثبت اطلاعات'!$CN$5:$CN$1204,12,'ثبت اطلاعات'!$CL$5:$CL$1204,"<>"),"")
